solid OpenSCAD_Model
  facet normal 0.321574 -0.946885 0
    outer loop
      vertex 83.0764 -33.6978 0
      vertex 83.448 -33.5716 9.6
      vertex 83.0764 -33.6978 9.6
    endloop
  endfacet
  facet normal 0.321574 -0.946885 0
    outer loop
      vertex 83.448 -33.5716 9.6
      vertex 83.0764 -33.6978 0
      vertex 83.448 -33.5716 0
    endloop
  endfacet
  facet normal -0.194989 0.980806 0
    outer loop
      vertex -82.6916 33.7743 0
      vertex -83.0764 33.6978 9.6
      vertex -82.6916 33.7743 9.6
    endloop
  endfacet
  facet normal -0.194989 0.980806 0
    outer loop
      vertex -83.0764 33.6978 9.6
      vertex -82.6916 33.7743 0
      vertex -83.0764 33.6978 0
    endloop
  endfacet
  facet normal 0.194989 -0.980806 0
    outer loop
      vertex 82.6916 -33.7743 0
      vertex 83.0764 -33.6978 9.6
      vertex 82.6916 -33.7743 9.6
    endloop
  endfacet
  facet normal 0.194989 -0.980806 0
    outer loop
      vertex 83.0764 -33.6978 9.6
      vertex 82.6916 -33.7743 0
      vertex 83.0764 -33.6978 0
    endloop
  endfacet
  facet normal 0.44211 0.896961 -0
    outer loop
      vertex 83.8 33.3981 0
      vertex 83.448 33.5716 9.6
      vertex 83.8 33.3981 9.6
    endloop
  endfacet
  facet normal 0.44211 0.896961 0
    outer loop
      vertex 83.448 33.5716 9.6
      vertex 83.8 33.3981 0
      vertex 83.448 33.5716 0
    endloop
  endfacet
  facet normal -0.997853 0.0654873 0
    outer loop
      vertex -85.3 30.8 0
      vertex -85.2743 31.1916 9.6
      vertex -85.2743 31.1916 0
    endloop
  endfacet
  facet normal -0.997853 0.0654873 0
    outer loop
      vertex -85.2743 31.1916 9.6
      vertex -85.3 30.8 0
      vertex -85.3 30.8 9.6
    endloop
  endfacet
  facet normal 0 0 1
    outer loop
      vertex -85.3 -30.8 9.6
      vertex -82.9 -30.8 9.6
      vertex -82.9 -3.95461 9.6
    endloop
  endfacet
  facet normal 0 -0 1
    outer loop
      vertex -85.2743 -31.1916 9.6
      vertex -82.9 -30.8 9.6
      vertex -85.3 -30.8 9.6
    endloop
  endfacet
  facet normal 0 0 1
    outer loop
      vertex -82.9 -30.8 9.6
      vertex -83.448 -33.5716 9.6
      vertex -83.0764 -33.6978 9.6
    endloop
  endfacet
  facet normal 0 0 1
    outer loop
      vertex -82.9 -30.8 9.6
      vertex -83.8 -33.3981 9.6
      vertex -83.448 -33.5716 9.6
    endloop
  endfacet
  facet normal 0 0 1
    outer loop
      vertex -82.9 -30.8 9.6
      vertex -84.1263 -33.1801 9.6
      vertex -83.8 -33.3981 9.6
    endloop
  endfacet
  facet normal 0 0 1
    outer loop
      vertex -82.9 -30.8 9.6
      vertex -84.4213 -32.9213 9.6
      vertex -84.1263 -33.1801 9.6
    endloop
  endfacet
  facet normal 0 0 1
    outer loop
      vertex -82.9 -30.8 9.6
      vertex -84.6801 -32.6263 9.6
      vertex -84.4213 -32.9213 9.6
    endloop
  endfacet
  facet normal 0 0 1
    outer loop
      vertex -82.9 -30.8 9.6
      vertex -84.8981 -32.3 9.6
      vertex -84.6801 -32.6263 9.6
    endloop
  endfacet
  facet normal 0 0 1
    outer loop
      vertex -82.9 -30.8 9.6
      vertex -85.0716 -31.948 9.6
      vertex -84.8981 -32.3 9.6
    endloop
  endfacet
  facet normal 0 0 1
    outer loop
      vertex -82.9 -30.8 9.6
      vertex -85.1978 -31.5764 9.6
      vertex -85.0716 -31.948 9.6
    endloop
  endfacet
  facet normal 0 0 1
    outer loop
      vertex -85.3 -30.8 9.6
      vertex -82.9 -3.95461 9.6
      vertex -85.3 -3.95461 9.6
    endloop
  endfacet
  facet normal 0 0 1
    outer loop
      vertex -82.9 -30.8 9.6
      vertex -85.2743 -31.1916 9.6
      vertex -85.1978 -31.5764 9.6
    endloop
  endfacet
  facet normal 0 0 1
    outer loop
      vertex 82.9 30.8 9.6
      vertex 85.3 30.8 9.6
      vertex 85.2743 31.1916 9.6
    endloop
  endfacet
  facet normal 0 0 1
    outer loop
      vertex 85.3 30.8 9.6
      vertex 82.9 30.8 9.6
      vertex 85.3 -30.8 9.6
    endloop
  endfacet
  facet normal 0 0 1
    outer loop
      vertex 82.8949 30.8783 9.6
      vertex 85.2743 31.1916 9.6
      vertex 85.1978 31.5764 9.6
    endloop
  endfacet
  facet normal 0 0 1
    outer loop
      vertex 82.9 -30.8 9.6
      vertex 85.3 -30.8 9.6
      vertex 82.9 30.8 9.6
    endloop
  endfacet
  facet normal 0 0 1
    outer loop
      vertex 82.8795 30.9553 9.6
      vertex 85.1978 31.5764 9.6
      vertex 85.0716 31.948 9.6
    endloop
  endfacet
  facet normal 0 0 1
    outer loop
      vertex 85.3 -30.8 9.6
      vertex 82.9 -30.8 9.6
      vertex 85.2743 -31.1916 9.6
    endloop
  endfacet
  facet normal 0 0 1
    outer loop
      vertex 82.8543 31.0296 9.6
      vertex 85.0716 31.948 9.6
      vertex 84.8981 32.3 9.6
    endloop
  endfacet
  facet normal -0 0 1
    outer loop
      vertex 82.8949 -30.8783 9.6
      vertex 85.2743 -31.1916 9.6
      vertex 82.9 -30.8 9.6
    endloop
  endfacet
  facet normal 0 0 1
    outer loop
      vertex 82.8196 31.1 9.6
      vertex 84.8981 32.3 9.6
      vertex 84.6801 32.6263 9.6
    endloop
  endfacet
  facet normal 0 0 1
    outer loop
      vertex 85.2743 -31.1916 9.6
      vertex 82.8949 -30.8783 9.6
      vertex 85.1978 -31.5764 9.6
    endloop
  endfacet
  facet normal 0 0 1
    outer loop
      vertex 82.776 31.1652 9.6
      vertex 84.6801 32.6263 9.6
      vertex 84.4213 32.9213 9.6
    endloop
  endfacet
  facet normal -0 0 1
    outer loop
      vertex 82.8795 -30.9553 9.6
      vertex 85.1978 -31.5764 9.6
      vertex 82.8949 -30.8783 9.6
    endloop
  endfacet
  facet normal 0 0 1
    outer loop
      vertex 82.7243 31.2243 9.6
      vertex 84.4213 32.9213 9.6
      vertex 84.1263 33.1801 9.6
    endloop
  endfacet
  facet normal 0 0 1
    outer loop
      vertex 85.1978 -31.5764 9.6
      vertex 82.8795 -30.9553 9.6
      vertex 85.0716 -31.948 9.6
    endloop
  endfacet
  facet normal 0 0 1
    outer loop
      vertex 82.6652 31.276 9.6
      vertex 84.1263 33.1801 9.6
      vertex 83.8 33.3981 9.6
    endloop
  endfacet
  facet normal -0 0 1
    outer loop
      vertex 82.8543 -31.0296 9.6
      vertex 85.0716 -31.948 9.6
      vertex 82.8795 -30.9553 9.6
    endloop
  endfacet
  facet normal 0 0 1
    outer loop
      vertex 82.6 31.3196 9.6
      vertex 83.8 33.3981 9.6
      vertex 83.448 33.5716 9.6
    endloop
  endfacet
  facet normal 0 0 1
    outer loop
      vertex 85.0716 -31.948 9.6
      vertex 82.8543 -31.0296 9.6
      vertex 84.8981 -32.3 9.6
    endloop
  endfacet
  facet normal 0 0 1
    outer loop
      vertex 82.5296 31.3543 9.6
      vertex 83.448 33.5716 9.6
      vertex 83.0764 33.6978 9.6
    endloop
  endfacet
  facet normal -0 0 1
    outer loop
      vertex 82.8196 -31.1 9.6
      vertex 84.8981 -32.3 9.6
      vertex 82.8543 -31.0296 9.6
    endloop
  endfacet
  facet normal 0 0 1
    outer loop
      vertex 84.8981 -32.3 9.6
      vertex 82.8196 -31.1 9.6
      vertex 84.6801 -32.6263 9.6
    endloop
  endfacet
  facet normal 0 0 1
    outer loop
      vertex 85.2743 31.1916 9.6
      vertex 82.8949 30.8783 9.6
      vertex 82.9 30.8 9.6
    endloop
  endfacet
  facet normal 0 0 1
    outer loop
      vertex 85.1978 31.5764 9.6
      vertex 82.8795 30.9553 9.6
      vertex 82.8949 30.8783 9.6
    endloop
  endfacet
  facet normal 0 0 1
    outer loop
      vertex 85.0716 31.948 9.6
      vertex 82.8543 31.0296 9.6
      vertex 82.8795 30.9553 9.6
    endloop
  endfacet
  facet normal 0 0 1
    outer loop
      vertex 84.8981 32.3 9.6
      vertex 82.8196 31.1 9.6
      vertex 82.8543 31.0296 9.6
    endloop
  endfacet
  facet normal 0 0 1
    outer loop
      vertex 84.6801 32.6263 9.6
      vertex 82.776 31.1652 9.6
      vertex 82.8196 31.1 9.6
    endloop
  endfacet
  facet normal 0 0 1
    outer loop
      vertex 84.4213 32.9213 9.6
      vertex 82.7243 31.2243 9.6
      vertex 82.776 31.1652 9.6
    endloop
  endfacet
  facet normal 0 0 1
    outer loop
      vertex 82.4553 31.3795 9.6
      vertex 83.0764 33.6978 9.6
      vertex 82.6916 33.7743 9.6
    endloop
  endfacet
  facet normal 0 0 1
    outer loop
      vertex 84.1263 33.1801 9.6
      vertex 82.6652 31.276 9.6
      vertex 82.7243 31.2243 9.6
    endloop
  endfacet
  facet normal 0 0 1
    outer loop
      vertex 83.8 33.3981 9.6
      vertex 82.6 31.3196 9.6
      vertex 82.6652 31.276 9.6
    endloop
  endfacet
  facet normal 0 0 1
    outer loop
      vertex 83.448 33.5716 9.6
      vertex 82.5296 31.3543 9.6
      vertex 82.6 31.3196 9.6
    endloop
  endfacet
  facet normal 0 0 1
    outer loop
      vertex 83.0764 33.6978 9.6
      vertex 82.4553 31.3795 9.6
      vertex 82.5296 31.3543 9.6
    endloop
  endfacet
  facet normal 0 0 1
    outer loop
      vertex 82.6916 33.7743 9.6
      vertex 82.3783 31.3949 9.6
      vertex 82.4553 31.3795 9.6
    endloop
  endfacet
  facet normal 0 0 1
    outer loop
      vertex 82.3 33.8 9.6
      vertex 82.3783 31.3949 9.6
      vertex 82.6916 33.7743 9.6
    endloop
  endfacet
  facet normal 0 0 1
    outer loop
      vertex 82.3 33.8 9.6
      vertex 82.3 31.4 9.6
      vertex 82.3783 31.3949 9.6
    endloop
  endfacet
  facet normal -0 0 1
    outer loop
      vertex -82.3 33.8 9.6
      vertex 82.3 31.4 9.6
      vertex 82.3 33.8 9.6
    endloop
  endfacet
  facet normal 0 0 1
    outer loop
      vertex -82.3 33.8 9.6
      vertex -82.3 31.4 9.6
      vertex 82.3 31.4 9.6
    endloop
  endfacet
  facet normal 0 0 1
    outer loop
      vertex -82.3 33.8 9.6
      vertex -82.3783 31.3949 9.6
      vertex -82.3 31.4 9.6
    endloop
  endfacet
  facet normal -0 0 1
    outer loop
      vertex -82.6916 33.7743 9.6
      vertex -82.3783 31.3949 9.6
      vertex -82.3 33.8 9.6
    endloop
  endfacet
  facet normal 0 0 1
    outer loop
      vertex -82.3783 31.3949 9.6
      vertex -82.6916 33.7743 9.6
      vertex -82.4553 31.3795 9.6
    endloop
  endfacet
  facet normal -0 0 1
    outer loop
      vertex -83.0764 33.6978 9.6
      vertex -82.4553 31.3795 9.6
      vertex -82.6916 33.7743 9.6
    endloop
  endfacet
  facet normal 0 0 1
    outer loop
      vertex -82.4553 31.3795 9.6
      vertex -83.0764 33.6978 9.6
      vertex -82.5296 31.3543 9.6
    endloop
  endfacet
  facet normal -0 0 1
    outer loop
      vertex -83.448 33.5716 9.6
      vertex -82.5296 31.3543 9.6
      vertex -83.0764 33.6978 9.6
    endloop
  endfacet
  facet normal 0 0 1
    outer loop
      vertex -82.5296 31.3543 9.6
      vertex -83.448 33.5716 9.6
      vertex -82.6 31.3196 9.6
    endloop
  endfacet
  facet normal -0 0 1
    outer loop
      vertex -83.8 33.3981 9.6
      vertex -82.6 31.3196 9.6
      vertex -83.448 33.5716 9.6
    endloop
  endfacet
  facet normal 0 0 1
    outer loop
      vertex -82.6 31.3196 9.6
      vertex -83.8 33.3981 9.6
      vertex -82.6652 31.276 9.6
    endloop
  endfacet
  facet normal -0 0 1
    outer loop
      vertex -84.1263 33.1801 9.6
      vertex -82.6652 31.276 9.6
      vertex -83.8 33.3981 9.6
    endloop
  endfacet
  facet normal 0 0 1
    outer loop
      vertex -82.6652 31.276 9.6
      vertex -84.1263 33.1801 9.6
      vertex -82.7243 31.2243 9.6
    endloop
  endfacet
  facet normal -0 0 1
    outer loop
      vertex -84.4213 32.9213 9.6
      vertex -82.7243 31.2243 9.6
      vertex -84.1263 33.1801 9.6
    endloop
  endfacet
  facet normal 0 0 1
    outer loop
      vertex -82.7243 31.2243 9.6
      vertex -84.4213 32.9213 9.6
      vertex -82.776 31.1652 9.6
    endloop
  endfacet
  facet normal -0 0 1
    outer loop
      vertex -84.6801 32.6263 9.6
      vertex -82.776 31.1652 9.6
      vertex -84.4213 32.9213 9.6
    endloop
  endfacet
  facet normal 0 0 1
    outer loop
      vertex -82.776 31.1652 9.6
      vertex -84.6801 32.6263 9.6
      vertex -82.8196 31.1 9.6
    endloop
  endfacet
  facet normal -0 0 1
    outer loop
      vertex -84.8981 32.3 9.6
      vertex -82.8196 31.1 9.6
      vertex -84.6801 32.6263 9.6
    endloop
  endfacet
  facet normal 0 0 1
    outer loop
      vertex -82.8196 31.1 9.6
      vertex -84.8981 32.3 9.6
      vertex -82.8543 31.0296 9.6
    endloop
  endfacet
  facet normal -0 0 1
    outer loop
      vertex -85.0716 31.948 9.6
      vertex -82.8543 31.0296 9.6
      vertex -84.8981 32.3 9.6
    endloop
  endfacet
  facet normal 0 0 1
    outer loop
      vertex -82.8543 31.0296 9.6
      vertex -85.0716 31.948 9.6
      vertex -82.8795 30.9553 9.6
    endloop
  endfacet
  facet normal -0 0 1
    outer loop
      vertex -85.1978 31.5764 9.6
      vertex -82.8795 30.9553 9.6
      vertex -85.0716 31.948 9.6
    endloop
  endfacet
  facet normal 0 0 1
    outer loop
      vertex -82.8795 30.9553 9.6
      vertex -85.1978 31.5764 9.6
      vertex -82.8949 30.8783 9.6
    endloop
  endfacet
  facet normal -0 0 1
    outer loop
      vertex -85.2743 31.1916 9.6
      vertex -82.8949 30.8783 9.6
      vertex -85.1978 31.5764 9.6
    endloop
  endfacet
  facet normal 0 0 1
    outer loop
      vertex -82.8949 30.8783 9.6
      vertex -85.2743 31.1916 9.6
      vertex -82.9 30.8 9.6
    endloop
  endfacet
  facet normal 0 0 1
    outer loop
      vertex -82.9 30.8 9.6
      vertex -85.2743 31.1916 9.6
      vertex -85.3 30.8 9.6
    endloop
  endfacet
  facet normal 0 0 1
    outer loop
      vertex -82.9 30.8 9.6
      vertex -85.3 30.8 9.6
      vertex -82.9 3.95461 9.6
    endloop
  endfacet
  facet normal 0 0 1
    outer loop
      vertex -82.9 3.95461 9.6
      vertex -85.3 30.8 9.6
      vertex -85.3 3.95461 9.6
    endloop
  endfacet
  facet normal -0 0 1
    outer loop
      vertex 82.776 -31.1652 9.6
      vertex 84.6801 -32.6263 9.6
      vertex 82.8196 -31.1 9.6
    endloop
  endfacet
  facet normal 0 0 1
    outer loop
      vertex 84.6801 -32.6263 9.6
      vertex 82.776 -31.1652 9.6
      vertex 84.4213 -32.9213 9.6
    endloop
  endfacet
  facet normal -0 0 1
    outer loop
      vertex 82.7243 -31.2243 9.6
      vertex 84.4213 -32.9213 9.6
      vertex 82.776 -31.1652 9.6
    endloop
  endfacet
  facet normal 0 0 1
    outer loop
      vertex 84.4213 -32.9213 9.6
      vertex 82.7243 -31.2243 9.6
      vertex 84.1263 -33.1801 9.6
    endloop
  endfacet
  facet normal -0 0 1
    outer loop
      vertex 82.6652 -31.276 9.6
      vertex 84.1263 -33.1801 9.6
      vertex 82.7243 -31.2243 9.6
    endloop
  endfacet
  facet normal 0 0 1
    outer loop
      vertex 84.1263 -33.1801 9.6
      vertex 82.6652 -31.276 9.6
      vertex 83.8 -33.3981 9.6
    endloop
  endfacet
  facet normal -0 0 1
    outer loop
      vertex 82.6 -31.3196 9.6
      vertex 83.8 -33.3981 9.6
      vertex 82.6652 -31.276 9.6
    endloop
  endfacet
  facet normal 0 0 1
    outer loop
      vertex 83.8 -33.3981 9.6
      vertex 82.6 -31.3196 9.6
      vertex 83.448 -33.5716 9.6
    endloop
  endfacet
  facet normal -0 0 1
    outer loop
      vertex 82.5296 -31.3543 9.6
      vertex 83.448 -33.5716 9.6
      vertex 82.6 -31.3196 9.6
    endloop
  endfacet
  facet normal 0 0 1
    outer loop
      vertex 83.448 -33.5716 9.6
      vertex 82.5296 -31.3543 9.6
      vertex 83.0764 -33.6978 9.6
    endloop
  endfacet
  facet normal -0 0 1
    outer loop
      vertex 82.4553 -31.3795 9.6
      vertex 83.0764 -33.6978 9.6
      vertex 82.5296 -31.3543 9.6
    endloop
  endfacet
  facet normal 0 0 1
    outer loop
      vertex 83.0764 -33.6978 9.6
      vertex 82.4553 -31.3795 9.6
      vertex 82.6916 -33.7743 9.6
    endloop
  endfacet
  facet normal -0 0 1
    outer loop
      vertex 82.3783 -31.3949 9.6
      vertex 82.6916 -33.7743 9.6
      vertex 82.4553 -31.3795 9.6
    endloop
  endfacet
  facet normal -0 0 1
    outer loop
      vertex 82.3 -31.4 9.6
      vertex 82.6916 -33.7743 9.6
      vertex 82.3783 -31.3949 9.6
    endloop
  endfacet
  facet normal 0 0 1
    outer loop
      vertex 82.3 -31.4 9.6
      vertex 82.3 -33.8 9.6
      vertex 82.6916 -33.7743 9.6
    endloop
  endfacet
  facet normal -0 0 1
    outer loop
      vertex -82.3 -31.4 9.6
      vertex 82.3 -33.8 9.6
      vertex 82.3 -31.4 9.6
    endloop
  endfacet
  facet normal 0 0 1
    outer loop
      vertex -82.3 -31.4 9.6
      vertex -82.3 -33.8 9.6
      vertex 82.3 -33.8 9.6
    endloop
  endfacet
  facet normal 0 0 1
    outer loop
      vertex -82.3783 -31.3949 9.6
      vertex -82.3 -33.8 9.6
      vertex -82.3 -31.4 9.6
    endloop
  endfacet
  facet normal 0 0 1
    outer loop
      vertex -82.6916 -33.7743 9.6
      vertex -82.3783 -31.3949 9.6
      vertex -82.4553 -31.3795 9.6
    endloop
  endfacet
  facet normal 0 0 1
    outer loop
      vertex -83.0764 -33.6978 9.6
      vertex -82.4553 -31.3795 9.6
      vertex -82.5296 -31.3543 9.6
    endloop
  endfacet
  facet normal 0 0 1
    outer loop
      vertex -83.0764 -33.6978 9.6
      vertex -82.5296 -31.3543 9.6
      vertex -82.6 -31.3196 9.6
    endloop
  endfacet
  facet normal 0 0 1
    outer loop
      vertex -83.0764 -33.6978 9.6
      vertex -82.6 -31.3196 9.6
      vertex -82.6652 -31.276 9.6
    endloop
  endfacet
  facet normal 0 0 1
    outer loop
      vertex -82.3783 -31.3949 9.6
      vertex -82.6916 -33.7743 9.6
      vertex -82.3 -33.8 9.6
    endloop
  endfacet
  facet normal 0 0 1
    outer loop
      vertex -83.0764 -33.6978 9.6
      vertex -82.6652 -31.276 9.6
      vertex -82.7243 -31.2243 9.6
    endloop
  endfacet
  facet normal 0 0 1
    outer loop
      vertex -83.0764 -33.6978 9.6
      vertex -82.7243 -31.2243 9.6
      vertex -82.776 -31.1652 9.6
    endloop
  endfacet
  facet normal 0 0 1
    outer loop
      vertex -83.0764 -33.6978 9.6
      vertex -82.776 -31.1652 9.6
      vertex -82.8196 -31.1 9.6
    endloop
  endfacet
  facet normal 0 0 1
    outer loop
      vertex -83.0764 -33.6978 9.6
      vertex -82.8196 -31.1 9.6
      vertex -82.8543 -31.0296 9.6
    endloop
  endfacet
  facet normal 0 0 1
    outer loop
      vertex -83.0764 -33.6978 9.6
      vertex -82.8543 -31.0296 9.6
      vertex -82.8795 -30.9553 9.6
    endloop
  endfacet
  facet normal 0 0 1
    outer loop
      vertex -83.0764 -33.6978 9.6
      vertex -82.8795 -30.9553 9.6
      vertex -82.8949 -30.8783 9.6
    endloop
  endfacet
  facet normal 0 0 1
    outer loop
      vertex -82.4553 -31.3795 9.6
      vertex -83.0764 -33.6978 9.6
      vertex -82.6916 -33.7743 9.6
    endloop
  endfacet
  facet normal 0 0 1
    outer loop
      vertex -83.0764 -33.6978 9.6
      vertex -82.8949 -30.8783 9.6
      vertex -82.9 -30.8 9.6
    endloop
  endfacet
  facet normal -1 0 0
    outer loop
      vertex -85.3 4.68219 7.47496
      vertex -85.3 30.8 9.6
      vertex -85.3 30.8 0
    endloop
  endfacet
  facet normal -1 0 0
    outer loop
      vertex -85.3 30.8 9.6
      vertex -85.3 4.73297 7.73026
      vertex -85.3 4.75 7.99001
    endloop
  endfacet
  facet normal -1 0 0
    outer loop
      vertex -85.3 30.8 9.6
      vertex -85.3 4.68219 7.47496
      vertex -85.3 4.73297 7.73026
    endloop
  endfacet
  facet normal -1 0 0
    outer loop
      vertex -85.3 30.8 0
      vertex -85.3 4.59851 7.22847
      vertex -85.3 4.68219 7.47496
    endloop
  endfacet
  facet normal -1 0 0
    outer loop
      vertex -85.3 30.8 0
      vertex -85.3 4.48338 6.99501
      vertex -85.3 4.59851 7.22847
    endloop
  endfacet
  facet normal -1 0 0
    outer loop
      vertex -85.3 30.8 0
      vertex -85.3 4.33876 6.77856
      vertex -85.3 4.48338 6.99501
    endloop
  endfacet
  facet normal -1 0 0
    outer loop
      vertex -85.3 30.8 0
      vertex -85.3 4.16713 6.58287
      vertex -85.3 4.33876 6.77856
    endloop
  endfacet
  facet normal -1 0 0
    outer loop
      vertex -85.3 30.8 0
      vertex -85.3 3.97144 6.41124
      vertex -85.3 4.16713 6.58287
    endloop
  endfacet
  facet normal -1 0 0
    outer loop
      vertex -85.3 30.8 0
      vertex -85.3 3.75499 6.26662
      vertex -85.3 3.97144 6.41124
    endloop
  endfacet
  facet normal -1 0 0
    outer loop
      vertex -85.3 30.8 0
      vertex -85.3 3.52153 6.15149
      vertex -85.3 3.75499 6.26662
    endloop
  endfacet
  facet normal -1 0 0
    outer loop
      vertex -85.3 30.8 0
      vertex -85.3 3.27504 6.06781
      vertex -85.3 3.52153 6.15149
    endloop
  endfacet
  facet normal -1 0 0
    outer loop
      vertex -85.3 30.8 0
      vertex -85.3 3.01974 6.01703
      vertex -85.3 3.27504 6.06781
    endloop
  endfacet
  facet normal -1 0 0
    outer loop
      vertex -85.3 30.8 0
      vertex -85.3 2.75999 6
      vertex -85.3 3.01974 6.01703
    endloop
  endfacet
  facet normal -1 0 0
    outer loop
      vertex -85.3 30.8 0
      vertex -85.3 -2.75999 6
      vertex -85.3 2.75999 6
    endloop
  endfacet
  facet normal -1 0 0
    outer loop
      vertex -85.3 -30.8 0
      vertex -85.3 -2.75999 6
      vertex -85.3 30.8 0
    endloop
  endfacet
  facet normal -1 0 0
    outer loop
      vertex -85.3 -4.73297 7.73026
      vertex -85.3 -30.8 9.6
      vertex -85.3 -4.75 7.99001
    endloop
  endfacet
  facet normal -1 0 0
    outer loop
      vertex -85.3 -4.68219 7.47496
      vertex -85.3 -30.8 9.6
      vertex -85.3 -4.73297 7.73026
    endloop
  endfacet
  facet normal -1 0 0
    outer loop
      vertex -85.3 -30.8 9.6
      vertex -85.3 -4.68219 7.47496
      vertex -85.3 -30.8 0
    endloop
  endfacet
  facet normal -1 -0 0
    outer loop
      vertex -85.3 -4.59851 7.22847
      vertex -85.3 -30.8 0
      vertex -85.3 -4.68219 7.47496
    endloop
  endfacet
  facet normal -1 -0 0
    outer loop
      vertex -85.3 -4.48338 6.99501
      vertex -85.3 -30.8 0
      vertex -85.3 -4.59851 7.22847
    endloop
  endfacet
  facet normal -1 -0 0
    outer loop
      vertex -85.3 -4.33876 6.77856
      vertex -85.3 -30.8 0
      vertex -85.3 -4.48338 6.99501
    endloop
  endfacet
  facet normal -1 -0 0
    outer loop
      vertex -85.3 -4.16713 6.58287
      vertex -85.3 -30.8 0
      vertex -85.3 -4.33876 6.77856
    endloop
  endfacet
  facet normal -1 -0 0
    outer loop
      vertex -85.3 -3.97144 6.41124
      vertex -85.3 -30.8 0
      vertex -85.3 -4.16713 6.58287
    endloop
  endfacet
  facet normal -1 -0 0
    outer loop
      vertex -85.3 -3.75499 6.26662
      vertex -85.3 -30.8 0
      vertex -85.3 -3.97144 6.41124
    endloop
  endfacet
  facet normal -1 -0 0
    outer loop
      vertex -85.3 -3.52153 6.15149
      vertex -85.3 -30.8 0
      vertex -85.3 -3.75499 6.26662
    endloop
  endfacet
  facet normal -1 -0 0
    outer loop
      vertex -85.3 -3.27504 6.06781
      vertex -85.3 -30.8 0
      vertex -85.3 -3.52153 6.15149
    endloop
  endfacet
  facet normal -1 -0 0
    outer loop
      vertex -85.3 -3.01974 6.01703
      vertex -85.3 -30.8 0
      vertex -85.3 -3.27504 6.06781
    endloop
  endfacet
  facet normal -1 -0 0
    outer loop
      vertex -85.3 -2.75999 6
      vertex -85.3 -30.8 0
      vertex -85.3 -3.01974 6.01703
    endloop
  endfacet
  facet normal -1 0 0
    outer loop
      vertex -85.3 4.75 8.00999
      vertex -85.3 30.8 9.6
      vertex -85.3 4.75 7.99001
    endloop
  endfacet
  facet normal -1 0 0
    outer loop
      vertex -85.3 4.73297 8.26974
      vertex -85.3 30.8 9.6
      vertex -85.3 4.75 8.00999
    endloop
  endfacet
  facet normal -1 0 0
    outer loop
      vertex -85.3 4.68219 8.52504
      vertex -85.3 30.8 9.6
      vertex -85.3 4.73297 8.26974
    endloop
  endfacet
  facet normal -1 0 0
    outer loop
      vertex -85.3 4.59851 8.77153
      vertex -85.3 30.8 9.6
      vertex -85.3 4.68219 8.52504
    endloop
  endfacet
  facet normal -1 0 0
    outer loop
      vertex -85.3 4.48338 9.00499
      vertex -85.3 30.8 9.6
      vertex -85.3 4.59851 8.77153
    endloop
  endfacet
  facet normal -1 0 0
    outer loop
      vertex -85.3 4.33876 9.22144
      vertex -85.3 30.8 9.6
      vertex -85.3 4.48338 9.00499
    endloop
  endfacet
  facet normal -1 0 0
    outer loop
      vertex -85.3 4.16713 9.41713
      vertex -85.3 30.8 9.6
      vertex -85.3 4.33876 9.22144
    endloop
  endfacet
  facet normal -1 0 0
    outer loop
      vertex -85.3 3.97144 9.58876
      vertex -85.3 30.8 9.6
      vertex -85.3 4.16713 9.41713
    endloop
  endfacet
  facet normal -1 -0 0
    outer loop
      vertex -85.3 30.8 9.6
      vertex -85.3 3.97144 9.58876
      vertex -85.3 3.95461 9.6
    endloop
  endfacet
  facet normal -1 0 0
    outer loop
      vertex -85.3 -4.75 7.99001
      vertex -85.3 -30.8 9.6
      vertex -85.3 -4.75 8.00999
    endloop
  endfacet
  facet normal -1 0 0
    outer loop
      vertex -85.3 -4.75 8.00999
      vertex -85.3 -30.8 9.6
      vertex -85.3 -4.73297 8.26974
    endloop
  endfacet
  facet normal -1 0 0
    outer loop
      vertex -85.3 -4.73297 8.26974
      vertex -85.3 -30.8 9.6
      vertex -85.3 -4.68219 8.52504
    endloop
  endfacet
  facet normal -1 0 0
    outer loop
      vertex -85.3 -4.68219 8.52504
      vertex -85.3 -30.8 9.6
      vertex -85.3 -4.59851 8.77153
    endloop
  endfacet
  facet normal -1 0 0
    outer loop
      vertex -85.3 -4.59851 8.77153
      vertex -85.3 -30.8 9.6
      vertex -85.3 -4.48338 9.00499
    endloop
  endfacet
  facet normal -1 0 0
    outer loop
      vertex -85.3 -4.48338 9.00499
      vertex -85.3 -30.8 9.6
      vertex -85.3 -4.33876 9.22144
    endloop
  endfacet
  facet normal -1 0 0
    outer loop
      vertex -85.3 -4.33876 9.22144
      vertex -85.3 -30.8 9.6
      vertex -85.3 -4.16713 9.41713
    endloop
  endfacet
  facet normal -1 0 0
    outer loop
      vertex -85.3 -4.16713 9.41713
      vertex -85.3 -30.8 9.6
      vertex -85.3 -3.97144 9.58876
    endloop
  endfacet
  facet normal -1 0 0
    outer loop
      vertex -85.3 -3.97144 9.58876
      vertex -85.3 -30.8 9.6
      vertex -85.3 -3.95461 9.6
    endloop
  endfacet
  facet normal -0.321574 -0.946885 0
    outer loop
      vertex -83.448 -33.5716 0
      vertex -83.0764 -33.6978 9.6
      vertex -83.448 -33.5716 9.6
    endloop
  endfacet
  facet normal -0.321574 -0.946885 -0
    outer loop
      vertex -83.0764 -33.6978 9.6
      vertex -83.448 -33.5716 0
      vertex -83.0764 -33.6978 0
    endloop
  endfacet
  facet normal 0 -1 0
    outer loop
      vertex -82.3 -33.8 0
      vertex 82.3 -33.8 9.6
      vertex -82.3 -33.8 9.6
    endloop
  endfacet
  facet normal 0 -1 -0
    outer loop
      vertex 82.3 -33.8 9.6
      vertex -82.3 -33.8 0
      vertex 82.3 -33.8 0
    endloop
  endfacet
  facet normal 0.0654873 0.997853 -0
    outer loop
      vertex 82.6916 33.7743 0
      vertex 82.3 33.8 9.6
      vertex 82.6916 33.7743 9.6
    endloop
  endfacet
  facet normal 0.0654873 0.997853 0
    outer loop
      vertex 82.3 33.8 9.6
      vertex 82.6916 33.7743 0
      vertex 82.3 33.8 0
    endloop
  endfacet
  facet normal 0.321574 0.946885 -0
    outer loop
      vertex 83.448 33.5716 0
      vertex 83.0764 33.6978 9.6
      vertex 83.448 33.5716 9.6
    endloop
  endfacet
  facet normal 0.321574 0.946885 0
    outer loop
      vertex 83.0764 33.6978 9.6
      vertex 83.448 33.5716 0
      vertex 83.0764 33.6978 0
    endloop
  endfacet
  facet normal 0 1 -0
    outer loop
      vertex 82.3 33.8 0
      vertex -82.3 33.8 9.6
      vertex 82.3 33.8 9.6
    endloop
  endfacet
  facet normal 0 1 0
    outer loop
      vertex -82.3 33.8 9.6
      vertex 82.3 33.8 0
      vertex -82.3 33.8 0
    endloop
  endfacet
  facet normal 1 0 0
    outer loop
      vertex 85.3 6.5 7.99001
      vertex 85.3 30.8 9.6
      vertex 85.3 6.5 8.00999
    endloop
  endfacet
  facet normal 1 0 0
    outer loop
      vertex 85.3 30.8 9.6
      vertex 85.3 6.48724 8.20448
      vertex 85.3 6.5 8.00999
    endloop
  endfacet
  facet normal 1 0 0
    outer loop
      vertex 85.3 30.8 9.6
      vertex 85.3 6.44922 8.39563
      vertex 85.3 6.48724 8.20448
    endloop
  endfacet
  facet normal 1 0 0
    outer loop
      vertex 85.3 30.8 9.6
      vertex 85.3 6.38658 8.5802
      vertex 85.3 6.44922 8.39563
    endloop
  endfacet
  facet normal 1 0 0
    outer loop
      vertex 85.3 30.8 9.6
      vertex 85.3 6.30037 8.75499
      vertex 85.3 6.38658 8.5802
    endloop
  endfacet
  facet normal 1 0 0
    outer loop
      vertex 85.3 30.8 9.6
      vertex 85.3 6.19209 8.91705
      vertex 85.3 6.30037 8.75499
    endloop
  endfacet
  facet normal 1 0 0
    outer loop
      vertex 85.3 30.8 9.6
      vertex 85.3 6.06358 9.06358
      vertex 85.3 6.19209 8.91705
    endloop
  endfacet
  facet normal 1 0 0
    outer loop
      vertex 85.3 30.8 9.6
      vertex 85.3 5.91705 9.19209
      vertex 85.3 6.06358 9.06358
    endloop
  endfacet
  facet normal 1 0 0
    outer loop
      vertex 85.3 30.8 9.6
      vertex 85.3 5.75499 9.30037
      vertex 85.3 5.91705 9.19209
    endloop
  endfacet
  facet normal 1 0 0
    outer loop
      vertex 85.3 30.8 9.6
      vertex 85.3 5.5802 9.38658
      vertex 85.3 5.75499 9.30037
    endloop
  endfacet
  facet normal 1 0 0
    outer loop
      vertex 85.3 30.8 9.6
      vertex 85.3 5.39563 9.44922
      vertex 85.3 5.5802 9.38658
    endloop
  endfacet
  facet normal 1 0 0
    outer loop
      vertex 85.3 30.8 9.6
      vertex 85.3 5.20448 9.48724
      vertex 85.3 5.39563 9.44922
    endloop
  endfacet
  facet normal 1 0 0
    outer loop
      vertex 85.3 30.8 9.6
      vertex 85.3 5.00999 9.5
      vertex 85.3 5.20448 9.48724
    endloop
  endfacet
  facet normal 1 0 0
    outer loop
      vertex 85.3 30.8 9.6
      vertex 85.3 -5.00999 9.5
      vertex 85.3 5.00999 9.5
    endloop
  endfacet
  facet normal 1 0 0
    outer loop
      vertex 85.3 -6.5 8.00999
      vertex 85.3 -30.8 9.6
      vertex 85.3 -6.5 7.99001
    endloop
  endfacet
  facet normal 1 0 0
    outer loop
      vertex 85.3 -6.48724 8.20448
      vertex 85.3 -30.8 9.6
      vertex 85.3 -6.5 8.00999
    endloop
  endfacet
  facet normal 1 0 0
    outer loop
      vertex 85.3 -6.44922 8.39563
      vertex 85.3 -30.8 9.6
      vertex 85.3 -6.48724 8.20448
    endloop
  endfacet
  facet normal 1 0 0
    outer loop
      vertex 85.3 -6.38658 8.5802
      vertex 85.3 -30.8 9.6
      vertex 85.3 -6.44922 8.39563
    endloop
  endfacet
  facet normal 1 0 0
    outer loop
      vertex 85.3 -6.30037 8.75499
      vertex 85.3 -30.8 9.6
      vertex 85.3 -6.38658 8.5802
    endloop
  endfacet
  facet normal 1 0 0
    outer loop
      vertex 85.3 -6.19209 8.91705
      vertex 85.3 -30.8 9.6
      vertex 85.3 -6.30037 8.75499
    endloop
  endfacet
  facet normal 1 0 0
    outer loop
      vertex 85.3 -6.06358 9.06358
      vertex 85.3 -30.8 9.6
      vertex 85.3 -6.19209 8.91705
    endloop
  endfacet
  facet normal 1 0 0
    outer loop
      vertex 85.3 -5.91705 9.19209
      vertex 85.3 -30.8 9.6
      vertex 85.3 -6.06358 9.06358
    endloop
  endfacet
  facet normal 1 0 0
    outer loop
      vertex 85.3 -5.75499 9.30037
      vertex 85.3 -30.8 9.6
      vertex 85.3 -5.91705 9.19209
    endloop
  endfacet
  facet normal 1 0 0
    outer loop
      vertex 85.3 -5.5802 9.38658
      vertex 85.3 -30.8 9.6
      vertex 85.3 -5.75499 9.30037
    endloop
  endfacet
  facet normal 1 0 0
    outer loop
      vertex 85.3 -5.39563 9.44922
      vertex 85.3 -30.8 9.6
      vertex 85.3 -5.5802 9.38658
    endloop
  endfacet
  facet normal 1 0 0
    outer loop
      vertex 85.3 -5.20448 9.48724
      vertex 85.3 -30.8 9.6
      vertex 85.3 -5.39563 9.44922
    endloop
  endfacet
  facet normal 1 0 0
    outer loop
      vertex 85.3 -5.00999 9.5
      vertex 85.3 -30.8 9.6
      vertex 85.3 -5.20448 9.48724
    endloop
  endfacet
  facet normal 1 -0 0
    outer loop
      vertex 85.3 -30.8 9.6
      vertex 85.3 -5.00999 9.5
      vertex 85.3 30.8 9.6
    endloop
  endfacet
  facet normal 1 0 0
    outer loop
      vertex 85.3 6.48724 7.79552
      vertex 85.3 30.8 9.6
      vertex 85.3 6.5 7.99001
    endloop
  endfacet
  facet normal 1 0 0
    outer loop
      vertex 85.3 6.44922 7.60437
      vertex 85.3 30.8 9.6
      vertex 85.3 6.48724 7.79552
    endloop
  endfacet
  facet normal 1 0 0
    outer loop
      vertex 85.3 30.8 9.6
      vertex 85.3 6.44922 7.60437
      vertex 85.3 30.8 0
    endloop
  endfacet
  facet normal 1 -0 0
    outer loop
      vertex 85.3 6.38658 7.4198
      vertex 85.3 30.8 0
      vertex 85.3 6.44922 7.60437
    endloop
  endfacet
  facet normal 1 -0 0
    outer loop
      vertex 85.3 6.30037 7.24501
      vertex 85.3 30.8 0
      vertex 85.3 6.38658 7.4198
    endloop
  endfacet
  facet normal 1 -0 0
    outer loop
      vertex 85.3 6.19209 7.08295
      vertex 85.3 30.8 0
      vertex 85.3 6.30037 7.24501
    endloop
  endfacet
  facet normal 1 -0 0
    outer loop
      vertex 85.3 6.06358 6.93642
      vertex 85.3 30.8 0
      vertex 85.3 6.19209 7.08295
    endloop
  endfacet
  facet normal 1 -0 0
    outer loop
      vertex 85.3 5.91705 6.80791
      vertex 85.3 30.8 0
      vertex 85.3 6.06358 6.93642
    endloop
  endfacet
  facet normal 1 -0 0
    outer loop
      vertex 85.3 5.75499 6.69963
      vertex 85.3 30.8 0
      vertex 85.3 5.91705 6.80791
    endloop
  endfacet
  facet normal 1 -0 0
    outer loop
      vertex 85.3 5.5802 6.61342
      vertex 85.3 30.8 0
      vertex 85.3 5.75499 6.69963
    endloop
  endfacet
  facet normal 1 -0 0
    outer loop
      vertex 85.3 5.39563 6.55078
      vertex 85.3 30.8 0
      vertex 85.3 5.5802 6.61342
    endloop
  endfacet
  facet normal 1 -0 0
    outer loop
      vertex 85.3 5.20448 6.51276
      vertex 85.3 30.8 0
      vertex 85.3 5.39563 6.55078
    endloop
  endfacet
  facet normal 1 -0 0
    outer loop
      vertex 85.3 5.00999 6.5
      vertex 85.3 30.8 0
      vertex 85.3 5.20448 6.51276
    endloop
  endfacet
  facet normal 1 -0 0
    outer loop
      vertex 85.3 -5.00999 6.5
      vertex 85.3 30.8 0
      vertex 85.3 5.00999 6.5
    endloop
  endfacet
  facet normal 1 0 0
    outer loop
      vertex 85.3 -30.8 0
      vertex 85.3 -5.00999 6.5
      vertex 85.3 -5.20448 6.51276
    endloop
  endfacet
  facet normal 1 0 0
    outer loop
      vertex 85.3 -30.8 9.6
      vertex 85.3 -6.48724 7.79552
      vertex 85.3 -6.5 7.99001
    endloop
  endfacet
  facet normal 1 0 0
    outer loop
      vertex 85.3 -30.8 9.6
      vertex 85.3 -6.44922 7.60437
      vertex 85.3 -6.48724 7.79552
    endloop
  endfacet
  facet normal 1 0 0
    outer loop
      vertex 85.3 -30.8 0
      vertex 85.3 -6.44922 7.60437
      vertex 85.3 -30.8 9.6
    endloop
  endfacet
  facet normal 1 0 0
    outer loop
      vertex 85.3 -6.44922 7.60437
      vertex 85.3 -30.8 0
      vertex 85.3 -6.38658 7.4198
    endloop
  endfacet
  facet normal 1 0 0
    outer loop
      vertex 85.3 -6.38658 7.4198
      vertex 85.3 -30.8 0
      vertex 85.3 -6.30037 7.24501
    endloop
  endfacet
  facet normal 1 0 0
    outer loop
      vertex 85.3 -6.30037 7.24501
      vertex 85.3 -30.8 0
      vertex 85.3 -6.19209 7.08295
    endloop
  endfacet
  facet normal 1 0 0
    outer loop
      vertex 85.3 -6.19209 7.08295
      vertex 85.3 -30.8 0
      vertex 85.3 -6.06358 6.93642
    endloop
  endfacet
  facet normal 1 0 0
    outer loop
      vertex 85.3 -6.06358 6.93642
      vertex 85.3 -30.8 0
      vertex 85.3 -5.91705 6.80791
    endloop
  endfacet
  facet normal 1 0 0
    outer loop
      vertex 85.3 -5.91705 6.80791
      vertex 85.3 -30.8 0
      vertex 85.3 -5.75499 6.69963
    endloop
  endfacet
  facet normal 1 0 0
    outer loop
      vertex 85.3 -5.75499 6.69963
      vertex 85.3 -30.8 0
      vertex 85.3 -5.5802 6.61342
    endloop
  endfacet
  facet normal 1 0 0
    outer loop
      vertex 85.3 -5.5802 6.61342
      vertex 85.3 -30.8 0
      vertex 85.3 -5.39563 6.55078
    endloop
  endfacet
  facet normal 1 0 0
    outer loop
      vertex 85.3 -5.39563 6.55078
      vertex 85.3 -30.8 0
      vertex 85.3 -5.20448 6.51276
    endloop
  endfacet
  facet normal 1 0 0
    outer loop
      vertex 85.3 -5.00999 6.5
      vertex 85.3 -30.8 0
      vertex 85.3 30.8 0
    endloop
  endfacet
  facet normal -0.555523 0.831501 0
    outer loop
      vertex -83.8 33.3981 0
      vertex -84.1263 33.1801 9.6
      vertex -83.8 33.3981 9.6
    endloop
  endfacet
  facet normal -0.555523 0.831501 0
    outer loop
      vertex -84.1263 33.1801 9.6
      vertex -83.8 33.3981 0
      vertex -84.1263 33.1801 0
    endloop
  endfacet
  facet normal -0.194989 -0.980806 0
    outer loop
      vertex -83.0764 -33.6978 0
      vertex -82.6916 -33.7743 9.6
      vertex -83.0764 -33.6978 9.6
    endloop
  endfacet
  facet normal -0.194989 -0.980806 -0
    outer loop
      vertex -82.6916 -33.7743 9.6
      vertex -83.0764 -33.6978 0
      vertex -82.6916 -33.7743 0
    endloop
  endfacet
  facet normal 0.0654873 -0.997853 0
    outer loop
      vertex 82.3 -33.8 0
      vertex 82.6916 -33.7743 9.6
      vertex 82.3 -33.8 9.6
    endloop
  endfacet
  facet normal 0.0654873 -0.997853 0
    outer loop
      vertex 82.6916 -33.7743 9.6
      vertex 82.3 -33.8 0
      vertex 82.6916 -33.7743 0
    endloop
  endfacet
  facet normal 0.194989 0.980806 -0
    outer loop
      vertex 83.0764 33.6978 0
      vertex 82.6916 33.7743 9.6
      vertex 83.0764 33.6978 9.6
    endloop
  endfacet
  facet normal 0.194989 0.980806 0
    outer loop
      vertex 82.6916 33.7743 9.6
      vertex 83.0764 33.6978 0
      vertex 82.6916 33.7743 0
    endloop
  endfacet
  facet normal -0.0654873 0.997853 0
    outer loop
      vertex -82.3 33.8 0
      vertex -82.6916 33.7743 9.6
      vertex -82.3 33.8 9.6
    endloop
  endfacet
  facet normal -0.0654873 0.997853 0
    outer loop
      vertex -82.6916 33.7743 9.6
      vertex -82.3 33.8 0
      vertex -82.6916 33.7743 0
    endloop
  endfacet
  facet normal 0.997853 -0.0654873 0
    outer loop
      vertex 85.2743 -31.1916 9.6
      vertex 85.3 -30.8 0
      vertex 85.3 -30.8 9.6
    endloop
  endfacet
  facet normal 0.997853 -0.0654873 0
    outer loop
      vertex 85.3 -30.8 0
      vertex 85.2743 -31.1916 9.6
      vertex 85.2743 -31.1916 0
    endloop
  endfacet
  facet normal -0.44211 0.896961 0
    outer loop
      vertex -83.448 33.5716 0
      vertex -83.8 33.3981 9.6
      vertex -83.448 33.5716 9.6
    endloop
  endfacet
  facet normal -0.44211 0.896961 0
    outer loop
      vertex -83.8 33.3981 9.6
      vertex -83.448 33.5716 0
      vertex -83.8 33.3981 0
    endloop
  endfacet
  facet normal -0.321574 0.946885 0
    outer loop
      vertex -83.0764 33.6978 0
      vertex -83.448 33.5716 9.6
      vertex -83.0764 33.6978 9.6
    endloop
  endfacet
  facet normal -0.321574 0.946885 0
    outer loop
      vertex -83.448 33.5716 9.6
      vertex -83.0764 33.6978 0
      vertex -83.448 33.5716 0
    endloop
  endfacet
  facet normal -0.751724 0.659478 0
    outer loop
      vertex -84.6801 32.6263 0
      vertex -84.4213 32.9213 9.6
      vertex -84.4213 32.9213 0
    endloop
  endfacet
  facet normal -0.751724 0.659478 0
    outer loop
      vertex -84.4213 32.9213 9.6
      vertex -84.6801 32.6263 0
      vertex -84.6801 32.6263 9.6
    endloop
  endfacet
  facet normal -0.831501 0.555523 0
    outer loop
      vertex -84.8981 32.3 0
      vertex -84.6801 32.6263 9.6
      vertex -84.6801 32.6263 0
    endloop
  endfacet
  facet normal -0.831501 0.555523 0
    outer loop
      vertex -84.6801 32.6263 9.6
      vertex -84.8981 32.3 0
      vertex -84.8981 32.3 9.6
    endloop
  endfacet
  facet normal -0.0654873 -0.997853 0
    outer loop
      vertex -82.6916 -33.7743 0
      vertex -82.3 -33.8 9.6
      vertex -82.6916 -33.7743 9.6
    endloop
  endfacet
  facet normal -0.0654873 -0.997853 -0
    outer loop
      vertex -82.3 -33.8 9.6
      vertex -82.6916 -33.7743 0
      vertex -82.3 -33.8 0
    endloop
  endfacet
  facet normal 0.896961 0.44211 0
    outer loop
      vertex 85.0716 31.948 9.6
      vertex 84.8981 32.3 0
      vertex 84.8981 32.3 9.6
    endloop
  endfacet
  facet normal 0.896961 0.44211 0
    outer loop
      vertex 84.8981 32.3 0
      vertex 85.0716 31.948 9.6
      vertex 85.0716 31.948 0
    endloop
  endfacet
  facet normal 0.751724 0.659478 0
    outer loop
      vertex 84.6801 32.6263 9.6
      vertex 84.4213 32.9213 0
      vertex 84.4213 32.9213 9.6
    endloop
  endfacet
  facet normal 0.751724 0.659478 0
    outer loop
      vertex 84.4213 32.9213 0
      vertex 84.6801 32.6263 9.6
      vertex 84.6801 32.6263 0
    endloop
  endfacet
  facet normal 0.946885 -0.321574 0
    outer loop
      vertex 85.0716 -31.948 9.6
      vertex 85.1978 -31.5764 0
      vertex 85.1978 -31.5764 9.6
    endloop
  endfacet
  facet normal 0.946885 -0.321574 0
    outer loop
      vertex 85.1978 -31.5764 0
      vertex 85.0716 -31.948 9.6
      vertex 85.0716 -31.948 0
    endloop
  endfacet
  facet normal 0.896961 -0.44211 0
    outer loop
      vertex 84.8981 -32.3 9.6
      vertex 85.0716 -31.948 0
      vertex 85.0716 -31.948 9.6
    endloop
  endfacet
  facet normal 0.896961 -0.44211 0
    outer loop
      vertex 85.0716 -31.948 0
      vertex 84.8981 -32.3 9.6
      vertex 84.8981 -32.3 0
    endloop
  endfacet
  facet normal 0.980806 -0.194989 0
    outer loop
      vertex 85.1978 -31.5764 9.6
      vertex 85.2743 -31.1916 0
      vertex 85.2743 -31.1916 9.6
    endloop
  endfacet
  facet normal 0.980806 -0.194989 0
    outer loop
      vertex 85.2743 -31.1916 0
      vertex 85.1978 -31.5764 9.6
      vertex 85.1978 -31.5764 0
    endloop
  endfacet
  facet normal 0.751724 -0.659478 0
    outer loop
      vertex 84.4213 -32.9213 9.6
      vertex 84.6801 -32.6263 0
      vertex 84.6801 -32.6263 9.6
    endloop
  endfacet
  facet normal 0.751724 -0.659478 0
    outer loop
      vertex 84.6801 -32.6263 0
      vertex 84.4213 -32.9213 9.6
      vertex 84.4213 -32.9213 0
    endloop
  endfacet
  facet normal 0.831501 -0.555523 0
    outer loop
      vertex 84.6801 -32.6263 9.6
      vertex 84.8981 -32.3 0
      vertex 84.8981 -32.3 9.6
    endloop
  endfacet
  facet normal 0.831501 -0.555523 0
    outer loop
      vertex 84.8981 -32.3 0
      vertex 84.6801 -32.6263 9.6
      vertex 84.6801 -32.6263 0
    endloop
  endfacet
  facet normal 0.44211 -0.896961 0
    outer loop
      vertex 83.448 -33.5716 0
      vertex 83.8 -33.3981 9.6
      vertex 83.448 -33.5716 9.6
    endloop
  endfacet
  facet normal 0.44211 -0.896961 0
    outer loop
      vertex 83.8 -33.3981 9.6
      vertex 83.448 -33.5716 0
      vertex 83.8 -33.3981 0
    endloop
  endfacet
  facet normal -0.659478 0.751724 0
    outer loop
      vertex -84.1263 33.1801 0
      vertex -84.4213 32.9213 9.6
      vertex -84.1263 33.1801 9.6
    endloop
  endfacet
  facet normal -0.659478 0.751724 0
    outer loop
      vertex -84.4213 32.9213 9.6
      vertex -84.1263 33.1801 0
      vertex -84.4213 32.9213 0
    endloop
  endfacet
  facet normal -0.980806 0.194989 0
    outer loop
      vertex -85.2743 31.1916 0
      vertex -85.1978 31.5764 9.6
      vertex -85.1978 31.5764 0
    endloop
  endfacet
  facet normal -0.980806 0.194989 0
    outer loop
      vertex -85.1978 31.5764 9.6
      vertex -85.2743 31.1916 0
      vertex -85.2743 31.1916 9.6
    endloop
  endfacet
  facet normal -0.896961 0.44211 0
    outer loop
      vertex -85.0716 31.948 0
      vertex -84.8981 32.3 9.6
      vertex -84.8981 32.3 0
    endloop
  endfacet
  facet normal -0.896961 0.44211 0
    outer loop
      vertex -84.8981 32.3 9.6
      vertex -85.0716 31.948 0
      vertex -85.0716 31.948 9.6
    endloop
  endfacet
  facet normal -0.946885 0.321574 0
    outer loop
      vertex -85.1978 31.5764 0
      vertex -85.0716 31.948 9.6
      vertex -85.0716 31.948 0
    endloop
  endfacet
  facet normal -0.946885 0.321574 0
    outer loop
      vertex -85.0716 31.948 9.6
      vertex -85.1978 31.5764 0
      vertex -85.1978 31.5764 9.6
    endloop
  endfacet
  facet normal -0.997853 -0.0654873 0
    outer loop
      vertex -85.2743 -31.1916 0
      vertex -85.3 -30.8 9.6
      vertex -85.3 -30.8 0
    endloop
  endfacet
  facet normal -0.997853 -0.0654873 0
    outer loop
      vertex -85.3 -30.8 9.6
      vertex -85.2743 -31.1916 0
      vertex -85.2743 -31.1916 9.6
    endloop
  endfacet
  facet normal 0 0 -1
    outer loop
      vertex 82.3 -33.8 0
      vertex 85.3 -30.8 0
      vertex 85.2743 -31.1916 0
    endloop
  endfacet
  facet normal -0 0 -1
    outer loop
      vertex 85.3 -30.8 0
      vertex 82.3 -33.8 0
      vertex 85.3 30.8 0
    endloop
  endfacet
  facet normal 0 0 -1
    outer loop
      vertex 82.3 -33.8 0
      vertex 85.2743 -31.1916 0
      vertex 85.1978 -31.5764 0
    endloop
  endfacet
  facet normal 0 0 -1
    outer loop
      vertex 82.3 33.8 0
      vertex 85.3 30.8 0
      vertex 82.3 -33.8 0
    endloop
  endfacet
  facet normal 0 0 -1
    outer loop
      vertex 82.3 -33.8 0
      vertex 85.1978 -31.5764 0
      vertex 85.0716 -31.948 0
    endloop
  endfacet
  facet normal 0 0 -1
    outer loop
      vertex 85.3 30.8 0
      vertex 82.3 33.8 0
      vertex 85.2743 31.1916 0
    endloop
  endfacet
  facet normal 0 0 -1
    outer loop
      vertex 82.3 -33.8 0
      vertex 85.0716 -31.948 0
      vertex 84.8981 -32.3 0
    endloop
  endfacet
  facet normal 0 0 -1
    outer loop
      vertex 85.2743 31.1916 0
      vertex 82.3 33.8 0
      vertex 85.1978 31.5764 0
    endloop
  endfacet
  facet normal 0 0 -1
    outer loop
      vertex 82.3 -33.8 0
      vertex 84.8981 -32.3 0
      vertex 84.6801 -32.6263 0
    endloop
  endfacet
  facet normal 0 0 -1
    outer loop
      vertex 85.1978 31.5764 0
      vertex 82.3 33.8 0
      vertex 85.0716 31.948 0
    endloop
  endfacet
  facet normal 0 0 -1
    outer loop
      vertex 82.3 -33.8 0
      vertex 84.6801 -32.6263 0
      vertex 84.4213 -32.9213 0
    endloop
  endfacet
  facet normal 0 0 -1
    outer loop
      vertex 85.0716 31.948 0
      vertex 82.3 33.8 0
      vertex 84.8981 32.3 0
    endloop
  endfacet
  facet normal 0 0 -1
    outer loop
      vertex 82.3 -33.8 0
      vertex 84.4213 -32.9213 0
      vertex 84.1263 -33.1801 0
    endloop
  endfacet
  facet normal 0 0 -1
    outer loop
      vertex 84.8981 32.3 0
      vertex 82.3 33.8 0
      vertex 84.6801 32.6263 0
    endloop
  endfacet
  facet normal 0 0 -1
    outer loop
      vertex 82.3 -33.8 0
      vertex 84.1263 -33.1801 0
      vertex 83.8 -33.3981 0
    endloop
  endfacet
  facet normal 0 0 -1
    outer loop
      vertex 84.6801 32.6263 0
      vertex 82.3 33.8 0
      vertex 84.4213 32.9213 0
    endloop
  endfacet
  facet normal 0 0 -1
    outer loop
      vertex 82.3 -33.8 0
      vertex 83.8 -33.3981 0
      vertex 83.448 -33.5716 0
    endloop
  endfacet
  facet normal 0 0 -1
    outer loop
      vertex 84.4213 32.9213 0
      vertex 82.3 33.8 0
      vertex 84.1263 33.1801 0
    endloop
  endfacet
  facet normal 0 0 -1
    outer loop
      vertex 82.3 -33.8 0
      vertex 83.448 -33.5716 0
      vertex 83.0764 -33.6978 0
    endloop
  endfacet
  facet normal 0 0 -1
    outer loop
      vertex 84.1263 33.1801 0
      vertex 82.3 33.8 0
      vertex 83.8 33.3981 0
    endloop
  endfacet
  facet normal 0 0 -1
    outer loop
      vertex 82.3 -33.8 0
      vertex 83.0764 -33.6978 0
      vertex 82.6916 -33.7743 0
    endloop
  endfacet
  facet normal 0 0 -1
    outer loop
      vertex 83.8 33.3981 0
      vertex 82.3 33.8 0
      vertex 83.448 33.5716 0
    endloop
  endfacet
  facet normal 0 0 -1
    outer loop
      vertex 83.448 33.5716 0
      vertex 82.3 33.8 0
      vertex 83.0764 33.6978 0
    endloop
  endfacet
  facet normal 0 0 -1
    outer loop
      vertex 83.0764 33.6978 0
      vertex 82.3 33.8 0
      vertex 82.6916 33.7743 0
    endloop
  endfacet
  facet normal 0 0 -1
    outer loop
      vertex -82.3 -33.8 0
      vertex 82.3 33.8 0
      vertex 82.3 -33.8 0
    endloop
  endfacet
  facet normal 0 0 -1
    outer loop
      vertex -82.3 -33.8 0
      vertex -82.3 33.8 0
      vertex 82.3 33.8 0
    endloop
  endfacet
  facet normal 0 0 -1
    outer loop
      vertex -85.3 -30.8 0
      vertex -82.3 -33.8 0
      vertex -82.6916 -33.7743 0
    endloop
  endfacet
  facet normal 0 0 -1
    outer loop
      vertex -82.3 -33.8 0
      vertex -85.3 -30.8 0
      vertex -82.3 33.8 0
    endloop
  endfacet
  facet normal 0 0 -1
    outer loop
      vertex -85.3 -30.8 0
      vertex -82.6916 -33.7743 0
      vertex -83.0764 -33.6978 0
    endloop
  endfacet
  facet normal 0 0 -1
    outer loop
      vertex -85.3 30.8 0
      vertex -82.3 33.8 0
      vertex -85.3 -30.8 0
    endloop
  endfacet
  facet normal 0 0 -1
    outer loop
      vertex -85.3 -30.8 0
      vertex -83.0764 -33.6978 0
      vertex -83.448 -33.5716 0
    endloop
  endfacet
  facet normal 0 0 -1
    outer loop
      vertex -82.3 33.8 0
      vertex -85.3 30.8 0
      vertex -82.6916 33.7743 0
    endloop
  endfacet
  facet normal 0 0 -1
    outer loop
      vertex -85.3 -30.8 0
      vertex -83.448 -33.5716 0
      vertex -83.8 -33.3981 0
    endloop
  endfacet
  facet normal 0 0 -1
    outer loop
      vertex -82.6916 33.7743 0
      vertex -85.3 30.8 0
      vertex -83.0764 33.6978 0
    endloop
  endfacet
  facet normal 0 0 -1
    outer loop
      vertex -85.3 -30.8 0
      vertex -83.8 -33.3981 0
      vertex -84.1263 -33.1801 0
    endloop
  endfacet
  facet normal 0 0 -1
    outer loop
      vertex -83.0764 33.6978 0
      vertex -85.3 30.8 0
      vertex -83.448 33.5716 0
    endloop
  endfacet
  facet normal 0 0 -1
    outer loop
      vertex -85.3 -30.8 0
      vertex -84.1263 -33.1801 0
      vertex -84.4213 -32.9213 0
    endloop
  endfacet
  facet normal 0 0 -1
    outer loop
      vertex -83.448 33.5716 0
      vertex -85.3 30.8 0
      vertex -83.8 33.3981 0
    endloop
  endfacet
  facet normal 0 0 -1
    outer loop
      vertex -85.3 -30.8 0
      vertex -84.4213 -32.9213 0
      vertex -84.6801 -32.6263 0
    endloop
  endfacet
  facet normal 0 0 -1
    outer loop
      vertex -83.8 33.3981 0
      vertex -85.3 30.8 0
      vertex -84.1263 33.1801 0
    endloop
  endfacet
  facet normal 0 0 -1
    outer loop
      vertex -85.3 -30.8 0
      vertex -84.6801 -32.6263 0
      vertex -84.8981 -32.3 0
    endloop
  endfacet
  facet normal 0 0 -1
    outer loop
      vertex -84.1263 33.1801 0
      vertex -85.3 30.8 0
      vertex -84.4213 32.9213 0
    endloop
  endfacet
  facet normal 0 0 -1
    outer loop
      vertex -85.3 -30.8 0
      vertex -84.8981 -32.3 0
      vertex -85.0716 -31.948 0
    endloop
  endfacet
  facet normal 0 0 -1
    outer loop
      vertex -84.4213 32.9213 0
      vertex -85.3 30.8 0
      vertex -84.6801 32.6263 0
    endloop
  endfacet
  facet normal 0 0 -1
    outer loop
      vertex -85.3 -30.8 0
      vertex -85.0716 -31.948 0
      vertex -85.1978 -31.5764 0
    endloop
  endfacet
  facet normal 0 0 -1
    outer loop
      vertex -84.6801 32.6263 0
      vertex -85.3 30.8 0
      vertex -84.8981 32.3 0
    endloop
  endfacet
  facet normal 0 0 -1
    outer loop
      vertex -85.3 -30.8 0
      vertex -85.1978 -31.5764 0
      vertex -85.2743 -31.1916 0
    endloop
  endfacet
  facet normal 0 0 -1
    outer loop
      vertex -84.8981 32.3 0
      vertex -85.3 30.8 0
      vertex -85.0716 31.948 0
    endloop
  endfacet
  facet normal 0 0 -1
    outer loop
      vertex -85.0716 31.948 0
      vertex -85.3 30.8 0
      vertex -85.1978 31.5764 0
    endloop
  endfacet
  facet normal 0 0 -1
    outer loop
      vertex -85.1978 31.5764 0
      vertex -85.3 30.8 0
      vertex -85.2743 31.1916 0
    endloop
  endfacet
  facet normal -0.980806 -0.194989 0
    outer loop
      vertex -85.1978 -31.5764 0
      vertex -85.2743 -31.1916 9.6
      vertex -85.2743 -31.1916 0
    endloop
  endfacet
  facet normal -0.980806 -0.194989 0
    outer loop
      vertex -85.2743 -31.1916 9.6
      vertex -85.1978 -31.5764 0
      vertex -85.1978 -31.5764 9.6
    endloop
  endfacet
  facet normal -0.946885 -0.321574 0
    outer loop
      vertex -85.0716 -31.948 0
      vertex -85.1978 -31.5764 9.6
      vertex -85.1978 -31.5764 0
    endloop
  endfacet
  facet normal -0.946885 -0.321574 0
    outer loop
      vertex -85.1978 -31.5764 9.6
      vertex -85.0716 -31.948 0
      vertex -85.0716 -31.948 9.6
    endloop
  endfacet
  facet normal -0.831501 -0.555523 0
    outer loop
      vertex -84.6801 -32.6263 0
      vertex -84.8981 -32.3 9.6
      vertex -84.8981 -32.3 0
    endloop
  endfacet
  facet normal -0.831501 -0.555523 0
    outer loop
      vertex -84.8981 -32.3 9.6
      vertex -84.6801 -32.6263 0
      vertex -84.6801 -32.6263 9.6
    endloop
  endfacet
  facet normal 0.980806 0.194989 0
    outer loop
      vertex 85.2743 31.1916 9.6
      vertex 85.1978 31.5764 0
      vertex 85.1978 31.5764 9.6
    endloop
  endfacet
  facet normal 0.980806 0.194989 0
    outer loop
      vertex 85.1978 31.5764 0
      vertex 85.2743 31.1916 9.6
      vertex 85.2743 31.1916 0
    endloop
  endfacet
  facet normal 0.946885 0.321574 0
    outer loop
      vertex 85.1978 31.5764 9.6
      vertex 85.0716 31.948 0
      vertex 85.0716 31.948 9.6
    endloop
  endfacet
  facet normal 0.946885 0.321574 0
    outer loop
      vertex 85.0716 31.948 0
      vertex 85.1978 31.5764 9.6
      vertex 85.1978 31.5764 0
    endloop
  endfacet
  facet normal 0.831501 0.555523 0
    outer loop
      vertex 84.8981 32.3 9.6
      vertex 84.6801 32.6263 0
      vertex 84.6801 32.6263 9.6
    endloop
  endfacet
  facet normal 0.831501 0.555523 0
    outer loop
      vertex 84.6801 32.6263 0
      vertex 84.8981 32.3 9.6
      vertex 84.8981 32.3 0
    endloop
  endfacet
  facet normal 0.555523 -0.831501 0
    outer loop
      vertex 83.8 -33.3981 0
      vertex 84.1263 -33.1801 9.6
      vertex 83.8 -33.3981 9.6
    endloop
  endfacet
  facet normal 0.555523 -0.831501 0
    outer loop
      vertex 84.1263 -33.1801 9.6
      vertex 83.8 -33.3981 0
      vertex 84.1263 -33.1801 0
    endloop
  endfacet
  facet normal -0.896961 -0.44211 0
    outer loop
      vertex -84.8981 -32.3 0
      vertex -85.0716 -31.948 9.6
      vertex -85.0716 -31.948 0
    endloop
  endfacet
  facet normal -0.896961 -0.44211 0
    outer loop
      vertex -85.0716 -31.948 9.6
      vertex -84.8981 -32.3 0
      vertex -84.8981 -32.3 9.6
    endloop
  endfacet
  facet normal -0.751724 -0.659478 0
    outer loop
      vertex -84.4213 -32.9213 0
      vertex -84.6801 -32.6263 9.6
      vertex -84.6801 -32.6263 0
    endloop
  endfacet
  facet normal -0.751724 -0.659478 0
    outer loop
      vertex -84.6801 -32.6263 9.6
      vertex -84.4213 -32.9213 0
      vertex -84.4213 -32.9213 9.6
    endloop
  endfacet
  facet normal -0.659478 -0.751724 0
    outer loop
      vertex -84.4213 -32.9213 0
      vertex -84.1263 -33.1801 9.6
      vertex -84.4213 -32.9213 9.6
    endloop
  endfacet
  facet normal -0.659478 -0.751724 -0
    outer loop
      vertex -84.1263 -33.1801 9.6
      vertex -84.4213 -32.9213 0
      vertex -84.1263 -33.1801 0
    endloop
  endfacet
  facet normal -0.44211 -0.896961 0
    outer loop
      vertex -83.8 -33.3981 0
      vertex -83.448 -33.5716 9.6
      vertex -83.8 -33.3981 9.6
    endloop
  endfacet
  facet normal -0.44211 -0.896961 -0
    outer loop
      vertex -83.448 -33.5716 9.6
      vertex -83.8 -33.3981 0
      vertex -83.448 -33.5716 0
    endloop
  endfacet
  facet normal 0.659478 0.751724 -0
    outer loop
      vertex 84.4213 32.9213 0
      vertex 84.1263 33.1801 9.6
      vertex 84.4213 32.9213 9.6
    endloop
  endfacet
  facet normal 0.659478 0.751724 0
    outer loop
      vertex 84.1263 33.1801 9.6
      vertex 84.4213 32.9213 0
      vertex 84.1263 33.1801 0
    endloop
  endfacet
  facet normal 0.555523 0.831501 -0
    outer loop
      vertex 84.1263 33.1801 0
      vertex 83.8 33.3981 9.6
      vertex 84.1263 33.1801 9.6
    endloop
  endfacet
  facet normal 0.555523 0.831501 0
    outer loop
      vertex 83.8 33.3981 9.6
      vertex 84.1263 33.1801 0
      vertex 83.8 33.3981 0
    endloop
  endfacet
  facet normal 0.997853 0.0654873 0
    outer loop
      vertex 85.3 30.8 9.6
      vertex 85.2743 31.1916 0
      vertex 85.2743 31.1916 9.6
    endloop
  endfacet
  facet normal 0.997853 0.0654873 0
    outer loop
      vertex 85.2743 31.1916 0
      vertex 85.3 30.8 9.6
      vertex 85.3 30.8 0
    endloop
  endfacet
  facet normal 0.659478 -0.751724 0
    outer loop
      vertex 84.1263 -33.1801 0
      vertex 84.4213 -32.9213 9.6
      vertex 84.1263 -33.1801 9.6
    endloop
  endfacet
  facet normal 0.659478 -0.751724 0
    outer loop
      vertex 84.4213 -32.9213 9.6
      vertex 84.1263 -33.1801 0
      vertex 84.4213 -32.9213 0
    endloop
  endfacet
  facet normal -0.555523 -0.831501 0
    outer loop
      vertex -84.1263 -33.1801 0
      vertex -83.8 -33.3981 9.6
      vertex -84.1263 -33.1801 9.6
    endloop
  endfacet
  facet normal -0.555523 -0.831501 -0
    outer loop
      vertex -83.8 -33.3981 9.6
      vertex -84.1263 -33.1801 0
      vertex -83.8 -33.3981 0
    endloop
  endfacet
  facet normal -0.321194 0.947013 0
    outer loop
      vertex 82.5296 -31.3543 2
      vertex 82.4553 -31.3795 9.6
      vertex 82.5296 -31.3543 9.6
    endloop
  endfacet
  facet normal -0.321194 0.947013 0
    outer loop
      vertex 82.4553 -31.3795 9.6
      vertex 82.5296 -31.3543 2
      vertex 82.4553 -31.3795 2
    endloop
  endfacet
  facet normal -0.196116 0.980581 0
    outer loop
      vertex 82.4553 -31.3795 2
      vertex 82.3783 -31.3949 9.6
      vertex 82.4553 -31.3795 9.6
    endloop
  endfacet
  facet normal -0.196116 0.980581 0
    outer loop
      vertex 82.3783 -31.3949 9.6
      vertex 82.4553 -31.3795 2
      vertex 82.3783 -31.3949 2
    endloop
  endfacet
  facet normal -0.997886 0.0649964 0
    outer loop
      vertex 82.8949 -30.8783 2
      vertex 82.9 -30.8 9.6
      vertex 82.9 -30.8 2
    endloop
  endfacet
  facet normal -0.997886 0.0649964 0
    outer loop
      vertex 82.9 -30.8 9.6
      vertex 82.8949 -30.8783 2
      vertex 82.8949 -30.8783 9.6
    endloop
  endfacet
  facet normal 1 0 0
    outer loop
      vertex -82.9 -4.75 8.00999
      vertex -82.9 -30.8 9.6
      vertex -82.9 -4.75 7.99001
    endloop
  endfacet
  facet normal 1 0 0
    outer loop
      vertex -82.9 -4.73297 8.26974
      vertex -82.9 -30.8 9.6
      vertex -82.9 -4.75 8.00999
    endloop
  endfacet
  facet normal 1 0 0
    outer loop
      vertex -82.9 -4.68219 8.52504
      vertex -82.9 -30.8 9.6
      vertex -82.9 -4.73297 8.26974
    endloop
  endfacet
  facet normal 1 0 0
    outer loop
      vertex -82.9 -4.59851 8.77153
      vertex -82.9 -30.8 9.6
      vertex -82.9 -4.68219 8.52504
    endloop
  endfacet
  facet normal 1 0 0
    outer loop
      vertex -82.9 -4.48338 9.00499
      vertex -82.9 -30.8 9.6
      vertex -82.9 -4.59851 8.77153
    endloop
  endfacet
  facet normal 1 0 0
    outer loop
      vertex -82.9 -4.33876 9.22144
      vertex -82.9 -30.8 9.6
      vertex -82.9 -4.48338 9.00499
    endloop
  endfacet
  facet normal 1 0 0
    outer loop
      vertex -82.9 -4.16713 9.41713
      vertex -82.9 -30.8 9.6
      vertex -82.9 -4.33876 9.22144
    endloop
  endfacet
  facet normal 1 0 0
    outer loop
      vertex -82.9 -3.97144 9.58876
      vertex -82.9 -30.8 9.6
      vertex -82.9 -4.16713 9.41713
    endloop
  endfacet
  facet normal 1 -0 0
    outer loop
      vertex -82.9 -30.8 9.6
      vertex -82.9 -3.97144 9.58876
      vertex -82.9 -3.95461 9.6
    endloop
  endfacet
  facet normal 1 0 0
    outer loop
      vertex -82.9 4.75 7.99001
      vertex -82.9 30.8 9.6
      vertex -82.9 4.75 8.00999
    endloop
  endfacet
  facet normal 1 0 0
    outer loop
      vertex -82.9 30.8 9.6
      vertex -82.9 4.73297 8.26974
      vertex -82.9 4.75 8.00999
    endloop
  endfacet
  facet normal 1 0 0
    outer loop
      vertex -82.9 30.8 9.6
      vertex -82.9 4.68219 8.52504
      vertex -82.9 4.73297 8.26974
    endloop
  endfacet
  facet normal 1 0 0
    outer loop
      vertex -82.9 30.8 9.6
      vertex -82.9 4.59851 8.77153
      vertex -82.9 4.68219 8.52504
    endloop
  endfacet
  facet normal 1 0 0
    outer loop
      vertex -82.9 30.8 9.6
      vertex -82.9 4.48338 9.00499
      vertex -82.9 4.59851 8.77153
    endloop
  endfacet
  facet normal 1 0 0
    outer loop
      vertex -82.9 30.8 9.6
      vertex -82.9 4.33876 9.22144
      vertex -82.9 4.48338 9.00499
    endloop
  endfacet
  facet normal 1 0 0
    outer loop
      vertex -82.9 30.8 9.6
      vertex -82.9 4.16713 9.41713
      vertex -82.9 4.33876 9.22144
    endloop
  endfacet
  facet normal 1 0 0
    outer loop
      vertex -82.9 30.8 9.6
      vertex -82.9 3.97144 9.58876
      vertex -82.9 4.16713 9.41713
    endloop
  endfacet
  facet normal 1 0 -0
    outer loop
      vertex -82.9 3.97144 9.58876
      vertex -82.9 30.8 9.6
      vertex -82.9 3.95461 9.6
    endloop
  endfacet
  facet normal 1 0 0
    outer loop
      vertex -82.9 4.73297 7.73026
      vertex -82.9 30.8 9.6
      vertex -82.9 4.75 7.99001
    endloop
  endfacet
  facet normal 1 0 0
    outer loop
      vertex -82.9 30.8 9.6
      vertex -82.9 4.73297 7.73026
      vertex -82.9 30.8 2
    endloop
  endfacet
  facet normal 1 -0 0
    outer loop
      vertex -82.9 4.68219 7.47496
      vertex -82.9 30.8 2
      vertex -82.9 4.73297 7.73026
    endloop
  endfacet
  facet normal 1 -0 0
    outer loop
      vertex -82.9 4.59851 7.22847
      vertex -82.9 30.8 2
      vertex -82.9 4.68219 7.47496
    endloop
  endfacet
  facet normal 1 -0 0
    outer loop
      vertex -82.9 4.48338 6.99501
      vertex -82.9 30.8 2
      vertex -82.9 4.59851 7.22847
    endloop
  endfacet
  facet normal 1 -0 0
    outer loop
      vertex -82.9 4.33876 6.77856
      vertex -82.9 30.8 2
      vertex -82.9 4.48338 6.99501
    endloop
  endfacet
  facet normal 1 -0 0
    outer loop
      vertex -82.9 4.16713 6.58287
      vertex -82.9 30.8 2
      vertex -82.9 4.33876 6.77856
    endloop
  endfacet
  facet normal 1 -0 0
    outer loop
      vertex -82.9 3.97144 6.41124
      vertex -82.9 30.8 2
      vertex -82.9 4.16713 6.58287
    endloop
  endfacet
  facet normal 1 -0 0
    outer loop
      vertex -82.9 3.75499 6.26662
      vertex -82.9 30.8 2
      vertex -82.9 3.97144 6.41124
    endloop
  endfacet
  facet normal 1 -0 0
    outer loop
      vertex -82.9 3.52153 6.15149
      vertex -82.9 30.8 2
      vertex -82.9 3.75499 6.26662
    endloop
  endfacet
  facet normal 1 -0 0
    outer loop
      vertex -82.9 3.27504 6.06781
      vertex -82.9 30.8 2
      vertex -82.9 3.52153 6.15149
    endloop
  endfacet
  facet normal 1 -0 0
    outer loop
      vertex -82.9 3.01974 6.01703
      vertex -82.9 30.8 2
      vertex -82.9 3.27504 6.06781
    endloop
  endfacet
  facet normal 1 -0 0
    outer loop
      vertex -82.9 2.75999 6
      vertex -82.9 30.8 2
      vertex -82.9 3.01974 6.01703
    endloop
  endfacet
  facet normal 1 -0 0
    outer loop
      vertex -82.9 -2.75999 6
      vertex -82.9 30.8 2
      vertex -82.9 2.75999 6
    endloop
  endfacet
  facet normal 1 0 0
    outer loop
      vertex -82.9 -30.8 2
      vertex -82.9 -2.75999 6
      vertex -82.9 -3.01974 6.01703
    endloop
  endfacet
  facet normal 1 0 0
    outer loop
      vertex -82.9 -30.8 9.6
      vertex -82.9 -4.73297 7.73026
      vertex -82.9 -4.75 7.99001
    endloop
  endfacet
  facet normal 1 0 0
    outer loop
      vertex -82.9 -30.8 2
      vertex -82.9 -4.73297 7.73026
      vertex -82.9 -30.8 9.6
    endloop
  endfacet
  facet normal 1 0 0
    outer loop
      vertex -82.9 -4.73297 7.73026
      vertex -82.9 -30.8 2
      vertex -82.9 -4.68219 7.47496
    endloop
  endfacet
  facet normal 1 0 0
    outer loop
      vertex -82.9 -4.68219 7.47496
      vertex -82.9 -30.8 2
      vertex -82.9 -4.59851 7.22847
    endloop
  endfacet
  facet normal 1 0 0
    outer loop
      vertex -82.9 -4.59851 7.22847
      vertex -82.9 -30.8 2
      vertex -82.9 -4.48338 6.99501
    endloop
  endfacet
  facet normal 1 0 0
    outer loop
      vertex -82.9 -4.48338 6.99501
      vertex -82.9 -30.8 2
      vertex -82.9 -4.33876 6.77856
    endloop
  endfacet
  facet normal 1 0 0
    outer loop
      vertex -82.9 -4.33876 6.77856
      vertex -82.9 -30.8 2
      vertex -82.9 -4.16713 6.58287
    endloop
  endfacet
  facet normal 1 0 0
    outer loop
      vertex -82.9 -4.16713 6.58287
      vertex -82.9 -30.8 2
      vertex -82.9 -3.97144 6.41124
    endloop
  endfacet
  facet normal 1 0 0
    outer loop
      vertex -82.9 -3.97144 6.41124
      vertex -82.9 -30.8 2
      vertex -82.9 -3.75499 6.26662
    endloop
  endfacet
  facet normal 1 0 0
    outer loop
      vertex -82.9 -3.75499 6.26662
      vertex -82.9 -30.8 2
      vertex -82.9 -3.52153 6.15149
    endloop
  endfacet
  facet normal 1 0 0
    outer loop
      vertex -82.9 -3.52153 6.15149
      vertex -82.9 -30.8 2
      vertex -82.9 -3.27504 6.06781
    endloop
  endfacet
  facet normal 1 0 0
    outer loop
      vertex -82.9 -2.75999 6
      vertex -82.9 -30.8 2
      vertex -82.9 30.8 2
    endloop
  endfacet
  facet normal 1 0 0
    outer loop
      vertex -82.9 -3.27504 6.06781
      vertex -82.9 -30.8 2
      vertex -82.9 -3.01974 6.01703
    endloop
  endfacet
  facet normal -0.0649964 0.997886 0
    outer loop
      vertex 82.3783 -31.3949 2
      vertex 82.3 -31.4 9.6
      vertex 82.3783 -31.3949 9.6
    endloop
  endfacet
  facet normal -0.0649964 0.997886 0
    outer loop
      vertex 82.3 -31.4 9.6
      vertex 82.3783 -31.3949 2
      vertex 82.3 -31.4 2
    endloop
  endfacet
  facet normal -0.321194 -0.947013 0
    outer loop
      vertex 82.4553 31.3795 2
      vertex 82.5296 31.3543 9.6
      vertex 82.4553 31.3795 9.6
    endloop
  endfacet
  facet normal -0.321194 -0.947013 -0
    outer loop
      vertex 82.5296 31.3543 9.6
      vertex 82.4553 31.3795 2
      vertex 82.5296 31.3543 2
    endloop
  endfacet
  facet normal 0.321194 0.947013 -0
    outer loop
      vertex -82.4553 -31.3795 2
      vertex -82.5296 -31.3543 9.6
      vertex -82.4553 -31.3795 9.6
    endloop
  endfacet
  facet normal 0.321194 0.947013 0
    outer loop
      vertex -82.5296 -31.3543 9.6
      vertex -82.4553 -31.3795 2
      vertex -82.5296 -31.3543 2
    endloop
  endfacet
  facet normal 0 1 -0
    outer loop
      vertex 82.3 -31.4 2
      vertex -82.3 -31.4 9.6
      vertex 82.3 -31.4 9.6
    endloop
  endfacet
  facet normal 0 1 0
    outer loop
      vertex -82.3 -31.4 9.6
      vertex 82.3 -31.4 2
      vertex -82.3 -31.4 2
    endloop
  endfacet
  facet normal 0.0649964 -0.997886 0
    outer loop
      vertex -82.3783 31.3949 2
      vertex -82.3 31.4 9.6
      vertex -82.3783 31.3949 9.6
    endloop
  endfacet
  facet normal 0.0649964 -0.997886 0
    outer loop
      vertex -82.3 31.4 9.6
      vertex -82.3783 31.3949 2
      vertex -82.3 31.4 2
    endloop
  endfacet
  facet normal -1 0 0
    outer loop
      vertex 82.9 6.48724 7.79552
      vertex 82.9 30.8 9.6
      vertex 82.9 30.8 2
    endloop
  endfacet
  facet normal -1 0 0
    outer loop
      vertex 82.9 30.8 9.6
      vertex 82.9 6.48724 7.79552
      vertex 82.9 6.5 7.99001
    endloop
  endfacet
  facet normal -1 0 0
    outer loop
      vertex 82.9 30.8 2
      vertex 82.9 6.44922 7.60437
      vertex 82.9 6.48724 7.79552
    endloop
  endfacet
  facet normal -1 0 0
    outer loop
      vertex 82.9 30.8 2
      vertex 82.9 6.38658 7.4198
      vertex 82.9 6.44922 7.60437
    endloop
  endfacet
  facet normal -1 0 0
    outer loop
      vertex 82.9 30.8 2
      vertex 82.9 6.30037 7.24501
      vertex 82.9 6.38658 7.4198
    endloop
  endfacet
  facet normal -1 0 0
    outer loop
      vertex 82.9 30.8 2
      vertex 82.9 6.19209 7.08295
      vertex 82.9 6.30037 7.24501
    endloop
  endfacet
  facet normal -1 0 0
    outer loop
      vertex 82.9 30.8 2
      vertex 82.9 6.06358 6.93642
      vertex 82.9 6.19209 7.08295
    endloop
  endfacet
  facet normal -1 0 0
    outer loop
      vertex 82.9 30.8 2
      vertex 82.9 5.91705 6.80791
      vertex 82.9 6.06358 6.93642
    endloop
  endfacet
  facet normal -1 0 0
    outer loop
      vertex 82.9 30.8 2
      vertex 82.9 5.75499 6.69963
      vertex 82.9 5.91705 6.80791
    endloop
  endfacet
  facet normal -1 0 0
    outer loop
      vertex 82.9 30.8 2
      vertex 82.9 5.5802 6.61342
      vertex 82.9 5.75499 6.69963
    endloop
  endfacet
  facet normal -1 0 0
    outer loop
      vertex 82.9 30.8 2
      vertex 82.9 5.39563 6.55078
      vertex 82.9 5.5802 6.61342
    endloop
  endfacet
  facet normal -1 0 0
    outer loop
      vertex 82.9 30.8 2
      vertex 82.9 5.20448 6.51276
      vertex 82.9 5.39563 6.55078
    endloop
  endfacet
  facet normal -1 0 0
    outer loop
      vertex 82.9 30.8 2
      vertex 82.9 5.00999 6.5
      vertex 82.9 5.20448 6.51276
    endloop
  endfacet
  facet normal -1 0 0
    outer loop
      vertex 82.9 30.8 2
      vertex 82.9 -5.00999 6.5
      vertex 82.9 5.00999 6.5
    endloop
  endfacet
  facet normal -1 0 0
    outer loop
      vertex 82.9 -30.8 2
      vertex 82.9 -5.00999 6.5
      vertex 82.9 30.8 2
    endloop
  endfacet
  facet normal -1 0 0
    outer loop
      vertex 82.9 -6.48724 7.79552
      vertex 82.9 -30.8 9.6
      vertex 82.9 -6.5 7.99001
    endloop
  endfacet
  facet normal -1 0 0
    outer loop
      vertex 82.9 -30.8 9.6
      vertex 82.9 -6.48724 7.79552
      vertex 82.9 -30.8 2
    endloop
  endfacet
  facet normal -1 -0 0
    outer loop
      vertex 82.9 -6.44922 7.60437
      vertex 82.9 -30.8 2
      vertex 82.9 -6.48724 7.79552
    endloop
  endfacet
  facet normal -1 -0 0
    outer loop
      vertex 82.9 -6.38658 7.4198
      vertex 82.9 -30.8 2
      vertex 82.9 -6.44922 7.60437
    endloop
  endfacet
  facet normal -1 -0 0
    outer loop
      vertex 82.9 -6.30037 7.24501
      vertex 82.9 -30.8 2
      vertex 82.9 -6.38658 7.4198
    endloop
  endfacet
  facet normal -1 -0 0
    outer loop
      vertex 82.9 -6.19209 7.08295
      vertex 82.9 -30.8 2
      vertex 82.9 -6.30037 7.24501
    endloop
  endfacet
  facet normal -1 -0 0
    outer loop
      vertex 82.9 -6.06358 6.93642
      vertex 82.9 -30.8 2
      vertex 82.9 -6.19209 7.08295
    endloop
  endfacet
  facet normal -1 -0 0
    outer loop
      vertex 82.9 -5.91705 6.80791
      vertex 82.9 -30.8 2
      vertex 82.9 -6.06358 6.93642
    endloop
  endfacet
  facet normal -1 -0 0
    outer loop
      vertex 82.9 -5.75499 6.69963
      vertex 82.9 -30.8 2
      vertex 82.9 -5.91705 6.80791
    endloop
  endfacet
  facet normal -1 -0 0
    outer loop
      vertex 82.9 -5.5802 6.61342
      vertex 82.9 -30.8 2
      vertex 82.9 -5.75499 6.69963
    endloop
  endfacet
  facet normal -1 -0 0
    outer loop
      vertex 82.9 -5.39563 6.55078
      vertex 82.9 -30.8 2
      vertex 82.9 -5.5802 6.61342
    endloop
  endfacet
  facet normal -1 -0 0
    outer loop
      vertex 82.9 -5.20448 6.51276
      vertex 82.9 -30.8 2
      vertex 82.9 -5.39563 6.55078
    endloop
  endfacet
  facet normal -1 -0 0
    outer loop
      vertex 82.9 -5.00999 6.5
      vertex 82.9 -30.8 2
      vertex 82.9 -5.20448 6.51276
    endloop
  endfacet
  facet normal -1 0 0
    outer loop
      vertex 82.9 6.5 8.00999
      vertex 82.9 30.8 9.6
      vertex 82.9 6.5 7.99001
    endloop
  endfacet
  facet normal -1 0 0
    outer loop
      vertex 82.9 6.48724 8.20448
      vertex 82.9 30.8 9.6
      vertex 82.9 6.5 8.00999
    endloop
  endfacet
  facet normal -1 0 0
    outer loop
      vertex 82.9 6.44922 8.39563
      vertex 82.9 30.8 9.6
      vertex 82.9 6.48724 8.20448
    endloop
  endfacet
  facet normal -1 0 0
    outer loop
      vertex 82.9 6.38658 8.5802
      vertex 82.9 30.8 9.6
      vertex 82.9 6.44922 8.39563
    endloop
  endfacet
  facet normal -1 0 0
    outer loop
      vertex 82.9 6.30037 8.75499
      vertex 82.9 30.8 9.6
      vertex 82.9 6.38658 8.5802
    endloop
  endfacet
  facet normal -1 0 0
    outer loop
      vertex 82.9 6.19209 8.91705
      vertex 82.9 30.8 9.6
      vertex 82.9 6.30037 8.75499
    endloop
  endfacet
  facet normal -1 0 0
    outer loop
      vertex 82.9 6.06358 9.06358
      vertex 82.9 30.8 9.6
      vertex 82.9 6.19209 8.91705
    endloop
  endfacet
  facet normal -1 0 0
    outer loop
      vertex 82.9 5.91705 9.19209
      vertex 82.9 30.8 9.6
      vertex 82.9 6.06358 9.06358
    endloop
  endfacet
  facet normal -1 0 0
    outer loop
      vertex 82.9 5.75499 9.30037
      vertex 82.9 30.8 9.6
      vertex 82.9 5.91705 9.19209
    endloop
  endfacet
  facet normal -1 0 0
    outer loop
      vertex 82.9 5.5802 9.38658
      vertex 82.9 30.8 9.6
      vertex 82.9 5.75499 9.30037
    endloop
  endfacet
  facet normal -1 0 0
    outer loop
      vertex 82.9 5.39563 9.44922
      vertex 82.9 30.8 9.6
      vertex 82.9 5.5802 9.38658
    endloop
  endfacet
  facet normal -1 0 0
    outer loop
      vertex 82.9 5.20448 9.48724
      vertex 82.9 30.8 9.6
      vertex 82.9 5.39563 9.44922
    endloop
  endfacet
  facet normal -1 0 0
    outer loop
      vertex 82.9 5.00999 9.5
      vertex 82.9 30.8 9.6
      vertex 82.9 5.20448 9.48724
    endloop
  endfacet
  facet normal -1 0 0
    outer loop
      vertex 82.9 -5.00999 9.5
      vertex 82.9 30.8 9.6
      vertex 82.9 5.00999 9.5
    endloop
  endfacet
  facet normal -1 0 0
    outer loop
      vertex 82.9 -6.5 7.99001
      vertex 82.9 -30.8 9.6
      vertex 82.9 -6.5 8.00999
    endloop
  endfacet
  facet normal -1 0 0
    outer loop
      vertex 82.9 -6.5 8.00999
      vertex 82.9 -30.8 9.6
      vertex 82.9 -6.48724 8.20448
    endloop
  endfacet
  facet normal -1 0 0
    outer loop
      vertex 82.9 -6.48724 8.20448
      vertex 82.9 -30.8 9.6
      vertex 82.9 -6.44922 8.39563
    endloop
  endfacet
  facet normal -1 0 0
    outer loop
      vertex 82.9 -6.44922 8.39563
      vertex 82.9 -30.8 9.6
      vertex 82.9 -6.38658 8.5802
    endloop
  endfacet
  facet normal -1 0 0
    outer loop
      vertex 82.9 -6.38658 8.5802
      vertex 82.9 -30.8 9.6
      vertex 82.9 -6.30037 8.75499
    endloop
  endfacet
  facet normal -1 0 0
    outer loop
      vertex 82.9 -6.30037 8.75499
      vertex 82.9 -30.8 9.6
      vertex 82.9 -6.19209 8.91705
    endloop
  endfacet
  facet normal -1 0 0
    outer loop
      vertex 82.9 -6.19209 8.91705
      vertex 82.9 -30.8 9.6
      vertex 82.9 -6.06358 9.06358
    endloop
  endfacet
  facet normal -1 0 0
    outer loop
      vertex 82.9 -6.06358 9.06358
      vertex 82.9 -30.8 9.6
      vertex 82.9 -5.91705 9.19209
    endloop
  endfacet
  facet normal -1 0 0
    outer loop
      vertex 82.9 -5.91705 9.19209
      vertex 82.9 -30.8 9.6
      vertex 82.9 -5.75499 9.30037
    endloop
  endfacet
  facet normal -1 0 0
    outer loop
      vertex 82.9 -5.75499 9.30037
      vertex 82.9 -30.8 9.6
      vertex 82.9 -5.5802 9.38658
    endloop
  endfacet
  facet normal -1 0 0
    outer loop
      vertex 82.9 -5.00999 9.5
      vertex 82.9 -30.8 9.6
      vertex 82.9 30.8 9.6
    endloop
  endfacet
  facet normal -1 0 0
    outer loop
      vertex 82.9 -5.20448 9.48724
      vertex 82.9 -30.8 9.6
      vertex 82.9 -5.00999 9.5
    endloop
  endfacet
  facet normal -1 0 0
    outer loop
      vertex 82.9 -5.39563 9.44922
      vertex 82.9 -30.8 9.6
      vertex 82.9 -5.20448 9.48724
    endloop
  endfacet
  facet normal -1 0 0
    outer loop
      vertex 82.9 -5.5802 9.38658
      vertex 82.9 -30.8 9.6
      vertex 82.9 -5.39563 9.44922
    endloop
  endfacet
  facet normal 0.196116 0.980581 -0
    outer loop
      vertex -82.3783 -31.3949 2
      vertex -82.4553 -31.3795 9.6
      vertex -82.3783 -31.3949 9.6
    endloop
  endfacet
  facet normal 0.196116 0.980581 0
    outer loop
      vertex -82.4553 -31.3795 9.6
      vertex -82.3783 -31.3949 2
      vertex -82.4553 -31.3795 2
    endloop
  endfacet
  facet normal 0.196116 -0.980581 0
    outer loop
      vertex -82.4553 31.3795 2
      vertex -82.3783 31.3949 9.6
      vertex -82.4553 31.3795 9.6
    endloop
  endfacet
  facet normal 0.196116 -0.980581 0
    outer loop
      vertex -82.3783 31.3949 9.6
      vertex -82.4553 31.3795 2
      vertex -82.3783 31.3949 2
    endloop
  endfacet
  facet normal -0.0649964 -0.997886 0
    outer loop
      vertex 82.3 31.4 2
      vertex 82.3783 31.3949 9.6
      vertex 82.3 31.4 9.6
    endloop
  endfacet
  facet normal -0.0649964 -0.997886 -0
    outer loop
      vertex 82.3783 31.3949 9.6
      vertex 82.3 31.4 2
      vertex 82.3783 31.3949 2
    endloop
  endfacet
  facet normal -0.196116 -0.980581 0
    outer loop
      vertex 82.3783 31.3949 2
      vertex 82.4553 31.3795 9.6
      vertex 82.3783 31.3949 9.6
    endloop
  endfacet
  facet normal -0.196116 -0.980581 -0
    outer loop
      vertex 82.4553 31.3795 9.6
      vertex 82.3783 31.3949 2
      vertex 82.4553 31.3795 2
    endloop
  endfacet
  facet normal 0 -1 0
    outer loop
      vertex -82.3 31.4 2
      vertex 82.3 31.4 9.6
      vertex -82.3 31.4 9.6
    endloop
  endfacet
  facet normal 0 -1 -0
    outer loop
      vertex 82.3 31.4 9.6
      vertex -82.3 31.4 2
      vertex 82.3 31.4 2
    endloop
  endfacet
  facet normal 0.555877 -0.831265 0
    outer loop
      vertex -82.6652 31.276 2
      vertex -82.6 31.3196 9.6
      vertex -82.6652 31.276 9.6
    endloop
  endfacet
  facet normal 0.555877 -0.831265 0
    outer loop
      vertex -82.6 31.3196 9.6
      vertex -82.6652 31.276 2
      vertex -82.6 31.3196 2
    endloop
  endfacet
  facet normal 0 0 1
    outer loop
      vertex 75.6022 26.2235 2
      vertex -75.6022 26.2235 2
      vertex 75.6022 -26.2235 2
    endloop
  endfacet
  facet normal 0 0 1
    outer loop
      vertex 75.6022 -26.2235 2
      vertex -75.5257 -26.6084 2
      vertex -75.5 -27 2
    endloop
  endfacet
  facet normal 0 0 1
    outer loop
      vertex -75.6022 -26.2235 2
      vertex 75.6022 -26.2235 2
      vertex -75.6022 26.2235 2
    endloop
  endfacet
  facet normal 0 0 1
    outer loop
      vertex 75.6022 -26.2235 2
      vertex -75.6022 -26.2235 2
      vertex -75.5257 -26.6084 2
    endloop
  endfacet
  facet normal -0 0 1
    outer loop
      vertex -75.7284 25.852 2
      vertex -75.6022 -26.2235 2
      vertex -75.6022 26.2235 2
    endloop
  endfacet
  facet normal 0 0 1
    outer loop
      vertex -75.7284 25.852 2
      vertex -75.7284 -25.852 2
      vertex -75.6022 -26.2235 2
    endloop
  endfacet
  facet normal -0 0 1
    outer loop
      vertex -75.9019 25.5 2
      vertex -75.7284 -25.852 2
      vertex -75.7284 25.852 2
    endloop
  endfacet
  facet normal 0 0 1
    outer loop
      vertex -75.9019 25.5 2
      vertex -75.9019 -25.5 2
      vertex -75.7284 -25.852 2
    endloop
  endfacet
  facet normal -0 0 1
    outer loop
      vertex -76.1199 25.1737 2
      vertex -75.9019 -25.5 2
      vertex -75.9019 25.5 2
    endloop
  endfacet
  facet normal 0 0 1
    outer loop
      vertex -76.1199 25.1737 2
      vertex -76.1199 -25.1737 2
      vertex -75.9019 -25.5 2
    endloop
  endfacet
  facet normal -0 0 1
    outer loop
      vertex -76.3787 24.8787 2
      vertex -76.1199 -25.1737 2
      vertex -76.1199 25.1737 2
    endloop
  endfacet
  facet normal 0 0 1
    outer loop
      vertex -76.3787 24.8787 2
      vertex -76.3787 -24.8787 2
      vertex -76.1199 -25.1737 2
    endloop
  endfacet
  facet normal -0 0 1
    outer loop
      vertex -76.6737 24.6199 2
      vertex -76.3787 -24.8787 2
      vertex -76.3787 24.8787 2
    endloop
  endfacet
  facet normal 0 0 1
    outer loop
      vertex -76.6737 24.6199 2
      vertex -76.6737 -24.6199 2
      vertex -76.3787 -24.8787 2
    endloop
  endfacet
  facet normal -0 0 1
    outer loop
      vertex -77 24.4019 2
      vertex -76.6737 -24.6199 2
      vertex -76.6737 24.6199 2
    endloop
  endfacet
  facet normal 0 0 1
    outer loop
      vertex -77 24.4019 2
      vertex -77 -24.4019 2
      vertex -76.6737 -24.6199 2
    endloop
  endfacet
  facet normal -0 0 1
    outer loop
      vertex -77.352 24.2284 2
      vertex -77 -24.4019 2
      vertex -77 24.4019 2
    endloop
  endfacet
  facet normal 0 0 1
    outer loop
      vertex -77.352 24.2284 2
      vertex -77.352 -24.2284 2
      vertex -77 -24.4019 2
    endloop
  endfacet
  facet normal -0 0 1
    outer loop
      vertex -77.7235 24.1022 2
      vertex -77.352 -24.2284 2
      vertex -77.352 24.2284 2
    endloop
  endfacet
  facet normal 0 0 1
    outer loop
      vertex -77.7235 24.1022 2
      vertex -77.7235 -24.1022 2
      vertex -77.352 -24.2284 2
    endloop
  endfacet
  facet normal -0 0 1
    outer loop
      vertex -78.1084 24.0257 2
      vertex -77.7235 -24.1022 2
      vertex -77.7235 24.1022 2
    endloop
  endfacet
  facet normal 0 0 1
    outer loop
      vertex -78.1084 24.0257 2
      vertex -78.1084 -24.0257 2
      vertex -77.7235 -24.1022 2
    endloop
  endfacet
  facet normal -0 0 1
    outer loop
      vertex -78.5 24 2
      vertex -78.1084 -24.0257 2
      vertex -78.1084 24.0257 2
    endloop
  endfacet
  facet normal 0 0 1
    outer loop
      vertex -78.5 24 2
      vertex -78.5 -24 2
      vertex -78.1084 -24.0257 2
    endloop
  endfacet
  facet normal 0 0 1
    outer loop
      vertex -78.8916 24.0257 2
      vertex -78.5 -24 2
      vertex -78.5 24 2
    endloop
  endfacet
  facet normal 0 0 1
    outer loop
      vertex -78.8916 24.0257 2
      vertex -78.8916 -24.0257 2
      vertex -78.5 -24 2
    endloop
  endfacet
  facet normal 0 0 1
    outer loop
      vertex -79.2765 24.1022 2
      vertex -78.8916 -24.0257 2
      vertex -78.8916 24.0257 2
    endloop
  endfacet
  facet normal 0 0 1
    outer loop
      vertex -79.2765 24.1022 2
      vertex -79.2765 -24.1022 2
      vertex -78.8916 -24.0257 2
    endloop
  endfacet
  facet normal 0 0 1
    outer loop
      vertex -79.648 24.2284 2
      vertex -79.2765 -24.1022 2
      vertex -79.2765 24.1022 2
    endloop
  endfacet
  facet normal 0 0 1
    outer loop
      vertex -79.648 24.2284 2
      vertex -79.648 -24.2284 2
      vertex -79.2765 -24.1022 2
    endloop
  endfacet
  facet normal 0 0 1
    outer loop
      vertex -80 24.4019 2
      vertex -79.648 -24.2284 2
      vertex -79.648 24.2284 2
    endloop
  endfacet
  facet normal 0 0 1
    outer loop
      vertex -80 24.4019 2
      vertex -80 -24.4019 2
      vertex -79.648 -24.2284 2
    endloop
  endfacet
  facet normal 0 0 1
    outer loop
      vertex -80.3263 24.6199 2
      vertex -80 -24.4019 2
      vertex -80 24.4019 2
    endloop
  endfacet
  facet normal 0 0 1
    outer loop
      vertex -80.3263 24.6199 2
      vertex -80.3263 -24.6199 2
      vertex -80 -24.4019 2
    endloop
  endfacet
  facet normal 0 0 1
    outer loop
      vertex -80.6213 24.8787 2
      vertex -80.3263 -24.6199 2
      vertex -80.3263 24.6199 2
    endloop
  endfacet
  facet normal 0 0 1
    outer loop
      vertex -80.6213 24.8787 2
      vertex -80.6213 -24.8787 2
      vertex -80.3263 -24.6199 2
    endloop
  endfacet
  facet normal 0 0 1
    outer loop
      vertex -80.8801 25.1737 2
      vertex -80.6213 -24.8787 2
      vertex -80.6213 24.8787 2
    endloop
  endfacet
  facet normal 0 0 1
    outer loop
      vertex -80.8801 25.1737 2
      vertex -80.8801 -25.1737 2
      vertex -80.6213 -24.8787 2
    endloop
  endfacet
  facet normal 0 0 1
    outer loop
      vertex -81.0981 25.5 2
      vertex -80.8801 -25.1737 2
      vertex -80.8801 25.1737 2
    endloop
  endfacet
  facet normal 0 0 1
    outer loop
      vertex -81.0981 25.5 2
      vertex -81.0981 -25.5 2
      vertex -80.8801 -25.1737 2
    endloop
  endfacet
  facet normal 0 0 1
    outer loop
      vertex -81.2716 25.852 2
      vertex -81.0981 -25.5 2
      vertex -81.0981 25.5 2
    endloop
  endfacet
  facet normal 0 0 1
    outer loop
      vertex -81.2716 25.852 2
      vertex -81.2716 -25.852 2
      vertex -81.0981 -25.5 2
    endloop
  endfacet
  facet normal 0 0 1
    outer loop
      vertex -81.3978 26.2235 2
      vertex -81.2716 -25.852 2
      vertex -81.2716 25.852 2
    endloop
  endfacet
  facet normal 0 0 1
    outer loop
      vertex -81.3978 26.2235 2
      vertex -81.3978 -26.2235 2
      vertex -81.2716 -25.852 2
    endloop
  endfacet
  facet normal 0 0 1
    outer loop
      vertex -82.9 30.8 2
      vertex -81.3978 26.2235 2
      vertex -81.4743 26.6084 2
    endloop
  endfacet
  facet normal 0 0 1
    outer loop
      vertex -81.3978 26.2235 2
      vertex -82.9 30.8 2
      vertex -81.3978 -26.2235 2
    endloop
  endfacet
  facet normal 0 0 1
    outer loop
      vertex -82.9 30.8 2
      vertex -81.4743 26.6084 2
      vertex -81.5 27 2
    endloop
  endfacet
  facet normal 0 0 1
    outer loop
      vertex -82.9 -30.8 2
      vertex -81.3978 -26.2235 2
      vertex -82.9 30.8 2
    endloop
  endfacet
  facet normal 0 0 1
    outer loop
      vertex 82.9 30.8 2
      vertex 81.3978 26.2235 2
      vertex 82.9 -30.8 2
    endloop
  endfacet
  facet normal 0 0 1
    outer loop
      vertex 82.9 -30.8 2
      vertex 81.4743 -26.6084 2
      vertex 81.5 -27 2
    endloop
  endfacet
  facet normal -0 0 1
    outer loop
      vertex 81.3978 -26.2235 2
      vertex 82.9 -30.8 2
      vertex 81.3978 26.2235 2
    endloop
  endfacet
  facet normal 0 0 1
    outer loop
      vertex 82.9 -30.8 2
      vertex 81.3978 -26.2235 2
      vertex 81.4743 -26.6084 2
    endloop
  endfacet
  facet normal -0 0 1
    outer loop
      vertex 81.2716 25.852 2
      vertex 81.3978 -26.2235 2
      vertex 81.3978 26.2235 2
    endloop
  endfacet
  facet normal 0 0 1
    outer loop
      vertex 81.2716 25.852 2
      vertex 81.2716 -25.852 2
      vertex 81.3978 -26.2235 2
    endloop
  endfacet
  facet normal -0 0 1
    outer loop
      vertex 81.0981 25.5 2
      vertex 81.2716 -25.852 2
      vertex 81.2716 25.852 2
    endloop
  endfacet
  facet normal 0 0 1
    outer loop
      vertex 81.0981 25.5 2
      vertex 81.0981 -25.5 2
      vertex 81.2716 -25.852 2
    endloop
  endfacet
  facet normal -0 0 1
    outer loop
      vertex 80.8801 25.1737 2
      vertex 81.0981 -25.5 2
      vertex 81.0981 25.5 2
    endloop
  endfacet
  facet normal 0 0 1
    outer loop
      vertex 80.8801 25.1737 2
      vertex 80.8801 -25.1737 2
      vertex 81.0981 -25.5 2
    endloop
  endfacet
  facet normal -0 0 1
    outer loop
      vertex 80.6213 24.8787 2
      vertex 80.8801 -25.1737 2
      vertex 80.8801 25.1737 2
    endloop
  endfacet
  facet normal 0 0 1
    outer loop
      vertex 80.6213 24.8787 2
      vertex 80.6213 -24.8787 2
      vertex 80.8801 -25.1737 2
    endloop
  endfacet
  facet normal -0 0 1
    outer loop
      vertex 80.3263 24.6199 2
      vertex 80.6213 -24.8787 2
      vertex 80.6213 24.8787 2
    endloop
  endfacet
  facet normal 0 0 1
    outer loop
      vertex 80.3263 24.6199 2
      vertex 80.3263 -24.6199 2
      vertex 80.6213 -24.8787 2
    endloop
  endfacet
  facet normal -0 0 1
    outer loop
      vertex 80 24.4019 2
      vertex 80.3263 -24.6199 2
      vertex 80.3263 24.6199 2
    endloop
  endfacet
  facet normal 0 0 1
    outer loop
      vertex 80 24.4019 2
      vertex 80 -24.4019 2
      vertex 80.3263 -24.6199 2
    endloop
  endfacet
  facet normal -0 0 1
    outer loop
      vertex 79.648 24.2284 2
      vertex 80 -24.4019 2
      vertex 80 24.4019 2
    endloop
  endfacet
  facet normal 0 0 1
    outer loop
      vertex 79.648 24.2284 2
      vertex 79.648 -24.2284 2
      vertex 80 -24.4019 2
    endloop
  endfacet
  facet normal -0 0 1
    outer loop
      vertex 79.2765 24.1022 2
      vertex 79.648 -24.2284 2
      vertex 79.648 24.2284 2
    endloop
  endfacet
  facet normal 0 0 1
    outer loop
      vertex 79.2765 24.1022 2
      vertex 79.2765 -24.1022 2
      vertex 79.648 -24.2284 2
    endloop
  endfacet
  facet normal -0 0 1
    outer loop
      vertex 78.8916 24.0257 2
      vertex 79.2765 -24.1022 2
      vertex 79.2765 24.1022 2
    endloop
  endfacet
  facet normal 0 0 1
    outer loop
      vertex 78.8916 24.0257 2
      vertex 78.8916 -24.0257 2
      vertex 79.2765 -24.1022 2
    endloop
  endfacet
  facet normal -0 0 1
    outer loop
      vertex 78.5 24 2
      vertex 78.8916 -24.0257 2
      vertex 78.8916 24.0257 2
    endloop
  endfacet
  facet normal 0 0 1
    outer loop
      vertex 78.5 24 2
      vertex 78.5 -24 2
      vertex 78.8916 -24.0257 2
    endloop
  endfacet
  facet normal 0 0 1
    outer loop
      vertex 78.1084 24.0257 2
      vertex 78.5 -24 2
      vertex 78.5 24 2
    endloop
  endfacet
  facet normal 0 0 1
    outer loop
      vertex 78.1084 24.0257 2
      vertex 78.1084 -24.0257 2
      vertex 78.5 -24 2
    endloop
  endfacet
  facet normal 0 0 1
    outer loop
      vertex 77.7235 24.1022 2
      vertex 78.1084 -24.0257 2
      vertex 78.1084 24.0257 2
    endloop
  endfacet
  facet normal 0 0 1
    outer loop
      vertex 77.7235 24.1022 2
      vertex 77.7235 -24.1022 2
      vertex 78.1084 -24.0257 2
    endloop
  endfacet
  facet normal 0 0 1
    outer loop
      vertex 77.352 24.2284 2
      vertex 77.7235 -24.1022 2
      vertex 77.7235 24.1022 2
    endloop
  endfacet
  facet normal 0 0 1
    outer loop
      vertex 77.352 24.2284 2
      vertex 77.352 -24.2284 2
      vertex 77.7235 -24.1022 2
    endloop
  endfacet
  facet normal 0 0 1
    outer loop
      vertex 77 24.4019 2
      vertex 77.352 -24.2284 2
      vertex 77.352 24.2284 2
    endloop
  endfacet
  facet normal 0 0 1
    outer loop
      vertex 77 24.4019 2
      vertex 77 -24.4019 2
      vertex 77.352 -24.2284 2
    endloop
  endfacet
  facet normal 0 0 1
    outer loop
      vertex 76.6737 24.6199 2
      vertex 77 -24.4019 2
      vertex 77 24.4019 2
    endloop
  endfacet
  facet normal 0 0 1
    outer loop
      vertex 76.6737 24.6199 2
      vertex 76.6737 -24.6199 2
      vertex 77 -24.4019 2
    endloop
  endfacet
  facet normal 0 0 1
    outer loop
      vertex 76.3787 24.8787 2
      vertex 76.6737 -24.6199 2
      vertex 76.6737 24.6199 2
    endloop
  endfacet
  facet normal 0 0 1
    outer loop
      vertex 76.3787 24.8787 2
      vertex 76.3787 -24.8787 2
      vertex 76.6737 -24.6199 2
    endloop
  endfacet
  facet normal 0 0 1
    outer loop
      vertex 76.1199 25.1737 2
      vertex 76.3787 -24.8787 2
      vertex 76.3787 24.8787 2
    endloop
  endfacet
  facet normal 0 0 1
    outer loop
      vertex 76.1199 25.1737 2
      vertex 76.1199 -25.1737 2
      vertex 76.3787 -24.8787 2
    endloop
  endfacet
  facet normal 0 0 1
    outer loop
      vertex 75.9019 25.5 2
      vertex 76.1199 -25.1737 2
      vertex 76.1199 25.1737 2
    endloop
  endfacet
  facet normal 0 0 1
    outer loop
      vertex 75.9019 25.5 2
      vertex 75.9019 -25.5 2
      vertex 76.1199 -25.1737 2
    endloop
  endfacet
  facet normal 0 0 1
    outer loop
      vertex 75.7284 25.852 2
      vertex 75.9019 -25.5 2
      vertex 75.9019 25.5 2
    endloop
  endfacet
  facet normal 0 0 1
    outer loop
      vertex 75.7284 25.852 2
      vertex 75.7284 -25.852 2
      vertex 75.9019 -25.5 2
    endloop
  endfacet
  facet normal 0 0 1
    outer loop
      vertex 75.6022 26.2235 2
      vertex 75.7284 -25.852 2
      vertex 75.7284 25.852 2
    endloop
  endfacet
  facet normal 0 0 1
    outer loop
      vertex 75.6022 26.2235 2
      vertex 75.6022 -26.2235 2
      vertex 75.7284 -25.852 2
    endloop
  endfacet
  facet normal 0 0 1
    outer loop
      vertex -75.5257 26.6084 2
      vertex 75.5257 26.6084 2
      vertex -75.5 27 2
    endloop
  endfacet
  facet normal 0 0 1
    outer loop
      vertex 75.5257 26.6084 2
      vertex -75.5257 26.6084 2
      vertex 75.6022 26.2235 2
    endloop
  endfacet
  facet normal -0 0 1
    outer loop
      vertex -75.5 27 2
      vertex 75.5257 26.6084 2
      vertex 75.5 27 2
    endloop
  endfacet
  facet normal 0 0 1
    outer loop
      vertex -75.6022 26.2235 2
      vertex 75.6022 26.2235 2
      vertex -75.5257 26.6084 2
    endloop
  endfacet
  facet normal 0 0 1
    outer loop
      vertex 82.3 31.4 2
      vertex 82.9 30.8 2
      vertex 82.8949 30.8783 2
    endloop
  endfacet
  facet normal 0 0 1
    outer loop
      vertex 81.4743 26.6084 2
      vertex 82.9 30.8 2
      vertex 81.5 27 2
    endloop
  endfacet
  facet normal 0 0 1
    outer loop
      vertex 82.3 31.4 2
      vertex 82.8949 30.8783 2
      vertex 82.8795 30.9553 2
    endloop
  endfacet
  facet normal 0 0 1
    outer loop
      vertex 81.3978 26.2235 2
      vertex 82.9 30.8 2
      vertex 81.4743 26.6084 2
    endloop
  endfacet
  facet normal 0 0 1
    outer loop
      vertex 82.3 31.4 2
      vertex 82.8795 30.9553 2
      vertex 82.8543 31.0296 2
    endloop
  endfacet
  facet normal -0 0 1
    outer loop
      vertex 81.4743 -27.3916 2
      vertex 82.9 -30.8 2
      vertex 81.5 -27 2
    endloop
  endfacet
  facet normal 0 0 1
    outer loop
      vertex 82.3 31.4 2
      vertex 82.8543 31.0296 2
      vertex 82.8196 31.1 2
    endloop
  endfacet
  facet normal -0 0 1
    outer loop
      vertex 81.3978 -27.7765 2
      vertex 82.9 -30.8 2
      vertex 81.4743 -27.3916 2
    endloop
  endfacet
  facet normal 0 0 1
    outer loop
      vertex 82.3 31.4 2
      vertex 82.8196 31.1 2
      vertex 82.776 31.1652 2
    endloop
  endfacet
  facet normal -0 0 1
    outer loop
      vertex 81.2716 -28.148 2
      vertex 82.9 -30.8 2
      vertex 81.3978 -27.7765 2
    endloop
  endfacet
  facet normal 0 0 1
    outer loop
      vertex 82.3 31.4 2
      vertex 82.776 31.1652 2
      vertex 82.7243 31.2243 2
    endloop
  endfacet
  facet normal -0 0 1
    outer loop
      vertex 81.0981 -28.5 2
      vertex 82.9 -30.8 2
      vertex 81.2716 -28.148 2
    endloop
  endfacet
  facet normal 0 0 1
    outer loop
      vertex 82.3 31.4 2
      vertex 82.7243 31.2243 2
      vertex 82.6652 31.276 2
    endloop
  endfacet
  facet normal -0 0 1
    outer loop
      vertex 80.8801 -28.8263 2
      vertex 82.9 -30.8 2
      vertex 81.0981 -28.5 2
    endloop
  endfacet
  facet normal 0 0 1
    outer loop
      vertex 82.3 31.4 2
      vertex 82.6652 31.276 2
      vertex 82.6 31.3196 2
    endloop
  endfacet
  facet normal -0 0 1
    outer loop
      vertex 80.6213 -29.1213 2
      vertex 82.9 -30.8 2
      vertex 80.8801 -28.8263 2
    endloop
  endfacet
  facet normal 0 0 1
    outer loop
      vertex 82.3 31.4 2
      vertex 82.6 31.3196 2
      vertex 82.5296 31.3543 2
    endloop
  endfacet
  facet normal 0 -0 1
    outer loop
      vertex 82.3 -31.4 2
      vertex 82.9 -30.8 2
      vertex 80.6213 -29.1213 2
    endloop
  endfacet
  facet normal 0 0 1
    outer loop
      vertex 82.3 31.4 2
      vertex 82.5296 31.3543 2
      vertex 82.4553 31.3795 2
    endloop
  endfacet
  facet normal 0 0 1
    outer loop
      vertex 82.9 -30.8 2
      vertex 82.3 -31.4 2
      vertex 82.8949 -30.8783 2
    endloop
  endfacet
  facet normal 0 0 1
    outer loop
      vertex 82.3 31.4 2
      vertex 82.4553 31.3795 2
      vertex 82.3783 31.3949 2
    endloop
  endfacet
  facet normal 0 0 1
    outer loop
      vertex 82.8949 -30.8783 2
      vertex 82.3 -31.4 2
      vertex 82.8795 -30.9553 2
    endloop
  endfacet
  facet normal 0 0 1
    outer loop
      vertex 82.9 30.8 2
      vertex 82.3 31.4 2
      vertex 80.6213 29.1213 2
    endloop
  endfacet
  facet normal 0 0 1
    outer loop
      vertex 82.8795 -30.9553 2
      vertex 82.3 -31.4 2
      vertex 82.8543 -31.0296 2
    endloop
  endfacet
  facet normal 0 0 1
    outer loop
      vertex 82.8196 -31.1 2
      vertex 82.3 -31.4 2
      vertex 82.776 -31.1652 2
    endloop
  endfacet
  facet normal 0 0 1
    outer loop
      vertex 82.9 30.8 2
      vertex 81.4743 27.3916 2
      vertex 81.5 27 2
    endloop
  endfacet
  facet normal 0 0 1
    outer loop
      vertex 82.9 30.8 2
      vertex 81.3978 27.7765 2
      vertex 81.4743 27.3916 2
    endloop
  endfacet
  facet normal 0 0 1
    outer loop
      vertex 82.9 30.8 2
      vertex 81.2716 28.148 2
      vertex 81.3978 27.7765 2
    endloop
  endfacet
  facet normal 0 0 1
    outer loop
      vertex 82.9 30.8 2
      vertex 81.0981 28.5 2
      vertex 81.2716 28.148 2
    endloop
  endfacet
  facet normal 0 0 1
    outer loop
      vertex 82.9 30.8 2
      vertex 80.8801 28.8263 2
      vertex 81.0981 28.5 2
    endloop
  endfacet
  facet normal 0 0 1
    outer loop
      vertex 82.9 30.8 2
      vertex 80.6213 29.1213 2
      vertex 80.8801 28.8263 2
    endloop
  endfacet
  facet normal 0 0 1
    outer loop
      vertex 82.3 31.4 2
      vertex 80.3263 29.3801 2
      vertex 80.6213 29.1213 2
    endloop
  endfacet
  facet normal 0 0 1
    outer loop
      vertex 82.3 31.4 2
      vertex 80 29.5981 2
      vertex 80.3263 29.3801 2
    endloop
  endfacet
  facet normal 0 0 1
    outer loop
      vertex 82.3 31.4 2
      vertex 79.648 29.7716 2
      vertex 80 29.5981 2
    endloop
  endfacet
  facet normal 0 0 1
    outer loop
      vertex 82.3 31.4 2
      vertex 79.2765 29.8978 2
      vertex 79.648 29.7716 2
    endloop
  endfacet
  facet normal 0 0 1
    outer loop
      vertex 82.3 31.4 2
      vertex 78.8916 29.9743 2
      vertex 79.2765 29.8978 2
    endloop
  endfacet
  facet normal 0 0 1
    outer loop
      vertex 82.3 31.4 2
      vertex 78.5 30 2
      vertex 78.8916 29.9743 2
    endloop
  endfacet
  facet normal 0 0 1
    outer loop
      vertex 82.3 31.4 2
      vertex 78.1084 29.9743 2
      vertex 78.5 30 2
    endloop
  endfacet
  facet normal 0 0 1
    outer loop
      vertex 82.3 31.4 2
      vertex 77.7235 29.8978 2
      vertex 78.1084 29.9743 2
    endloop
  endfacet
  facet normal 0 0 1
    outer loop
      vertex 75.6022 -26.2235 2
      vertex -75.5 -27 2
      vertex 75.5257 -26.6084 2
    endloop
  endfacet
  facet normal 0 0 1
    outer loop
      vertex 75.5257 27.3916 2
      vertex -75.5 27 2
      vertex 75.5 27 2
    endloop
  endfacet
  facet normal 0 0 1
    outer loop
      vertex -75.5257 27.3916 2
      vertex 75.5257 27.3916 2
      vertex 75.6022 27.7765 2
    endloop
  endfacet
  facet normal 0 0 1
    outer loop
      vertex -75.6022 27.7765 2
      vertex 75.6022 27.7765 2
      vertex 75.7284 28.148 2
    endloop
  endfacet
  facet normal 0 0 1
    outer loop
      vertex -75.7284 28.148 2
      vertex 75.7284 28.148 2
      vertex 75.9019 28.5 2
    endloop
  endfacet
  facet normal 0 0 1
    outer loop
      vertex -75.9019 28.5 2
      vertex 75.9019 28.5 2
      vertex 76.1199 28.8263 2
    endloop
  endfacet
  facet normal 0 0 1
    outer loop
      vertex -76.1199 28.8263 2
      vertex 76.1199 28.8263 2
      vertex 76.3787 29.1213 2
    endloop
  endfacet
  facet normal 0 0 1
    outer loop
      vertex -76.3787 29.1213 2
      vertex 76.3787 29.1213 2
      vertex 76.6737 29.3801 2
    endloop
  endfacet
  facet normal 0 0 1
    outer loop
      vertex -76.6737 29.3801 2
      vertex 76.6737 29.3801 2
      vertex 77 29.5981 2
    endloop
  endfacet
  facet normal 0 0 1
    outer loop
      vertex -77 29.5981 2
      vertex 77 29.5981 2
      vertex 77.352 29.7716 2
    endloop
  endfacet
  facet normal 0 0 1
    outer loop
      vertex -77.352 29.7716 2
      vertex 77.352 29.7716 2
      vertex 77.7235 29.8978 2
    endloop
  endfacet
  facet normal 0 0 1
    outer loop
      vertex -77.7235 29.8978 2
      vertex 77.7235 29.8978 2
      vertex 82.3 31.4 2
    endloop
  endfacet
  facet normal 0 0 1
    outer loop
      vertex 75.5257 27.3916 2
      vertex -75.5257 27.3916 2
      vertex -75.5 27 2
    endloop
  endfacet
  facet normal 0 0 1
    outer loop
      vertex 75.6022 27.7765 2
      vertex -75.6022 27.7765 2
      vertex -75.5257 27.3916 2
    endloop
  endfacet
  facet normal 0 0 1
    outer loop
      vertex 75.7284 28.148 2
      vertex -75.7284 28.148 2
      vertex -75.6022 27.7765 2
    endloop
  endfacet
  facet normal 0 0 1
    outer loop
      vertex 75.9019 28.5 2
      vertex -75.9019 28.5 2
      vertex -75.7284 28.148 2
    endloop
  endfacet
  facet normal 0 0 1
    outer loop
      vertex 76.1199 28.8263 2
      vertex -76.1199 28.8263 2
      vertex -75.9019 28.5 2
    endloop
  endfacet
  facet normal 0 0 1
    outer loop
      vertex 76.3787 29.1213 2
      vertex -76.3787 29.1213 2
      vertex -76.1199 28.8263 2
    endloop
  endfacet
  facet normal 0 0 1
    outer loop
      vertex 76.6737 29.3801 2
      vertex -76.6737 29.3801 2
      vertex -76.3787 29.1213 2
    endloop
  endfacet
  facet normal 0 0 1
    outer loop
      vertex 77 29.5981 2
      vertex -77 29.5981 2
      vertex -76.6737 29.3801 2
    endloop
  endfacet
  facet normal 0 0 1
    outer loop
      vertex 77.352 29.7716 2
      vertex -77.352 29.7716 2
      vertex -77 29.5981 2
    endloop
  endfacet
  facet normal 0 0 1
    outer loop
      vertex 77.7235 29.8978 2
      vertex -77.7235 29.8978 2
      vertex -77.352 29.7716 2
    endloop
  endfacet
  facet normal -0 0 1
    outer loop
      vertex -82.3 31.4 2
      vertex -77.7235 29.8978 2
      vertex 82.3 31.4 2
    endloop
  endfacet
  facet normal 0 0 1
    outer loop
      vertex -77.7235 29.8978 2
      vertex -82.3 31.4 2
      vertex -78.1084 29.9743 2
    endloop
  endfacet
  facet normal 0 0 1
    outer loop
      vertex -81.4743 27.3916 2
      vertex -82.9 30.8 2
      vertex -81.5 27 2
    endloop
  endfacet
  facet normal 0 0 1
    outer loop
      vertex -81.3978 27.7765 2
      vertex -82.9 30.8 2
      vertex -81.4743 27.3916 2
    endloop
  endfacet
  facet normal 0 0 1
    outer loop
      vertex -81.2716 28.148 2
      vertex -82.9 30.8 2
      vertex -81.3978 27.7765 2
    endloop
  endfacet
  facet normal 0 0 1
    outer loop
      vertex -81.0981 28.5 2
      vertex -82.9 30.8 2
      vertex -81.2716 28.148 2
    endloop
  endfacet
  facet normal 0 0 1
    outer loop
      vertex -80.8801 28.8263 2
      vertex -82.9 30.8 2
      vertex -81.0981 28.5 2
    endloop
  endfacet
  facet normal 0 0 1
    outer loop
      vertex -80.6213 29.1213 2
      vertex -82.9 30.8 2
      vertex -80.8801 28.8263 2
    endloop
  endfacet
  facet normal -0 0 1
    outer loop
      vertex -82.9 30.8 2
      vertex -80.6213 29.1213 2
      vertex -82.3 31.4 2
    endloop
  endfacet
  facet normal 0 0 1
    outer loop
      vertex -80.3263 29.3801 2
      vertex -82.3 31.4 2
      vertex -80.6213 29.1213 2
    endloop
  endfacet
  facet normal 0 0 1
    outer loop
      vertex -80 29.5981 2
      vertex -82.3 31.4 2
      vertex -80.3263 29.3801 2
    endloop
  endfacet
  facet normal 0 0 1
    outer loop
      vertex -79.648 29.7716 2
      vertex -82.3 31.4 2
      vertex -80 29.5981 2
    endloop
  endfacet
  facet normal 0 0 1
    outer loop
      vertex -79.2765 29.8978 2
      vertex -82.3 31.4 2
      vertex -79.648 29.7716 2
    endloop
  endfacet
  facet normal 0 0 1
    outer loop
      vertex -78.8916 29.9743 2
      vertex -82.3 31.4 2
      vertex -79.2765 29.8978 2
    endloop
  endfacet
  facet normal 0 0 1
    outer loop
      vertex -78.5 30 2
      vertex -82.3 31.4 2
      vertex -78.8916 29.9743 2
    endloop
  endfacet
  facet normal 0 0 1
    outer loop
      vertex -78.1084 29.9743 2
      vertex -82.3 31.4 2
      vertex -78.5 30 2
    endloop
  endfacet
  facet normal 0 0 1
    outer loop
      vertex 82.776 -31.1652 2
      vertex 82.3 -31.4 2
      vertex 82.7243 -31.2243 2
    endloop
  endfacet
  facet normal 0 0 1
    outer loop
      vertex 82.7243 -31.2243 2
      vertex 82.3 -31.4 2
      vertex 82.6652 -31.276 2
    endloop
  endfacet
  facet normal 0 0 1
    outer loop
      vertex 82.6652 -31.276 2
      vertex 82.3 -31.4 2
      vertex 82.6 -31.3196 2
    endloop
  endfacet
  facet normal 0 0 1
    outer loop
      vertex 82.6 -31.3196 2
      vertex 82.3 -31.4 2
      vertex 82.5296 -31.3543 2
    endloop
  endfacet
  facet normal 0 0 1
    outer loop
      vertex 82.5296 -31.3543 2
      vertex 82.3 -31.4 2
      vertex 82.4553 -31.3795 2
    endloop
  endfacet
  facet normal 0 0 1
    outer loop
      vertex 82.4553 -31.3795 2
      vertex 82.3 -31.4 2
      vertex 82.3783 -31.3949 2
    endloop
  endfacet
  facet normal 0 0 1
    outer loop
      vertex 82.8543 -31.0296 2
      vertex 82.3 -31.4 2
      vertex 82.8196 -31.1 2
    endloop
  endfacet
  facet normal -0 0 1
    outer loop
      vertex 80.3263 -29.3801 2
      vertex 82.3 -31.4 2
      vertex 80.6213 -29.1213 2
    endloop
  endfacet
  facet normal -0 0 1
    outer loop
      vertex 80 -29.5981 2
      vertex 82.3 -31.4 2
      vertex 80.3263 -29.3801 2
    endloop
  endfacet
  facet normal -0 0 1
    outer loop
      vertex 79.648 -29.7716 2
      vertex 82.3 -31.4 2
      vertex 80 -29.5981 2
    endloop
  endfacet
  facet normal -0 0 1
    outer loop
      vertex 79.2765 -29.8978 2
      vertex 82.3 -31.4 2
      vertex 79.648 -29.7716 2
    endloop
  endfacet
  facet normal -0 0 1
    outer loop
      vertex 78.8916 -29.9743 2
      vertex 82.3 -31.4 2
      vertex 79.2765 -29.8978 2
    endloop
  endfacet
  facet normal -0 0 1
    outer loop
      vertex 78.5 -30 2
      vertex 82.3 -31.4 2
      vertex 78.8916 -29.9743 2
    endloop
  endfacet
  facet normal 0 0 1
    outer loop
      vertex 78.1084 -29.9743 2
      vertex 82.3 -31.4 2
      vertex 78.5 -30 2
    endloop
  endfacet
  facet normal 0 0 1
    outer loop
      vertex 77.7235 -29.8978 2
      vertex 82.3 -31.4 2
      vertex 78.1084 -29.9743 2
    endloop
  endfacet
  facet normal 0 0 1
    outer loop
      vertex 75.5257 -26.6084 2
      vertex -75.5 -27 2
      vertex 75.5 -27 2
    endloop
  endfacet
  facet normal 0 0 1
    outer loop
      vertex 75.5 -27 2
      vertex -75.5 -27 2
      vertex 75.5257 -27.3916 2
    endloop
  endfacet
  facet normal 0 0 1
    outer loop
      vertex -75.5257 -27.3916 2
      vertex 75.5257 -27.3916 2
      vertex -75.5 -27 2
    endloop
  endfacet
  facet normal 0 0 1
    outer loop
      vertex 75.5257 -27.3916 2
      vertex -75.5257 -27.3916 2
      vertex 75.6022 -27.7765 2
    endloop
  endfacet
  facet normal 0 0 1
    outer loop
      vertex -75.6022 -27.7765 2
      vertex 75.6022 -27.7765 2
      vertex -75.5257 -27.3916 2
    endloop
  endfacet
  facet normal 0 0 1
    outer loop
      vertex 75.6022 -27.7765 2
      vertex -75.6022 -27.7765 2
      vertex 75.7284 -28.148 2
    endloop
  endfacet
  facet normal 0 0 1
    outer loop
      vertex -75.7284 -28.148 2
      vertex 75.7284 -28.148 2
      vertex -75.6022 -27.7765 2
    endloop
  endfacet
  facet normal 0 0 1
    outer loop
      vertex 75.7284 -28.148 2
      vertex -75.7284 -28.148 2
      vertex 75.9019 -28.5 2
    endloop
  endfacet
  facet normal 0 0 1
    outer loop
      vertex -75.9019 -28.5 2
      vertex 75.9019 -28.5 2
      vertex -75.7284 -28.148 2
    endloop
  endfacet
  facet normal 0 0 1
    outer loop
      vertex 75.9019 -28.5 2
      vertex -75.9019 -28.5 2
      vertex 76.1199 -28.8263 2
    endloop
  endfacet
  facet normal 0 0 1
    outer loop
      vertex -76.1199 -28.8263 2
      vertex 76.1199 -28.8263 2
      vertex -75.9019 -28.5 2
    endloop
  endfacet
  facet normal 0 0 1
    outer loop
      vertex 76.1199 -28.8263 2
      vertex -76.1199 -28.8263 2
      vertex 76.3787 -29.1213 2
    endloop
  endfacet
  facet normal 0 0 1
    outer loop
      vertex -76.3787 -29.1213 2
      vertex 76.3787 -29.1213 2
      vertex -76.1199 -28.8263 2
    endloop
  endfacet
  facet normal 0 0 1
    outer loop
      vertex 76.3787 -29.1213 2
      vertex -76.3787 -29.1213 2
      vertex 76.6737 -29.3801 2
    endloop
  endfacet
  facet normal 0 0 1
    outer loop
      vertex -76.6737 -29.3801 2
      vertex 76.6737 -29.3801 2
      vertex -76.3787 -29.1213 2
    endloop
  endfacet
  facet normal 0 0 1
    outer loop
      vertex 76.6737 -29.3801 2
      vertex -76.6737 -29.3801 2
      vertex 77 -29.5981 2
    endloop
  endfacet
  facet normal 0 0 1
    outer loop
      vertex -77 -29.5981 2
      vertex 77 -29.5981 2
      vertex -76.6737 -29.3801 2
    endloop
  endfacet
  facet normal 0 0 1
    outer loop
      vertex 77 -29.5981 2
      vertex -77 -29.5981 2
      vertex 77.352 -29.7716 2
    endloop
  endfacet
  facet normal 0 0 1
    outer loop
      vertex -77.352 -29.7716 2
      vertex 77.352 -29.7716 2
      vertex -77 -29.5981 2
    endloop
  endfacet
  facet normal 0 0 1
    outer loop
      vertex 77.352 -29.7716 2
      vertex -77.352 -29.7716 2
      vertex 77.7235 -29.8978 2
    endloop
  endfacet
  facet normal 0 0 1
    outer loop
      vertex -77.7235 -29.8978 2
      vertex 77.7235 -29.8978 2
      vertex -77.352 -29.7716 2
    endloop
  endfacet
  facet normal 0 0 1
    outer loop
      vertex 77.7235 -29.8978 2
      vertex -77.7235 -29.8978 2
      vertex 82.3 -31.4 2
    endloop
  endfacet
  facet normal 0 0 1
    outer loop
      vertex -82.3 -31.4 2
      vertex -77.7235 -29.8978 2
      vertex -78.1084 -29.9743 2
    endloop
  endfacet
  facet normal 0 0 1
    outer loop
      vertex -82.3 -31.4 2
      vertex -78.1084 -29.9743 2
      vertex -78.5 -30 2
    endloop
  endfacet
  facet normal 0 0 1
    outer loop
      vertex -77.7235 -29.8978 2
      vertex -82.3 -31.4 2
      vertex 82.3 -31.4 2
    endloop
  endfacet
  facet normal 0 0 1
    outer loop
      vertex -78.8916 -29.9743 2
      vertex -82.3 -31.4 2
      vertex -78.5 -30 2
    endloop
  endfacet
  facet normal 0 0 1
    outer loop
      vertex -79.2765 -29.8978 2
      vertex -82.3 -31.4 2
      vertex -78.8916 -29.9743 2
    endloop
  endfacet
  facet normal 0 0 1
    outer loop
      vertex -79.648 -29.7716 2
      vertex -82.3 -31.4 2
      vertex -79.2765 -29.8978 2
    endloop
  endfacet
  facet normal 0 0 1
    outer loop
      vertex -80 -29.5981 2
      vertex -82.3 -31.4 2
      vertex -79.648 -29.7716 2
    endloop
  endfacet
  facet normal 0 0 1
    outer loop
      vertex -80.3263 -29.3801 2
      vertex -82.3 -31.4 2
      vertex -80 -29.5981 2
    endloop
  endfacet
  facet normal 0 0 1
    outer loop
      vertex -80.6213 -29.1213 2
      vertex -82.3 -31.4 2
      vertex -80.3263 -29.3801 2
    endloop
  endfacet
  facet normal 0 0 1
    outer loop
      vertex -82.9 -30.8 2
      vertex -80.6213 -29.1213 2
      vertex -80.8801 -28.8263 2
    endloop
  endfacet
  facet normal 0 0 1
    outer loop
      vertex -82.9 -30.8 2
      vertex -80.8801 -28.8263 2
      vertex -81.0981 -28.5 2
    endloop
  endfacet
  facet normal 0 0 1
    outer loop
      vertex -82.9 -30.8 2
      vertex -81.0981 -28.5 2
      vertex -81.2716 -28.148 2
    endloop
  endfacet
  facet normal 0 0 1
    outer loop
      vertex -82.9 -30.8 2
      vertex -81.2716 -28.148 2
      vertex -81.3978 -27.7765 2
    endloop
  endfacet
  facet normal 0 0 1
    outer loop
      vertex -82.9 -30.8 2
      vertex -81.3978 -27.7765 2
      vertex -81.4743 -27.3916 2
    endloop
  endfacet
  facet normal 0 0 1
    outer loop
      vertex -82.9 -30.8 2
      vertex -81.4743 -27.3916 2
      vertex -81.5 -27 2
    endloop
  endfacet
  facet normal 0 0 1
    outer loop
      vertex -81.3978 -26.2235 2
      vertex -82.9 -30.8 2
      vertex -81.4743 -26.6084 2
    endloop
  endfacet
  facet normal 0 0 1
    outer loop
      vertex -82.9 30.8 2
      vertex -82.3 31.4 2
      vertex -82.3783 31.3949 2
    endloop
  endfacet
  facet normal 0 0 1
    outer loop
      vertex -81.4743 -26.6084 2
      vertex -82.9 -30.8 2
      vertex -81.5 -27 2
    endloop
  endfacet
  facet normal 0 0 1
    outer loop
      vertex -82.9 30.8 2
      vertex -82.3783 31.3949 2
      vertex -82.4553 31.3795 2
    endloop
  endfacet
  facet normal 0 0 1
    outer loop
      vertex -80.6213 -29.1213 2
      vertex -82.9 -30.8 2
      vertex -82.3 -31.4 2
    endloop
  endfacet
  facet normal 0 0 1
    outer loop
      vertex -82.9 30.8 2
      vertex -82.4553 31.3795 2
      vertex -82.5296 31.3543 2
    endloop
  endfacet
  facet normal 0 0 1
    outer loop
      vertex -82.3 -31.4 2
      vertex -82.9 -30.8 2
      vertex -82.3783 -31.3949 2
    endloop
  endfacet
  facet normal 0 0 1
    outer loop
      vertex -82.9 30.8 2
      vertex -82.5296 31.3543 2
      vertex -82.6 31.3196 2
    endloop
  endfacet
  facet normal 0 0 1
    outer loop
      vertex -82.3783 -31.3949 2
      vertex -82.9 -30.8 2
      vertex -82.4553 -31.3795 2
    endloop
  endfacet
  facet normal 0 0 1
    outer loop
      vertex -82.9 30.8 2
      vertex -82.6 31.3196 2
      vertex -82.6652 31.276 2
    endloop
  endfacet
  facet normal 0 0 1
    outer loop
      vertex -82.4553 -31.3795 2
      vertex -82.9 -30.8 2
      vertex -82.5296 -31.3543 2
    endloop
  endfacet
  facet normal 0 0 1
    outer loop
      vertex -82.9 30.8 2
      vertex -82.6652 31.276 2
      vertex -82.7243 31.2243 2
    endloop
  endfacet
  facet normal 0 0 1
    outer loop
      vertex -82.5296 -31.3543 2
      vertex -82.9 -30.8 2
      vertex -82.6 -31.3196 2
    endloop
  endfacet
  facet normal 0 0 1
    outer loop
      vertex -82.9 30.8 2
      vertex -82.7243 31.2243 2
      vertex -82.776 31.1652 2
    endloop
  endfacet
  facet normal 0 0 1
    outer loop
      vertex -82.6 -31.3196 2
      vertex -82.9 -30.8 2
      vertex -82.6652 -31.276 2
    endloop
  endfacet
  facet normal 0 0 1
    outer loop
      vertex -82.9 30.8 2
      vertex -82.776 31.1652 2
      vertex -82.8196 31.1 2
    endloop
  endfacet
  facet normal 0 0 1
    outer loop
      vertex -82.6652 -31.276 2
      vertex -82.9 -30.8 2
      vertex -82.7243 -31.2243 2
    endloop
  endfacet
  facet normal 0 0 1
    outer loop
      vertex -82.9 30.8 2
      vertex -82.8196 31.1 2
      vertex -82.8543 31.0296 2
    endloop
  endfacet
  facet normal 0 0 1
    outer loop
      vertex -82.7243 -31.2243 2
      vertex -82.9 -30.8 2
      vertex -82.776 -31.1652 2
    endloop
  endfacet
  facet normal 0 0 1
    outer loop
      vertex -82.9 30.8 2
      vertex -82.8543 31.0296 2
      vertex -82.8795 30.9553 2
    endloop
  endfacet
  facet normal 0 0 1
    outer loop
      vertex -82.776 -31.1652 2
      vertex -82.9 -30.8 2
      vertex -82.8196 -31.1 2
    endloop
  endfacet
  facet normal 0 0 1
    outer loop
      vertex -82.9 30.8 2
      vertex -82.8795 30.9553 2
      vertex -82.8949 30.8783 2
    endloop
  endfacet
  facet normal 0 0 1
    outer loop
      vertex -82.8196 -31.1 2
      vertex -82.9 -30.8 2
      vertex -82.8543 -31.0296 2
    endloop
  endfacet
  facet normal 0 0 1
    outer loop
      vertex -82.8543 -31.0296 2
      vertex -82.9 -30.8 2
      vertex -82.8795 -30.9553 2
    endloop
  endfacet
  facet normal 0 0 1
    outer loop
      vertex -82.8795 -30.9553 2
      vertex -82.9 -30.8 2
      vertex -82.8949 -30.8783 2
    endloop
  endfacet
  facet normal 0 0 1
    outer loop
      vertex -77.2111 -26.8303 2
      vertex -77.2111 -27.1697 2
      vertex -77.2 -27 2
    endloop
  endfacet
  facet normal 0 0 1
    outer loop
      vertex -77.2443 -26.6635 2
      vertex -77.2111 -27.1697 2
      vertex -77.2111 -26.8303 2
    endloop
  endfacet
  facet normal 0 0 1
    outer loop
      vertex -77.2443 -26.6635 2
      vertex -77.2443 -27.3365 2
      vertex -77.2111 -27.1697 2
    endloop
  endfacet
  facet normal 0 0 1
    outer loop
      vertex -77.299 -26.5025 2
      vertex -77.2443 -27.3365 2
      vertex -77.2443 -26.6635 2
    endloop
  endfacet
  facet normal 0 0 1
    outer loop
      vertex -77.299 -26.5025 2
      vertex -77.299 -27.4975 2
      vertex -77.2443 -27.3365 2
    endloop
  endfacet
  facet normal 0 0 1
    outer loop
      vertex -77.3742 -26.35 2
      vertex -77.299 -27.4975 2
      vertex -77.299 -26.5025 2
    endloop
  endfacet
  facet normal 0 0 1
    outer loop
      vertex -77.3742 -26.35 2
      vertex -77.3742 -27.65 2
      vertex -77.299 -27.4975 2
    endloop
  endfacet
  facet normal 0 0 1
    outer loop
      vertex -77.4686 -26.2086 2
      vertex -77.3742 -27.65 2
      vertex -77.3742 -26.35 2
    endloop
  endfacet
  facet normal 0 0 1
    outer loop
      vertex -77.4686 -26.2086 2
      vertex -77.4686 -27.7914 2
      vertex -77.3742 -27.65 2
    endloop
  endfacet
  facet normal 0 0 1
    outer loop
      vertex -77.5808 -26.0808 2
      vertex -77.4686 -27.7914 2
      vertex -77.4686 -26.2086 2
    endloop
  endfacet
  facet normal 0 0 1
    outer loop
      vertex -77.5808 -26.0808 2
      vertex -77.5808 -27.9192 2
      vertex -77.4686 -27.7914 2
    endloop
  endfacet
  facet normal 0 0 1
    outer loop
      vertex -77.7086 -25.9686 2
      vertex -77.5808 -27.9192 2
      vertex -77.5808 -26.0808 2
    endloop
  endfacet
  facet normal 0 0 1
    outer loop
      vertex -77.7086 -25.9686 2
      vertex -77.7086 -28.0314 2
      vertex -77.5808 -27.9192 2
    endloop
  endfacet
  facet normal 0 0 1
    outer loop
      vertex -77.85 -25.8742 2
      vertex -77.7086 -28.0314 2
      vertex -77.7086 -25.9686 2
    endloop
  endfacet
  facet normal 0 0 1
    outer loop
      vertex -77.85 -25.8742 2
      vertex -77.85 -28.1258 2
      vertex -77.7086 -28.0314 2
    endloop
  endfacet
  facet normal 0 0 1
    outer loop
      vertex -78.0025 -25.799 2
      vertex -77.85 -28.1258 2
      vertex -77.85 -25.8742 2
    endloop
  endfacet
  facet normal 0 0 1
    outer loop
      vertex -78.0025 -25.799 2
      vertex -78.0025 -28.201 2
      vertex -77.85 -28.1258 2
    endloop
  endfacet
  facet normal 0 0 1
    outer loop
      vertex -78.1635 -25.7443 2
      vertex -78.0025 -28.201 2
      vertex -78.0025 -25.799 2
    endloop
  endfacet
  facet normal 0 0 1
    outer loop
      vertex -78.1635 -25.7443 2
      vertex -78.1635 -28.2557 2
      vertex -78.0025 -28.201 2
    endloop
  endfacet
  facet normal 0 0 1
    outer loop
      vertex -78.3303 -25.7111 2
      vertex -78.1635 -28.2557 2
      vertex -78.1635 -25.7443 2
    endloop
  endfacet
  facet normal 0 0 1
    outer loop
      vertex -78.3303 -25.7111 2
      vertex -78.3303 -28.2889 2
      vertex -78.1635 -28.2557 2
    endloop
  endfacet
  facet normal 0 0 1
    outer loop
      vertex -78.5 -25.7 2
      vertex -78.3303 -28.2889 2
      vertex -78.3303 -25.7111 2
    endloop
  endfacet
  facet normal 0 0 1
    outer loop
      vertex -78.5 -25.7 2
      vertex -78.5 -28.3 2
      vertex -78.3303 -28.2889 2
    endloop
  endfacet
  facet normal -0 0 1
    outer loop
      vertex -78.6697 -25.7111 2
      vertex -78.5 -28.3 2
      vertex -78.5 -25.7 2
    endloop
  endfacet
  facet normal 0 0 1
    outer loop
      vertex -78.6697 -25.7111 2
      vertex -78.6697 -28.2889 2
      vertex -78.5 -28.3 2
    endloop
  endfacet
  facet normal -0 0 1
    outer loop
      vertex -78.8365 -25.7443 2
      vertex -78.6697 -28.2889 2
      vertex -78.6697 -25.7111 2
    endloop
  endfacet
  facet normal 0 0 1
    outer loop
      vertex -78.8365 -25.7443 2
      vertex -78.8365 -28.2557 2
      vertex -78.6697 -28.2889 2
    endloop
  endfacet
  facet normal -0 0 1
    outer loop
      vertex -78.9975 -25.799 2
      vertex -78.8365 -28.2557 2
      vertex -78.8365 -25.7443 2
    endloop
  endfacet
  facet normal 0 0 1
    outer loop
      vertex -78.9975 -25.799 2
      vertex -78.9975 -28.201 2
      vertex -78.8365 -28.2557 2
    endloop
  endfacet
  facet normal -0 0 1
    outer loop
      vertex -79.15 -25.8742 2
      vertex -78.9975 -28.201 2
      vertex -78.9975 -25.799 2
    endloop
  endfacet
  facet normal 0 0 1
    outer loop
      vertex -79.15 -25.8742 2
      vertex -79.15 -28.1258 2
      vertex -78.9975 -28.201 2
    endloop
  endfacet
  facet normal -0 0 1
    outer loop
      vertex -79.2914 -25.9686 2
      vertex -79.15 -28.1258 2
      vertex -79.15 -25.8742 2
    endloop
  endfacet
  facet normal 0 0 1
    outer loop
      vertex -79.2914 -25.9686 2
      vertex -79.2914 -28.0314 2
      vertex -79.15 -28.1258 2
    endloop
  endfacet
  facet normal -0 0 1
    outer loop
      vertex -79.4192 -26.0808 2
      vertex -79.2914 -28.0314 2
      vertex -79.2914 -25.9686 2
    endloop
  endfacet
  facet normal 0 0 1
    outer loop
      vertex -79.4192 -26.0808 2
      vertex -79.4192 -27.9192 2
      vertex -79.2914 -28.0314 2
    endloop
  endfacet
  facet normal -0 0 1
    outer loop
      vertex -79.5314 -26.2086 2
      vertex -79.4192 -27.9192 2
      vertex -79.4192 -26.0808 2
    endloop
  endfacet
  facet normal 0 0 1
    outer loop
      vertex -79.5314 -26.2086 2
      vertex -79.5314 -27.7914 2
      vertex -79.4192 -27.9192 2
    endloop
  endfacet
  facet normal -0 0 1
    outer loop
      vertex -79.6258 -26.35 2
      vertex -79.5314 -27.7914 2
      vertex -79.5314 -26.2086 2
    endloop
  endfacet
  facet normal 0 0 1
    outer loop
      vertex -79.6258 -26.35 2
      vertex -79.6258 -27.65 2
      vertex -79.5314 -27.7914 2
    endloop
  endfacet
  facet normal -0 0 1
    outer loop
      vertex -79.701 -26.5025 2
      vertex -79.6258 -27.65 2
      vertex -79.6258 -26.35 2
    endloop
  endfacet
  facet normal 0 0 1
    outer loop
      vertex -79.701 -26.5025 2
      vertex -79.701 -27.4975 2
      vertex -79.6258 -27.65 2
    endloop
  endfacet
  facet normal -0 0 1
    outer loop
      vertex -79.7557 -26.6635 2
      vertex -79.701 -27.4975 2
      vertex -79.701 -26.5025 2
    endloop
  endfacet
  facet normal 0 0 1
    outer loop
      vertex -79.7557 -26.6635 2
      vertex -79.7557 -27.3365 2
      vertex -79.701 -27.4975 2
    endloop
  endfacet
  facet normal -0 0 1
    outer loop
      vertex -79.7889 -26.8303 2
      vertex -79.7557 -27.3365 2
      vertex -79.7557 -26.6635 2
    endloop
  endfacet
  facet normal 0 0 1
    outer loop
      vertex -79.7889 -26.8303 2
      vertex -79.7889 -27.1697 2
      vertex -79.7557 -27.3365 2
    endloop
  endfacet
  facet normal 0 -0 1
    outer loop
      vertex -79.7889 -27.1697 2
      vertex -79.7889 -26.8303 2
      vertex -79.8 -27 2
    endloop
  endfacet
  facet normal 0 0 1
    outer loop
      vertex 79.7889 -26.8303 2
      vertex 79.7889 -27.1697 2
      vertex 79.8 -27 2
    endloop
  endfacet
  facet normal 0 0 1
    outer loop
      vertex 79.7557 -26.6635 2
      vertex 79.7889 -27.1697 2
      vertex 79.7889 -26.8303 2
    endloop
  endfacet
  facet normal 0 0 1
    outer loop
      vertex 79.7557 -26.6635 2
      vertex 79.7557 -27.3365 2
      vertex 79.7889 -27.1697 2
    endloop
  endfacet
  facet normal 0 0 1
    outer loop
      vertex 79.701 -26.5025 2
      vertex 79.7557 -27.3365 2
      vertex 79.7557 -26.6635 2
    endloop
  endfacet
  facet normal 0 0 1
    outer loop
      vertex 79.701 -26.5025 2
      vertex 79.701 -27.4975 2
      vertex 79.7557 -27.3365 2
    endloop
  endfacet
  facet normal 0 0 1
    outer loop
      vertex 79.6258 -26.35 2
      vertex 79.701 -27.4975 2
      vertex 79.701 -26.5025 2
    endloop
  endfacet
  facet normal 0 0 1
    outer loop
      vertex 79.6258 -26.35 2
      vertex 79.6258 -27.65 2
      vertex 79.701 -27.4975 2
    endloop
  endfacet
  facet normal 0 0 1
    outer loop
      vertex 79.5314 -26.2086 2
      vertex 79.6258 -27.65 2
      vertex 79.6258 -26.35 2
    endloop
  endfacet
  facet normal 0 0 1
    outer loop
      vertex 79.5314 -26.2086 2
      vertex 79.5314 -27.7914 2
      vertex 79.6258 -27.65 2
    endloop
  endfacet
  facet normal 0 0 1
    outer loop
      vertex 79.4192 -26.0808 2
      vertex 79.5314 -27.7914 2
      vertex 79.5314 -26.2086 2
    endloop
  endfacet
  facet normal 0 0 1
    outer loop
      vertex 79.4192 -26.0808 2
      vertex 79.4192 -27.9192 2
      vertex 79.5314 -27.7914 2
    endloop
  endfacet
  facet normal 0 0 1
    outer loop
      vertex 79.2914 -25.9686 2
      vertex 79.4192 -27.9192 2
      vertex 79.4192 -26.0808 2
    endloop
  endfacet
  facet normal 0 0 1
    outer loop
      vertex 79.2914 -25.9686 2
      vertex 79.2914 -28.0314 2
      vertex 79.4192 -27.9192 2
    endloop
  endfacet
  facet normal 0 0 1
    outer loop
      vertex 79.15 -25.8742 2
      vertex 79.2914 -28.0314 2
      vertex 79.2914 -25.9686 2
    endloop
  endfacet
  facet normal 0 0 1
    outer loop
      vertex 79.15 -25.8742 2
      vertex 79.15 -28.1258 2
      vertex 79.2914 -28.0314 2
    endloop
  endfacet
  facet normal 0 0 1
    outer loop
      vertex 78.9975 -25.799 2
      vertex 79.15 -28.1258 2
      vertex 79.15 -25.8742 2
    endloop
  endfacet
  facet normal 0 0 1
    outer loop
      vertex 78.9975 -25.799 2
      vertex 78.9975 -28.201 2
      vertex 79.15 -28.1258 2
    endloop
  endfacet
  facet normal 0 0 1
    outer loop
      vertex 78.8365 -25.7443 2
      vertex 78.9975 -28.201 2
      vertex 78.9975 -25.799 2
    endloop
  endfacet
  facet normal 0 0 1
    outer loop
      vertex 78.8365 -25.7443 2
      vertex 78.8365 -28.2557 2
      vertex 78.9975 -28.201 2
    endloop
  endfacet
  facet normal 0 0 1
    outer loop
      vertex 78.6697 -25.7111 2
      vertex 78.8365 -28.2557 2
      vertex 78.8365 -25.7443 2
    endloop
  endfacet
  facet normal 0 0 1
    outer loop
      vertex 78.6697 -25.7111 2
      vertex 78.6697 -28.2889 2
      vertex 78.8365 -28.2557 2
    endloop
  endfacet
  facet normal 0 0 1
    outer loop
      vertex 78.5 -25.7 2
      vertex 78.6697 -28.2889 2
      vertex 78.6697 -25.7111 2
    endloop
  endfacet
  facet normal 0 0 1
    outer loop
      vertex 78.5 -25.7 2
      vertex 78.5 -28.3 2
      vertex 78.6697 -28.2889 2
    endloop
  endfacet
  facet normal -0 0 1
    outer loop
      vertex 78.3303 -25.7111 2
      vertex 78.5 -28.3 2
      vertex 78.5 -25.7 2
    endloop
  endfacet
  facet normal 0 0 1
    outer loop
      vertex 78.3303 -25.7111 2
      vertex 78.3303 -28.2889 2
      vertex 78.5 -28.3 2
    endloop
  endfacet
  facet normal -0 0 1
    outer loop
      vertex 78.1635 -25.7443 2
      vertex 78.3303 -28.2889 2
      vertex 78.3303 -25.7111 2
    endloop
  endfacet
  facet normal 0 0 1
    outer loop
      vertex 78.1635 -25.7443 2
      vertex 78.1635 -28.2557 2
      vertex 78.3303 -28.2889 2
    endloop
  endfacet
  facet normal -0 0 1
    outer loop
      vertex 78.0025 -25.799 2
      vertex 78.1635 -28.2557 2
      vertex 78.1635 -25.7443 2
    endloop
  endfacet
  facet normal 0 0 1
    outer loop
      vertex 78.0025 -25.799 2
      vertex 78.0025 -28.201 2
      vertex 78.1635 -28.2557 2
    endloop
  endfacet
  facet normal -0 0 1
    outer loop
      vertex 77.85 -25.8742 2
      vertex 78.0025 -28.201 2
      vertex 78.0025 -25.799 2
    endloop
  endfacet
  facet normal 0 0 1
    outer loop
      vertex 77.85 -25.8742 2
      vertex 77.85 -28.1258 2
      vertex 78.0025 -28.201 2
    endloop
  endfacet
  facet normal -0 0 1
    outer loop
      vertex 77.7086 -25.9686 2
      vertex 77.85 -28.1258 2
      vertex 77.85 -25.8742 2
    endloop
  endfacet
  facet normal 0 0 1
    outer loop
      vertex 77.7086 -25.9686 2
      vertex 77.7086 -28.0314 2
      vertex 77.85 -28.1258 2
    endloop
  endfacet
  facet normal -0 0 1
    outer loop
      vertex 77.5808 -26.0808 2
      vertex 77.7086 -28.0314 2
      vertex 77.7086 -25.9686 2
    endloop
  endfacet
  facet normal 0 0 1
    outer loop
      vertex 77.5808 -26.0808 2
      vertex 77.5808 -27.9192 2
      vertex 77.7086 -28.0314 2
    endloop
  endfacet
  facet normal -0 0 1
    outer loop
      vertex 77.4686 -26.2086 2
      vertex 77.5808 -27.9192 2
      vertex 77.5808 -26.0808 2
    endloop
  endfacet
  facet normal 0 0 1
    outer loop
      vertex 77.4686 -26.2086 2
      vertex 77.4686 -27.7914 2
      vertex 77.5808 -27.9192 2
    endloop
  endfacet
  facet normal -0 0 1
    outer loop
      vertex 77.3742 -26.35 2
      vertex 77.4686 -27.7914 2
      vertex 77.4686 -26.2086 2
    endloop
  endfacet
  facet normal 0 0 1
    outer loop
      vertex 77.3742 -26.35 2
      vertex 77.3742 -27.65 2
      vertex 77.4686 -27.7914 2
    endloop
  endfacet
  facet normal -0 0 1
    outer loop
      vertex 77.299 -26.5025 2
      vertex 77.3742 -27.65 2
      vertex 77.3742 -26.35 2
    endloop
  endfacet
  facet normal 0 0 1
    outer loop
      vertex 77.299 -26.5025 2
      vertex 77.299 -27.4975 2
      vertex 77.3742 -27.65 2
    endloop
  endfacet
  facet normal -0 0 1
    outer loop
      vertex 77.2443 -26.6635 2
      vertex 77.299 -27.4975 2
      vertex 77.299 -26.5025 2
    endloop
  endfacet
  facet normal 0 0 1
    outer loop
      vertex 77.2443 -26.6635 2
      vertex 77.2443 -27.3365 2
      vertex 77.299 -27.4975 2
    endloop
  endfacet
  facet normal -0 0 1
    outer loop
      vertex 77.2111 -26.8303 2
      vertex 77.2443 -27.3365 2
      vertex 77.2443 -26.6635 2
    endloop
  endfacet
  facet normal 0 0 1
    outer loop
      vertex 77.2111 -26.8303 2
      vertex 77.2111 -27.1697 2
      vertex 77.2443 -27.3365 2
    endloop
  endfacet
  facet normal 0 -0 1
    outer loop
      vertex 77.2111 -27.1697 2
      vertex 77.2111 -26.8303 2
      vertex 77.2 -27 2
    endloop
  endfacet
  facet normal 0 0 1
    outer loop
      vertex -77.2111 27.1697 2
      vertex -77.2111 26.8303 2
      vertex -77.2 27 2
    endloop
  endfacet
  facet normal 0 0 1
    outer loop
      vertex -77.2443 27.3365 2
      vertex -77.2111 26.8303 2
      vertex -77.2111 27.1697 2
    endloop
  endfacet
  facet normal 0 0 1
    outer loop
      vertex -77.2443 27.3365 2
      vertex -77.2443 26.6635 2
      vertex -77.2111 26.8303 2
    endloop
  endfacet
  facet normal 0 0 1
    outer loop
      vertex -77.299 27.4975 2
      vertex -77.2443 26.6635 2
      vertex -77.2443 27.3365 2
    endloop
  endfacet
  facet normal 0 0 1
    outer loop
      vertex -77.299 27.4975 2
      vertex -77.299 26.5025 2
      vertex -77.2443 26.6635 2
    endloop
  endfacet
  facet normal 0 0 1
    outer loop
      vertex -77.3742 27.65 2
      vertex -77.299 26.5025 2
      vertex -77.299 27.4975 2
    endloop
  endfacet
  facet normal 0 0 1
    outer loop
      vertex -77.3742 27.65 2
      vertex -77.3742 26.35 2
      vertex -77.299 26.5025 2
    endloop
  endfacet
  facet normal 0 0 1
    outer loop
      vertex -77.4686 27.7914 2
      vertex -77.3742 26.35 2
      vertex -77.3742 27.65 2
    endloop
  endfacet
  facet normal 0 0 1
    outer loop
      vertex -77.4686 27.7914 2
      vertex -77.4686 26.2086 2
      vertex -77.3742 26.35 2
    endloop
  endfacet
  facet normal 0 0 1
    outer loop
      vertex -77.5808 27.9192 2
      vertex -77.4686 26.2086 2
      vertex -77.4686 27.7914 2
    endloop
  endfacet
  facet normal 0 0 1
    outer loop
      vertex -77.5808 27.9192 2
      vertex -77.5808 26.0808 2
      vertex -77.4686 26.2086 2
    endloop
  endfacet
  facet normal 0 0 1
    outer loop
      vertex -77.7086 28.0314 2
      vertex -77.5808 26.0808 2
      vertex -77.5808 27.9192 2
    endloop
  endfacet
  facet normal 0 0 1
    outer loop
      vertex -77.7086 28.0314 2
      vertex -77.7086 25.9686 2
      vertex -77.5808 26.0808 2
    endloop
  endfacet
  facet normal 0 0 1
    outer loop
      vertex -77.85 28.1258 2
      vertex -77.7086 25.9686 2
      vertex -77.7086 28.0314 2
    endloop
  endfacet
  facet normal 0 0 1
    outer loop
      vertex -77.85 28.1258 2
      vertex -77.85 25.8742 2
      vertex -77.7086 25.9686 2
    endloop
  endfacet
  facet normal 0 0 1
    outer loop
      vertex -78.0025 28.201 2
      vertex -77.85 25.8742 2
      vertex -77.85 28.1258 2
    endloop
  endfacet
  facet normal 0 0 1
    outer loop
      vertex -78.0025 28.201 2
      vertex -78.0025 25.799 2
      vertex -77.85 25.8742 2
    endloop
  endfacet
  facet normal 0 0 1
    outer loop
      vertex -78.1635 28.2557 2
      vertex -78.0025 25.799 2
      vertex -78.0025 28.201 2
    endloop
  endfacet
  facet normal 0 0 1
    outer loop
      vertex -78.1635 28.2557 2
      vertex -78.1635 25.7443 2
      vertex -78.0025 25.799 2
    endloop
  endfacet
  facet normal 0 0 1
    outer loop
      vertex -78.3303 28.2889 2
      vertex -78.1635 25.7443 2
      vertex -78.1635 28.2557 2
    endloop
  endfacet
  facet normal 0 0 1
    outer loop
      vertex -78.3303 28.2889 2
      vertex -78.3303 25.7111 2
      vertex -78.1635 25.7443 2
    endloop
  endfacet
  facet normal 0 0 1
    outer loop
      vertex -78.5 28.3 2
      vertex -78.3303 25.7111 2
      vertex -78.3303 28.2889 2
    endloop
  endfacet
  facet normal 0 0 1
    outer loop
      vertex -78.5 28.3 2
      vertex -78.5 25.7 2
      vertex -78.3303 25.7111 2
    endloop
  endfacet
  facet normal -0 0 1
    outer loop
      vertex -78.6697 28.2889 2
      vertex -78.5 25.7 2
      vertex -78.5 28.3 2
    endloop
  endfacet
  facet normal 0 0 1
    outer loop
      vertex -78.6697 28.2889 2
      vertex -78.6697 25.7111 2
      vertex -78.5 25.7 2
    endloop
  endfacet
  facet normal -0 0 1
    outer loop
      vertex -78.8365 28.2557 2
      vertex -78.6697 25.7111 2
      vertex -78.6697 28.2889 2
    endloop
  endfacet
  facet normal 0 0 1
    outer loop
      vertex -78.8365 28.2557 2
      vertex -78.8365 25.7443 2
      vertex -78.6697 25.7111 2
    endloop
  endfacet
  facet normal -0 0 1
    outer loop
      vertex -78.9975 28.201 2
      vertex -78.8365 25.7443 2
      vertex -78.8365 28.2557 2
    endloop
  endfacet
  facet normal 0 0 1
    outer loop
      vertex -78.9975 28.201 2
      vertex -78.9975 25.799 2
      vertex -78.8365 25.7443 2
    endloop
  endfacet
  facet normal -0 0 1
    outer loop
      vertex -79.15 28.1258 2
      vertex -78.9975 25.799 2
      vertex -78.9975 28.201 2
    endloop
  endfacet
  facet normal 0 0 1
    outer loop
      vertex -79.15 28.1258 2
      vertex -79.15 25.8742 2
      vertex -78.9975 25.799 2
    endloop
  endfacet
  facet normal -0 0 1
    outer loop
      vertex -79.2914 28.0314 2
      vertex -79.15 25.8742 2
      vertex -79.15 28.1258 2
    endloop
  endfacet
  facet normal 0 0 1
    outer loop
      vertex -79.2914 28.0314 2
      vertex -79.2914 25.9686 2
      vertex -79.15 25.8742 2
    endloop
  endfacet
  facet normal -0 0 1
    outer loop
      vertex -79.4192 27.9192 2
      vertex -79.2914 25.9686 2
      vertex -79.2914 28.0314 2
    endloop
  endfacet
  facet normal 0 0 1
    outer loop
      vertex -79.4192 27.9192 2
      vertex -79.4192 26.0808 2
      vertex -79.2914 25.9686 2
    endloop
  endfacet
  facet normal -0 0 1
    outer loop
      vertex -79.5314 27.7914 2
      vertex -79.4192 26.0808 2
      vertex -79.4192 27.9192 2
    endloop
  endfacet
  facet normal 0 0 1
    outer loop
      vertex -79.5314 27.7914 2
      vertex -79.5314 26.2086 2
      vertex -79.4192 26.0808 2
    endloop
  endfacet
  facet normal -0 0 1
    outer loop
      vertex -79.6258 27.65 2
      vertex -79.5314 26.2086 2
      vertex -79.5314 27.7914 2
    endloop
  endfacet
  facet normal 0 0 1
    outer loop
      vertex -79.6258 27.65 2
      vertex -79.6258 26.35 2
      vertex -79.5314 26.2086 2
    endloop
  endfacet
  facet normal -0 0 1
    outer loop
      vertex -79.701 27.4975 2
      vertex -79.6258 26.35 2
      vertex -79.6258 27.65 2
    endloop
  endfacet
  facet normal 0 0 1
    outer loop
      vertex -79.701 27.4975 2
      vertex -79.701 26.5025 2
      vertex -79.6258 26.35 2
    endloop
  endfacet
  facet normal -0 0 1
    outer loop
      vertex -79.7557 27.3365 2
      vertex -79.701 26.5025 2
      vertex -79.701 27.4975 2
    endloop
  endfacet
  facet normal 0 0 1
    outer loop
      vertex -79.7557 27.3365 2
      vertex -79.7557 26.6635 2
      vertex -79.701 26.5025 2
    endloop
  endfacet
  facet normal -0 0 1
    outer loop
      vertex -79.7889 27.1697 2
      vertex -79.7557 26.6635 2
      vertex -79.7557 27.3365 2
    endloop
  endfacet
  facet normal 0 0 1
    outer loop
      vertex -79.7889 27.1697 2
      vertex -79.7889 26.8303 2
      vertex -79.7557 26.6635 2
    endloop
  endfacet
  facet normal 0 -0 1
    outer loop
      vertex -79.7889 26.8303 2
      vertex -79.7889 27.1697 2
      vertex -79.8 27 2
    endloop
  endfacet
  facet normal 0 0 1
    outer loop
      vertex 79.7889 27.1697 2
      vertex 79.7889 26.8303 2
      vertex 79.8 27 2
    endloop
  endfacet
  facet normal 0 0 1
    outer loop
      vertex 79.7557 27.3365 2
      vertex 79.7889 26.8303 2
      vertex 79.7889 27.1697 2
    endloop
  endfacet
  facet normal 0 0 1
    outer loop
      vertex 79.7557 27.3365 2
      vertex 79.7557 26.6635 2
      vertex 79.7889 26.8303 2
    endloop
  endfacet
  facet normal 0 0 1
    outer loop
      vertex 79.701 27.4975 2
      vertex 79.7557 26.6635 2
      vertex 79.7557 27.3365 2
    endloop
  endfacet
  facet normal 0 0 1
    outer loop
      vertex 79.701 27.4975 2
      vertex 79.701 26.5025 2
      vertex 79.7557 26.6635 2
    endloop
  endfacet
  facet normal 0 0 1
    outer loop
      vertex 79.6258 27.65 2
      vertex 79.701 26.5025 2
      vertex 79.701 27.4975 2
    endloop
  endfacet
  facet normal 0 0 1
    outer loop
      vertex 79.6258 27.65 2
      vertex 79.6258 26.35 2
      vertex 79.701 26.5025 2
    endloop
  endfacet
  facet normal 0 0 1
    outer loop
      vertex 79.5314 27.7914 2
      vertex 79.6258 26.35 2
      vertex 79.6258 27.65 2
    endloop
  endfacet
  facet normal 0 0 1
    outer loop
      vertex 79.5314 27.7914 2
      vertex 79.5314 26.2086 2
      vertex 79.6258 26.35 2
    endloop
  endfacet
  facet normal 0 0 1
    outer loop
      vertex 79.4192 27.9192 2
      vertex 79.5314 26.2086 2
      vertex 79.5314 27.7914 2
    endloop
  endfacet
  facet normal 0 0 1
    outer loop
      vertex 79.4192 27.9192 2
      vertex 79.4192 26.0808 2
      vertex 79.5314 26.2086 2
    endloop
  endfacet
  facet normal 0 0 1
    outer loop
      vertex 79.2914 28.0314 2
      vertex 79.4192 26.0808 2
      vertex 79.4192 27.9192 2
    endloop
  endfacet
  facet normal 0 0 1
    outer loop
      vertex 79.2914 28.0314 2
      vertex 79.2914 25.9686 2
      vertex 79.4192 26.0808 2
    endloop
  endfacet
  facet normal 0 0 1
    outer loop
      vertex 79.15 28.1258 2
      vertex 79.2914 25.9686 2
      vertex 79.2914 28.0314 2
    endloop
  endfacet
  facet normal 0 0 1
    outer loop
      vertex 79.15 28.1258 2
      vertex 79.15 25.8742 2
      vertex 79.2914 25.9686 2
    endloop
  endfacet
  facet normal 0 0 1
    outer loop
      vertex 78.9975 28.201 2
      vertex 79.15 25.8742 2
      vertex 79.15 28.1258 2
    endloop
  endfacet
  facet normal 0 0 1
    outer loop
      vertex 78.9975 28.201 2
      vertex 78.9975 25.799 2
      vertex 79.15 25.8742 2
    endloop
  endfacet
  facet normal 0 0 1
    outer loop
      vertex 78.8365 28.2557 2
      vertex 78.9975 25.799 2
      vertex 78.9975 28.201 2
    endloop
  endfacet
  facet normal 0 0 1
    outer loop
      vertex 78.8365 28.2557 2
      vertex 78.8365 25.7443 2
      vertex 78.9975 25.799 2
    endloop
  endfacet
  facet normal 0 0 1
    outer loop
      vertex 78.6697 28.2889 2
      vertex 78.8365 25.7443 2
      vertex 78.8365 28.2557 2
    endloop
  endfacet
  facet normal 0 0 1
    outer loop
      vertex 78.6697 28.2889 2
      vertex 78.6697 25.7111 2
      vertex 78.8365 25.7443 2
    endloop
  endfacet
  facet normal 0 0 1
    outer loop
      vertex 78.5 28.3 2
      vertex 78.6697 25.7111 2
      vertex 78.6697 28.2889 2
    endloop
  endfacet
  facet normal 0 0 1
    outer loop
      vertex 78.5 28.3 2
      vertex 78.5 25.7 2
      vertex 78.6697 25.7111 2
    endloop
  endfacet
  facet normal -0 0 1
    outer loop
      vertex 78.3303 28.2889 2
      vertex 78.5 25.7 2
      vertex 78.5 28.3 2
    endloop
  endfacet
  facet normal 0 0 1
    outer loop
      vertex 78.3303 28.2889 2
      vertex 78.3303 25.7111 2
      vertex 78.5 25.7 2
    endloop
  endfacet
  facet normal -0 0 1
    outer loop
      vertex 78.1635 28.2557 2
      vertex 78.3303 25.7111 2
      vertex 78.3303 28.2889 2
    endloop
  endfacet
  facet normal 0 0 1
    outer loop
      vertex 78.1635 28.2557 2
      vertex 78.1635 25.7443 2
      vertex 78.3303 25.7111 2
    endloop
  endfacet
  facet normal -0 0 1
    outer loop
      vertex 78.0025 28.201 2
      vertex 78.1635 25.7443 2
      vertex 78.1635 28.2557 2
    endloop
  endfacet
  facet normal 0 0 1
    outer loop
      vertex 78.0025 28.201 2
      vertex 78.0025 25.799 2
      vertex 78.1635 25.7443 2
    endloop
  endfacet
  facet normal -0 0 1
    outer loop
      vertex 77.85 28.1258 2
      vertex 78.0025 25.799 2
      vertex 78.0025 28.201 2
    endloop
  endfacet
  facet normal 0 0 1
    outer loop
      vertex 77.85 28.1258 2
      vertex 77.85 25.8742 2
      vertex 78.0025 25.799 2
    endloop
  endfacet
  facet normal -0 0 1
    outer loop
      vertex 77.7086 28.0314 2
      vertex 77.85 25.8742 2
      vertex 77.85 28.1258 2
    endloop
  endfacet
  facet normal 0 0 1
    outer loop
      vertex 77.7086 28.0314 2
      vertex 77.7086 25.9686 2
      vertex 77.85 25.8742 2
    endloop
  endfacet
  facet normal -0 0 1
    outer loop
      vertex 77.5808 27.9192 2
      vertex 77.7086 25.9686 2
      vertex 77.7086 28.0314 2
    endloop
  endfacet
  facet normal 0 0 1
    outer loop
      vertex 77.5808 27.9192 2
      vertex 77.5808 26.0808 2
      vertex 77.7086 25.9686 2
    endloop
  endfacet
  facet normal -0 0 1
    outer loop
      vertex 77.4686 27.7914 2
      vertex 77.5808 26.0808 2
      vertex 77.5808 27.9192 2
    endloop
  endfacet
  facet normal 0 0 1
    outer loop
      vertex 77.4686 27.7914 2
      vertex 77.4686 26.2086 2
      vertex 77.5808 26.0808 2
    endloop
  endfacet
  facet normal -0 0 1
    outer loop
      vertex 77.3742 27.65 2
      vertex 77.4686 26.2086 2
      vertex 77.4686 27.7914 2
    endloop
  endfacet
  facet normal 0 0 1
    outer loop
      vertex 77.3742 27.65 2
      vertex 77.3742 26.35 2
      vertex 77.4686 26.2086 2
    endloop
  endfacet
  facet normal -0 0 1
    outer loop
      vertex 77.299 27.4975 2
      vertex 77.3742 26.35 2
      vertex 77.3742 27.65 2
    endloop
  endfacet
  facet normal 0 0 1
    outer loop
      vertex 77.299 27.4975 2
      vertex 77.299 26.5025 2
      vertex 77.3742 26.35 2
    endloop
  endfacet
  facet normal -0 0 1
    outer loop
      vertex 77.2443 27.3365 2
      vertex 77.299 26.5025 2
      vertex 77.299 27.4975 2
    endloop
  endfacet
  facet normal 0 0 1
    outer loop
      vertex 77.2443 27.3365 2
      vertex 77.2443 26.6635 2
      vertex 77.299 26.5025 2
    endloop
  endfacet
  facet normal -0 0 1
    outer loop
      vertex 77.2111 27.1697 2
      vertex 77.2443 26.6635 2
      vertex 77.2443 27.3365 2
    endloop
  endfacet
  facet normal 0 0 1
    outer loop
      vertex 77.2111 27.1697 2
      vertex 77.2111 26.8303 2
      vertex 77.2443 26.6635 2
    endloop
  endfacet
  facet normal 0 -0 1
    outer loop
      vertex 77.2111 26.8303 2
      vertex 77.2111 27.1697 2
      vertex 77.2 27 2
    endloop
  endfacet
  facet normal 0.896961 0.44211 0
    outer loop
      vertex -82.8196 -31.1 9.6
      vertex -82.8543 -31.0296 2
      vertex -82.8543 -31.0296 9.6
    endloop
  endfacet
  facet normal 0.896961 0.44211 0
    outer loop
      vertex -82.8543 -31.0296 2
      vertex -82.8196 -31.1 9.6
      vertex -82.8196 -31.1 2
    endloop
  endfacet
  facet normal 0.0649964 0.997886 -0
    outer loop
      vertex -82.3 -31.4 2
      vertex -82.3783 -31.3949 9.6
      vertex -82.3 -31.4 9.6
    endloop
  endfacet
  facet normal 0.0649964 0.997886 0
    outer loop
      vertex -82.3783 -31.3949 9.6
      vertex -82.3 -31.4 2
      vertex -82.3783 -31.3949 2
    endloop
  endfacet
  facet normal -0.896961 0.44211 0
    outer loop
      vertex 82.8196 -31.1 2
      vertex 82.8543 -31.0296 9.6
      vertex 82.8543 -31.0296 2
    endloop
  endfacet
  facet normal -0.896961 0.44211 0
    outer loop
      vertex 82.8543 -31.0296 9.6
      vertex 82.8196 -31.1 2
      vertex 82.8196 -31.1 9.6
    endloop
  endfacet
  facet normal -0.980581 0.196116 0
    outer loop
      vertex 82.8795 -30.9553 2
      vertex 82.8949 -30.8783 9.6
      vertex 82.8949 -30.8783 2
    endloop
  endfacet
  facet normal -0.980581 0.196116 0
    outer loop
      vertex 82.8949 -30.8783 9.6
      vertex 82.8795 -30.9553 2
      vertex 82.8795 -30.9553 9.6
    endloop
  endfacet
  facet normal -0.752656 0.658414 0
    outer loop
      vertex 82.7243 -31.2243 2
      vertex 82.776 -31.1652 9.6
      vertex 82.776 -31.1652 2
    endloop
  endfacet
  facet normal -0.752656 0.658414 0
    outer loop
      vertex 82.776 -31.1652 9.6
      vertex 82.7243 -31.2243 2
      vertex 82.7243 -31.2243 9.6
    endloop
  endfacet
  facet normal -0.44211 0.896961 0
    outer loop
      vertex 82.6 -31.3196 2
      vertex 82.5296 -31.3543 9.6
      vertex 82.6 -31.3196 9.6
    endloop
  endfacet
  facet normal -0.44211 0.896961 0
    outer loop
      vertex 82.5296 -31.3543 9.6
      vertex 82.6 -31.3196 2
      vertex 82.5296 -31.3543 2
    endloop
  endfacet
  facet normal -0.896961 -0.44211 0
    outer loop
      vertex 82.8543 31.0296 2
      vertex 82.8196 31.1 9.6
      vertex 82.8196 31.1 2
    endloop
  endfacet
  facet normal -0.896961 -0.44211 0
    outer loop
      vertex 82.8196 31.1 9.6
      vertex 82.8543 31.0296 2
      vertex 82.8543 31.0296 9.6
    endloop
  endfacet
  facet normal -0.980581 -0.196116 0
    outer loop
      vertex 82.8949 30.8783 2
      vertex 82.8795 30.9553 9.6
      vertex 82.8795 30.9553 2
    endloop
  endfacet
  facet normal -0.980581 -0.196116 0
    outer loop
      vertex 82.8795 30.9553 9.6
      vertex 82.8949 30.8783 2
      vertex 82.8949 30.8783 9.6
    endloop
  endfacet
  facet normal 0.752656 -0.658414 0
    outer loop
      vertex -82.776 31.1652 9.6
      vertex -82.7243 31.2243 2
      vertex -82.7243 31.2243 9.6
    endloop
  endfacet
  facet normal 0.752656 -0.658414 0
    outer loop
      vertex -82.7243 31.2243 2
      vertex -82.776 31.1652 9.6
      vertex -82.776 31.1652 2
    endloop
  endfacet
  facet normal 0.831265 -0.555877 0
    outer loop
      vertex -82.8196 31.1 9.6
      vertex -82.776 31.1652 2
      vertex -82.776 31.1652 9.6
    endloop
  endfacet
  facet normal 0.831265 -0.555877 0
    outer loop
      vertex -82.776 31.1652 2
      vertex -82.8196 31.1 9.6
      vertex -82.8196 31.1 2
    endloop
  endfacet
  facet normal 0.997886 -0.0649964 0
    outer loop
      vertex -82.9 30.8 9.6
      vertex -82.8949 30.8783 2
      vertex -82.8949 30.8783 9.6
    endloop
  endfacet
  facet normal 0.997886 -0.0649964 0
    outer loop
      vertex -82.8949 30.8783 2
      vertex -82.9 30.8 9.6
      vertex -82.9 30.8 2
    endloop
  endfacet
  facet normal 0.980581 -0.196116 0
    outer loop
      vertex -82.8949 30.8783 9.6
      vertex -82.8795 30.9553 2
      vertex -82.8795 30.9553 9.6
    endloop
  endfacet
  facet normal 0.980581 -0.196116 0
    outer loop
      vertex -82.8795 30.9553 2
      vertex -82.8949 30.8783 9.6
      vertex -82.8949 30.8783 2
    endloop
  endfacet
  facet normal 0.997886 0.0649964 0
    outer loop
      vertex -82.8949 -30.8783 9.6
      vertex -82.9 -30.8 2
      vertex -82.9 -30.8 9.6
    endloop
  endfacet
  facet normal 0.997886 0.0649964 0
    outer loop
      vertex -82.9 -30.8 2
      vertex -82.8949 -30.8783 9.6
      vertex -82.8949 -30.8783 2
    endloop
  endfacet
  facet normal 0.44211 0.896961 -0
    outer loop
      vertex -82.5296 -31.3543 2
      vertex -82.6 -31.3196 9.6
      vertex -82.5296 -31.3543 9.6
    endloop
  endfacet
  facet normal 0.44211 0.896961 0
    outer loop
      vertex -82.6 -31.3196 9.6
      vertex -82.5296 -31.3543 2
      vertex -82.6 -31.3196 2
    endloop
  endfacet
  facet normal 0.831265 0.555877 0
    outer loop
      vertex -82.776 -31.1652 9.6
      vertex -82.8196 -31.1 2
      vertex -82.8196 -31.1 9.6
    endloop
  endfacet
  facet normal 0.831265 0.555877 0
    outer loop
      vertex -82.8196 -31.1 2
      vertex -82.776 -31.1652 9.6
      vertex -82.776 -31.1652 2
    endloop
  endfacet
  facet normal 0.947013 0.321194 0
    outer loop
      vertex -82.8543 -31.0296 9.6
      vertex -82.8795 -30.9553 2
      vertex -82.8795 -30.9553 9.6
    endloop
  endfacet
  facet normal 0.947013 0.321194 0
    outer loop
      vertex -82.8795 -30.9553 2
      vertex -82.8543 -31.0296 9.6
      vertex -82.8543 -31.0296 2
    endloop
  endfacet
  facet normal -0.947013 0.321194 0
    outer loop
      vertex 82.8543 -31.0296 2
      vertex 82.8795 -30.9553 9.6
      vertex 82.8795 -30.9553 2
    endloop
  endfacet
  facet normal -0.947013 0.321194 0
    outer loop
      vertex 82.8795 -30.9553 9.6
      vertex 82.8543 -31.0296 2
      vertex 82.8543 -31.0296 9.6
    endloop
  endfacet
  facet normal -0.831265 0.555877 0
    outer loop
      vertex 82.776 -31.1652 2
      vertex 82.8196 -31.1 9.6
      vertex 82.8196 -31.1 2
    endloop
  endfacet
  facet normal -0.831265 0.555877 0
    outer loop
      vertex 82.8196 -31.1 9.6
      vertex 82.776 -31.1652 2
      vertex 82.776 -31.1652 9.6
    endloop
  endfacet
  facet normal -0.555877 0.831265 0
    outer loop
      vertex 82.6652 -31.276 2
      vertex 82.6 -31.3196 9.6
      vertex 82.6652 -31.276 9.6
    endloop
  endfacet
  facet normal -0.555877 0.831265 0
    outer loop
      vertex 82.6 -31.3196 9.6
      vertex 82.6652 -31.276 2
      vertex 82.6 -31.3196 2
    endloop
  endfacet
  facet normal -0.947013 -0.321194 0
    outer loop
      vertex 82.8795 30.9553 2
      vertex 82.8543 31.0296 9.6
      vertex 82.8543 31.0296 2
    endloop
  endfacet
  facet normal -0.947013 -0.321194 0
    outer loop
      vertex 82.8543 31.0296 9.6
      vertex 82.8795 30.9553 2
      vertex 82.8795 30.9553 9.6
    endloop
  endfacet
  facet normal -0.997886 -0.0649964 0
    outer loop
      vertex 82.9 30.8 2
      vertex 82.8949 30.8783 9.6
      vertex 82.8949 30.8783 2
    endloop
  endfacet
  facet normal -0.997886 -0.0649964 0
    outer loop
      vertex 82.8949 30.8783 9.6
      vertex 82.9 30.8 2
      vertex 82.9 30.8 9.6
    endloop
  endfacet
  facet normal -0.752656 -0.658414 0
    outer loop
      vertex 82.776 31.1652 2
      vertex 82.7243 31.2243 9.6
      vertex 82.7243 31.2243 2
    endloop
  endfacet
  facet normal -0.752656 -0.658414 0
    outer loop
      vertex 82.7243 31.2243 9.6
      vertex 82.776 31.1652 2
      vertex 82.776 31.1652 9.6
    endloop
  endfacet
  facet normal -0.831265 -0.555877 0
    outer loop
      vertex 82.8196 31.1 2
      vertex 82.776 31.1652 9.6
      vertex 82.776 31.1652 2
    endloop
  endfacet
  facet normal -0.831265 -0.555877 0
    outer loop
      vertex 82.776 31.1652 9.6
      vertex 82.8196 31.1 2
      vertex 82.8196 31.1 9.6
    endloop
  endfacet
  facet normal -0.44211 -0.896961 0
    outer loop
      vertex 82.5296 31.3543 2
      vertex 82.6 31.3196 9.6
      vertex 82.5296 31.3543 9.6
    endloop
  endfacet
  facet normal -0.44211 -0.896961 -0
    outer loop
      vertex 82.6 31.3196 9.6
      vertex 82.5296 31.3543 2
      vertex 82.6 31.3196 2
    endloop
  endfacet
  facet normal 0.44211 -0.896961 0
    outer loop
      vertex -82.6 31.3196 2
      vertex -82.5296 31.3543 9.6
      vertex -82.6 31.3196 9.6
    endloop
  endfacet
  facet normal 0.44211 -0.896961 0
    outer loop
      vertex -82.5296 31.3543 9.6
      vertex -82.6 31.3196 2
      vertex -82.5296 31.3543 2
    endloop
  endfacet
  facet normal 0.947013 -0.321194 0
    outer loop
      vertex -82.8795 30.9553 9.6
      vertex -82.8543 31.0296 2
      vertex -82.8543 31.0296 9.6
    endloop
  endfacet
  facet normal 0.947013 -0.321194 0
    outer loop
      vertex -82.8543 31.0296 2
      vertex -82.8795 30.9553 9.6
      vertex -82.8795 30.9553 2
    endloop
  endfacet
  facet normal 0.896961 -0.44211 0
    outer loop
      vertex -82.8543 31.0296 9.6
      vertex -82.8196 31.1 2
      vertex -82.8196 31.1 9.6
    endloop
  endfacet
  facet normal 0.896961 -0.44211 0
    outer loop
      vertex -82.8196 31.1 2
      vertex -82.8543 31.0296 9.6
      vertex -82.8543 31.0296 2
    endloop
  endfacet
  facet normal 0.658414 0.752656 -0
    outer loop
      vertex -82.6652 -31.276 2
      vertex -82.7243 -31.2243 9.6
      vertex -82.6652 -31.276 9.6
    endloop
  endfacet
  facet normal 0.658414 0.752656 0
    outer loop
      vertex -82.7243 -31.2243 9.6
      vertex -82.6652 -31.276 2
      vertex -82.7243 -31.2243 2
    endloop
  endfacet
  facet normal 0.752656 0.658414 0
    outer loop
      vertex -82.7243 -31.2243 9.6
      vertex -82.776 -31.1652 2
      vertex -82.776 -31.1652 9.6
    endloop
  endfacet
  facet normal 0.752656 0.658414 0
    outer loop
      vertex -82.776 -31.1652 2
      vertex -82.7243 -31.2243 9.6
      vertex -82.7243 -31.2243 2
    endloop
  endfacet
  facet normal 0.980581 0.196116 0
    outer loop
      vertex -82.8795 -30.9553 9.6
      vertex -82.8949 -30.8783 2
      vertex -82.8949 -30.8783 9.6
    endloop
  endfacet
  facet normal 0.980581 0.196116 0
    outer loop
      vertex -82.8949 -30.8783 2
      vertex -82.8795 -30.9553 9.6
      vertex -82.8795 -30.9553 2
    endloop
  endfacet
  facet normal -0.658414 0.752656 0
    outer loop
      vertex 82.7243 -31.2243 2
      vertex 82.6652 -31.276 9.6
      vertex 82.7243 -31.2243 9.6
    endloop
  endfacet
  facet normal -0.658414 0.752656 0
    outer loop
      vertex 82.6652 -31.276 9.6
      vertex 82.7243 -31.2243 2
      vertex 82.6652 -31.276 2
    endloop
  endfacet
  facet normal -0.658414 -0.752656 0
    outer loop
      vertex 82.6652 31.276 2
      vertex 82.7243 31.2243 9.6
      vertex 82.6652 31.276 9.6
    endloop
  endfacet
  facet normal -0.658414 -0.752656 -0
    outer loop
      vertex 82.7243 31.2243 9.6
      vertex 82.6652 31.276 2
      vertex 82.7243 31.2243 2
    endloop
  endfacet
  facet normal -0.555877 -0.831265 0
    outer loop
      vertex 82.6 31.3196 2
      vertex 82.6652 31.276 9.6
      vertex 82.6 31.3196 9.6
    endloop
  endfacet
  facet normal -0.555877 -0.831265 -0
    outer loop
      vertex 82.6652 31.276 9.6
      vertex 82.6 31.3196 2
      vertex 82.6652 31.276 2
    endloop
  endfacet
  facet normal 0.321194 -0.947013 0
    outer loop
      vertex -82.5296 31.3543 2
      vertex -82.4553 31.3795 9.6
      vertex -82.5296 31.3543 9.6
    endloop
  endfacet
  facet normal 0.321194 -0.947013 0
    outer loop
      vertex -82.4553 31.3795 9.6
      vertex -82.5296 31.3543 2
      vertex -82.4553 31.3795 2
    endloop
  endfacet
  facet normal 0.555877 0.831265 -0
    outer loop
      vertex -82.6 -31.3196 2
      vertex -82.6652 -31.276 9.6
      vertex -82.6 -31.3196 9.6
    endloop
  endfacet
  facet normal 0.555877 0.831265 0
    outer loop
      vertex -82.6652 -31.276 9.6
      vertex -82.6 -31.3196 2
      vertex -82.6652 -31.276 2
    endloop
  endfacet
  facet normal 0.658414 -0.752656 0
    outer loop
      vertex -82.7243 31.2243 2
      vertex -82.6652 31.276 9.6
      vertex -82.7243 31.2243 9.6
    endloop
  endfacet
  facet normal 0.658414 -0.752656 0
    outer loop
      vertex -82.6652 31.276 9.6
      vertex -82.7243 31.2243 2
      vertex -82.6652 31.276 2
    endloop
  endfacet
  facet normal 0.659478 0.751724 -0
    outer loop
      vertex -76.3787 -24.8787 2
      vertex -76.6737 -24.6199 8
      vertex -76.3787 -24.8787 8
    endloop
  endfacet
  facet normal 0.659478 0.751724 0
    outer loop
      vertex -76.6737 -24.6199 8
      vertex -76.3787 -24.8787 2
      vertex -76.6737 -24.6199 2
    endloop
  endfacet
  facet normal -0.946858 0.321651 0
    outer loop
      vertex -81.3978 -26.2235 2
      vertex -81.2716 -25.852 8
      vertex -81.2716 -25.852 2
    endloop
  endfacet
  facet normal -0.946858 0.321651 0
    outer loop
      vertex -81.2716 -25.852 8
      vertex -81.3978 -26.2235 2
      vertex -81.3978 -26.2235 8
    endloop
  endfacet
  facet normal -0.321651 -0.946858 0
    outer loop
      vertex -79.648 -29.7716 2
      vertex -79.2765 -29.8978 8
      vertex -79.648 -29.7716 8
    endloop
  endfacet
  facet normal -0.321651 -0.946858 -0
    outer loop
      vertex -79.2765 -29.8978 8
      vertex -79.648 -29.7716 2
      vertex -79.2765 -29.8978 2
    endloop
  endfacet
  facet normal 0.555523 0.831501 -0
    outer loop
      vertex -76.6737 -24.6199 2
      vertex -77 -24.4019 8
      vertex -76.6737 -24.6199 8
    endloop
  endfacet
  facet normal 0.555523 0.831501 0
    outer loop
      vertex -77 -24.4019 8
      vertex -76.6737 -24.6199 2
      vertex -77 -24.4019 2
    endloop
  endfacet
  facet normal -0.321651 0.946858 0
    outer loop
      vertex -79.2765 -24.1022 2
      vertex -79.648 -24.2284 8
      vertex -79.2765 -24.1022 8
    endloop
  endfacet
  facet normal -0.321651 0.946858 0
    outer loop
      vertex -79.648 -24.2284 8
      vertex -79.2765 -24.1022 2
      vertex -79.648 -24.2284 2
    endloop
  endfacet
  facet normal -0.896961 0.44211 0
    outer loop
      vertex -81.2716 -25.852 2
      vertex -81.0981 -25.5 8
      vertex -81.0981 -25.5 2
    endloop
  endfacet
  facet normal -0.896961 0.44211 0
    outer loop
      vertex -81.0981 -25.5 8
      vertex -81.2716 -25.852 2
      vertex -81.2716 -25.852 8
    endloop
  endfacet
  facet normal -0.896961 -0.44211 0
    outer loop
      vertex -81.0981 -28.5 2
      vertex -81.2716 -28.148 8
      vertex -81.2716 -28.148 2
    endloop
  endfacet
  facet normal -0.896961 -0.44211 0
    outer loop
      vertex -81.2716 -28.148 8
      vertex -81.0981 -28.5 2
      vertex -81.0981 -28.5 8
    endloop
  endfacet
  facet normal 0.946858 0.321651 0
    outer loop
      vertex -75.6022 -26.2235 8
      vertex -75.7284 -25.852 2
      vertex -75.7284 -25.852 8
    endloop
  endfacet
  facet normal 0.946858 0.321651 0
    outer loop
      vertex -75.7284 -25.852 2
      vertex -75.6022 -26.2235 8
      vertex -75.6022 -26.2235 2
    endloop
  endfacet
  facet normal 0.831501 0.555523 0
    outer loop
      vertex -75.9019 -25.5 8
      vertex -76.1199 -25.1737 2
      vertex -76.1199 -25.1737 8
    endloop
  endfacet
  facet normal 0.831501 0.555523 0
    outer loop
      vertex -76.1199 -25.1737 2
      vertex -75.9019 -25.5 8
      vertex -75.9019 -25.5 2
    endloop
  endfacet
  facet normal 0.751724 0.659478 0
    outer loop
      vertex -76.1199 -25.1737 8
      vertex -76.3787 -24.8787 2
      vertex -76.3787 -24.8787 8
    endloop
  endfacet
  facet normal 0.751724 0.659478 0
    outer loop
      vertex -76.3787 -24.8787 2
      vertex -76.1199 -25.1737 8
      vertex -76.1199 -25.1737 2
    endloop
  endfacet
  facet normal 0.44211 0.896961 -0
    outer loop
      vertex -77 -24.4019 2
      vertex -77.352 -24.2284 8
      vertex -77 -24.4019 8
    endloop
  endfacet
  facet normal 0.44211 0.896961 0
    outer loop
      vertex -77.352 -24.2284 8
      vertex -77 -24.4019 2
      vertex -77.352 -24.2284 2
    endloop
  endfacet
  facet normal 0.321651 0.946858 -0
    outer loop
      vertex -77.352 -24.2284 2
      vertex -77.7235 -24.1022 8
      vertex -77.352 -24.2284 8
    endloop
  endfacet
  facet normal 0.321651 0.946858 0
    outer loop
      vertex -77.7235 -24.1022 8
      vertex -77.352 -24.2284 2
      vertex -77.7235 -24.1022 2
    endloop
  endfacet
  facet normal -0.751724 0.659478 0
    outer loop
      vertex -80.8801 -25.1737 2
      vertex -80.6213 -24.8787 8
      vertex -80.6213 -24.8787 2
    endloop
  endfacet
  facet normal -0.751724 0.659478 0
    outer loop
      vertex -80.6213 -24.8787 8
      vertex -80.8801 -25.1737 2
      vertex -80.8801 -25.1737 8
    endloop
  endfacet
  facet normal -0.44211 0.896961 0
    outer loop
      vertex -79.648 -24.2284 2
      vertex -80 -24.4019 8
      vertex -79.648 -24.2284 8
    endloop
  endfacet
  facet normal -0.44211 0.896961 0
    outer loop
      vertex -80 -24.4019 8
      vertex -79.648 -24.2284 2
      vertex -80 -24.4019 2
    endloop
  endfacet
  facet normal -0.555523 0.831501 0
    outer loop
      vertex -80 -24.4019 2
      vertex -80.3263 -24.6199 8
      vertex -80 -24.4019 8
    endloop
  endfacet
  facet normal -0.555523 0.831501 0
    outer loop
      vertex -80.3263 -24.6199 8
      vertex -80 -24.4019 2
      vertex -80.3263 -24.6199 2
    endloop
  endfacet
  facet normal 0.321651 -0.946858 0
    outer loop
      vertex -77.7235 -29.8978 2
      vertex -77.352 -29.7716 8
      vertex -77.7235 -29.8978 8
    endloop
  endfacet
  facet normal 0.321651 -0.946858 0
    outer loop
      vertex -77.352 -29.7716 8
      vertex -77.7235 -29.8978 2
      vertex -77.352 -29.7716 2
    endloop
  endfacet
  facet normal 0.751724 -0.659478 0
    outer loop
      vertex -76.3787 -29.1213 8
      vertex -76.1199 -28.8263 2
      vertex -76.1199 -28.8263 8
    endloop
  endfacet
  facet normal 0.751724 -0.659478 0
    outer loop
      vertex -76.1199 -28.8263 2
      vertex -76.3787 -29.1213 8
      vertex -76.3787 -29.1213 2
    endloop
  endfacet
  facet normal 0.659478 -0.751724 0
    outer loop
      vertex -76.6737 -29.3801 2
      vertex -76.3787 -29.1213 8
      vertex -76.6737 -29.3801 8
    endloop
  endfacet
  facet normal 0.659478 -0.751724 0
    outer loop
      vertex -76.3787 -29.1213 8
      vertex -76.6737 -29.3801 2
      vertex -76.3787 -29.1213 2
    endloop
  endfacet
  facet normal 0.44211 -0.896961 0
    outer loop
      vertex -77.352 -29.7716 2
      vertex -77 -29.5981 8
      vertex -77.352 -29.7716 8
    endloop
  endfacet
  facet normal 0.44211 -0.896961 0
    outer loop
      vertex -77 -29.5981 8
      vertex -77.352 -29.7716 2
      vertex -77 -29.5981 2
    endloop
  endfacet
  facet normal -0.555523 -0.831501 0
    outer loop
      vertex -80.3263 -29.3801 2
      vertex -80 -29.5981 8
      vertex -80.3263 -29.3801 8
    endloop
  endfacet
  facet normal -0.555523 -0.831501 -0
    outer loop
      vertex -80 -29.5981 8
      vertex -80.3263 -29.3801 2
      vertex -80 -29.5981 2
    endloop
  endfacet
  facet normal -0.44211 -0.896961 0
    outer loop
      vertex -80 -29.5981 2
      vertex -79.648 -29.7716 8
      vertex -80 -29.5981 8
    endloop
  endfacet
  facet normal -0.44211 -0.896961 -0
    outer loop
      vertex -79.648 -29.7716 8
      vertex -80 -29.5981 2
      vertex -79.648 -29.7716 2
    endloop
  endfacet
  facet normal -0.980815 -0.19494 0
    outer loop
      vertex -81.3978 -27.7765 2
      vertex -81.4743 -27.3916 8
      vertex -81.4743 -27.3916 2
    endloop
  endfacet
  facet normal -0.980815 -0.19494 0
    outer loop
      vertex -81.4743 -27.3916 8
      vertex -81.3978 -27.7765 2
      vertex -81.3978 -27.7765 8
    endloop
  endfacet
  facet normal 0.980815 0.19494 0
    outer loop
      vertex -75.5257 -26.6084 8
      vertex -75.6022 -26.2235 2
      vertex -75.6022 -26.2235 8
    endloop
  endfacet
  facet normal 0.980815 0.19494 0
    outer loop
      vertex -75.6022 -26.2235 2
      vertex -75.5257 -26.6084 8
      vertex -75.5257 -26.6084 2
    endloop
  endfacet
  facet normal 0.896961 0.44211 0
    outer loop
      vertex -75.7284 -25.852 8
      vertex -75.9019 -25.5 2
      vertex -75.9019 -25.5 8
    endloop
  endfacet
  facet normal 0.896961 0.44211 0
    outer loop
      vertex -75.9019 -25.5 2
      vertex -75.7284 -25.852 8
      vertex -75.7284 -25.852 2
    endloop
  endfacet
  facet normal 0.0654873 0.997853 -0
    outer loop
      vertex -78.1084 -24.0257 2
      vertex -78.5 -24 8
      vertex -78.1084 -24.0257 8
    endloop
  endfacet
  facet normal 0.0654873 0.997853 0
    outer loop
      vertex -78.5 -24 8
      vertex -78.1084 -24.0257 2
      vertex -78.5 -24 2
    endloop
  endfacet
  facet normal 0.19494 0.980815 -0
    outer loop
      vertex -77.7235 -24.1022 2
      vertex -78.1084 -24.0257 8
      vertex -77.7235 -24.1022 8
    endloop
  endfacet
  facet normal 0.19494 0.980815 0
    outer loop
      vertex -78.1084 -24.0257 8
      vertex -77.7235 -24.1022 2
      vertex -78.1084 -24.0257 2
    endloop
  endfacet
  facet normal -0.997853 0.0654873 0
    outer loop
      vertex -81.5 -27 2
      vertex -81.4743 -26.6084 8
      vertex -81.4743 -26.6084 2
    endloop
  endfacet
  facet normal -0.997853 0.0654873 0
    outer loop
      vertex -81.4743 -26.6084 8
      vertex -81.5 -27 2
      vertex -81.5 -27 8
    endloop
  endfacet
  facet normal -0.980815 0.19494 0
    outer loop
      vertex -81.4743 -26.6084 2
      vertex -81.3978 -26.2235 8
      vertex -81.3978 -26.2235 2
    endloop
  endfacet
  facet normal -0.980815 0.19494 0
    outer loop
      vertex -81.3978 -26.2235 8
      vertex -81.4743 -26.6084 2
      vertex -81.4743 -26.6084 8
    endloop
  endfacet
  facet normal -0.831501 0.555523 0
    outer loop
      vertex -81.0981 -25.5 2
      vertex -80.8801 -25.1737 8
      vertex -80.8801 -25.1737 2
    endloop
  endfacet
  facet normal -0.831501 0.555523 0
    outer loop
      vertex -80.8801 -25.1737 8
      vertex -81.0981 -25.5 2
      vertex -81.0981 -25.5 8
    endloop
  endfacet
  facet normal -0.0654873 0.997853 0
    outer loop
      vertex -78.5 -24 2
      vertex -78.8916 -24.0257 8
      vertex -78.5 -24 8
    endloop
  endfacet
  facet normal -0.0654873 0.997853 0
    outer loop
      vertex -78.8916 -24.0257 8
      vertex -78.5 -24 2
      vertex -78.8916 -24.0257 2
    endloop
  endfacet
  facet normal -0.19494 0.980815 0
    outer loop
      vertex -78.8916 -24.0257 2
      vertex -79.2765 -24.1022 8
      vertex -78.8916 -24.0257 8
    endloop
  endfacet
  facet normal -0.19494 0.980815 0
    outer loop
      vertex -79.2765 -24.1022 8
      vertex -78.8916 -24.0257 2
      vertex -79.2765 -24.1022 2
    endloop
  endfacet
  facet normal -0.659478 0.751724 0
    outer loop
      vertex -80.3263 -24.6199 2
      vertex -80.6213 -24.8787 8
      vertex -80.3263 -24.6199 8
    endloop
  endfacet
  facet normal -0.659478 0.751724 0
    outer loop
      vertex -80.6213 -24.8787 8
      vertex -80.3263 -24.6199 2
      vertex -80.6213 -24.8787 2
    endloop
  endfacet
  facet normal 0.997853 0.0654873 0
    outer loop
      vertex -75.5 -27 8
      vertex -75.5257 -26.6084 2
      vertex -75.5257 -26.6084 8
    endloop
  endfacet
  facet normal 0.997853 0.0654873 0
    outer loop
      vertex -75.5257 -26.6084 2
      vertex -75.5 -27 8
      vertex -75.5 -27 2
    endloop
  endfacet
  facet normal 0.0654873 -0.997853 0
    outer loop
      vertex -78.5 -30 2
      vertex -78.1084 -29.9743 8
      vertex -78.5 -30 8
    endloop
  endfacet
  facet normal 0.0654873 -0.997853 0
    outer loop
      vertex -78.1084 -29.9743 8
      vertex -78.5 -30 2
      vertex -78.1084 -29.9743 2
    endloop
  endfacet
  facet normal 0.946858 -0.321651 0
    outer loop
      vertex -75.7284 -28.148 8
      vertex -75.6022 -27.7765 2
      vertex -75.6022 -27.7765 8
    endloop
  endfacet
  facet normal 0.946858 -0.321651 0
    outer loop
      vertex -75.6022 -27.7765 2
      vertex -75.7284 -28.148 8
      vertex -75.7284 -28.148 2
    endloop
  endfacet
  facet normal 0.19494 -0.980815 0
    outer loop
      vertex -78.1084 -29.9743 2
      vertex -77.7235 -29.8978 8
      vertex -78.1084 -29.9743 8
    endloop
  endfacet
  facet normal 0.19494 -0.980815 0
    outer loop
      vertex -77.7235 -29.8978 8
      vertex -78.1084 -29.9743 2
      vertex -77.7235 -29.8978 2
    endloop
  endfacet
  facet normal 0.555523 -0.831501 0
    outer loop
      vertex -77 -29.5981 2
      vertex -76.6737 -29.3801 8
      vertex -77 -29.5981 8
    endloop
  endfacet
  facet normal 0.555523 -0.831501 0
    outer loop
      vertex -76.6737 -29.3801 8
      vertex -77 -29.5981 2
      vertex -76.6737 -29.3801 2
    endloop
  endfacet
  facet normal 0.896961 -0.44211 0
    outer loop
      vertex -75.9019 -28.5 8
      vertex -75.7284 -28.148 2
      vertex -75.7284 -28.148 8
    endloop
  endfacet
  facet normal 0.896961 -0.44211 0
    outer loop
      vertex -75.7284 -28.148 2
      vertex -75.9019 -28.5 8
      vertex -75.9019 -28.5 2
    endloop
  endfacet
  facet normal -0.19494 -0.980815 0
    outer loop
      vertex -79.2765 -29.8978 2
      vertex -78.8916 -29.9743 8
      vertex -79.2765 -29.8978 8
    endloop
  endfacet
  facet normal -0.19494 -0.980815 -0
    outer loop
      vertex -78.8916 -29.9743 8
      vertex -79.2765 -29.8978 2
      vertex -78.8916 -29.9743 2
    endloop
  endfacet
  facet normal -0.0654873 -0.997853 0
    outer loop
      vertex -78.8916 -29.9743 2
      vertex -78.5 -30 8
      vertex -78.8916 -29.9743 8
    endloop
  endfacet
  facet normal -0.0654873 -0.997853 -0
    outer loop
      vertex -78.5 -30 8
      vertex -78.8916 -29.9743 2
      vertex -78.5 -30 2
    endloop
  endfacet
  facet normal -0.659478 -0.751724 0
    outer loop
      vertex -80.6213 -29.1213 2
      vertex -80.3263 -29.3801 8
      vertex -80.6213 -29.1213 8
    endloop
  endfacet
  facet normal -0.659478 -0.751724 -0
    outer loop
      vertex -80.3263 -29.3801 8
      vertex -80.6213 -29.1213 2
      vertex -80.3263 -29.3801 2
    endloop
  endfacet
  facet normal -0.946858 -0.321651 0
    outer loop
      vertex -81.2716 -28.148 2
      vertex -81.3978 -27.7765 8
      vertex -81.3978 -27.7765 2
    endloop
  endfacet
  facet normal -0.946858 -0.321651 0
    outer loop
      vertex -81.3978 -27.7765 8
      vertex -81.2716 -28.148 2
      vertex -81.2716 -28.148 8
    endloop
  endfacet
  facet normal -0.997853 -0.0654873 0
    outer loop
      vertex -81.4743 -27.3916 2
      vertex -81.5 -27 8
      vertex -81.5 -27 2
    endloop
  endfacet
  facet normal -0.997853 -0.0654873 0
    outer loop
      vertex -81.5 -27 8
      vertex -81.4743 -27.3916 2
      vertex -81.4743 -27.3916 8
    endloop
  endfacet
  facet normal -0.831501 -0.555523 0
    outer loop
      vertex -80.8801 -28.8263 2
      vertex -81.0981 -28.5 8
      vertex -81.0981 -28.5 2
    endloop
  endfacet
  facet normal -0.831501 -0.555523 0
    outer loop
      vertex -81.0981 -28.5 8
      vertex -80.8801 -28.8263 2
      vertex -80.8801 -28.8263 8
    endloop
  endfacet
  facet normal -0.751724 -0.659478 0
    outer loop
      vertex -80.6213 -29.1213 2
      vertex -80.8801 -28.8263 8
      vertex -80.8801 -28.8263 2
    endloop
  endfacet
  facet normal -0.751724 -0.659478 0
    outer loop
      vertex -80.8801 -28.8263 8
      vertex -80.6213 -29.1213 2
      vertex -80.6213 -29.1213 8
    endloop
  endfacet
  facet normal 0 0 1
    outer loop
      vertex -77.2 -27 8
      vertex -75.5 -27 8
      vertex -75.5257 -26.6084 8
    endloop
  endfacet
  facet normal 0 0 1
    outer loop
      vertex -77.2111 -26.8303 8
      vertex -75.5257 -26.6084 8
      vertex -75.6022 -26.2235 8
    endloop
  endfacet
  facet normal 0 0 1
    outer loop
      vertex -75.5 -27 8
      vertex -77.2 -27 8
      vertex -75.5257 -27.3916 8
    endloop
  endfacet
  facet normal 0 0 1
    outer loop
      vertex -77.2443 -26.6635 8
      vertex -75.6022 -26.2235 8
      vertex -75.7284 -25.852 8
    endloop
  endfacet
  facet normal -0 0 1
    outer loop
      vertex -77.2111 -27.1697 8
      vertex -75.5257 -27.3916 8
      vertex -77.2 -27 8
    endloop
  endfacet
  facet normal 0 0 1
    outer loop
      vertex -77.299 -26.5025 8
      vertex -75.7284 -25.852 8
      vertex -75.9019 -25.5 8
    endloop
  endfacet
  facet normal 0 0 1
    outer loop
      vertex -75.5257 -27.3916 8
      vertex -77.2111 -27.1697 8
      vertex -75.6022 -27.7765 8
    endloop
  endfacet
  facet normal 0 0 1
    outer loop
      vertex -77.3742 -26.35 8
      vertex -75.9019 -25.5 8
      vertex -76.1199 -25.1737 8
    endloop
  endfacet
  facet normal -0 0 1
    outer loop
      vertex -77.2443 -27.3365 8
      vertex -75.6022 -27.7765 8
      vertex -77.2111 -27.1697 8
    endloop
  endfacet
  facet normal 0 0 1
    outer loop
      vertex -77.4686 -26.2086 8
      vertex -76.1199 -25.1737 8
      vertex -76.3787 -24.8787 8
    endloop
  endfacet
  facet normal 0 0 1
    outer loop
      vertex -75.6022 -27.7765 8
      vertex -77.2443 -27.3365 8
      vertex -75.7284 -28.148 8
    endloop
  endfacet
  facet normal 0 0 1
    outer loop
      vertex -77.5808 -26.0808 8
      vertex -76.3787 -24.8787 8
      vertex -76.6737 -24.6199 8
    endloop
  endfacet
  facet normal -0 0 1
    outer loop
      vertex -77.299 -27.4975 8
      vertex -75.7284 -28.148 8
      vertex -77.2443 -27.3365 8
    endloop
  endfacet
  facet normal 0 0 1
    outer loop
      vertex -77.7086 -25.9686 8
      vertex -76.6737 -24.6199 8
      vertex -77 -24.4019 8
    endloop
  endfacet
  facet normal 0 0 1
    outer loop
      vertex -75.7284 -28.148 8
      vertex -77.299 -27.4975 8
      vertex -75.9019 -28.5 8
    endloop
  endfacet
  facet normal -0 0 1
    outer loop
      vertex -77.3742 -27.65 8
      vertex -75.9019 -28.5 8
      vertex -77.299 -27.4975 8
    endloop
  endfacet
  facet normal 0 0 1
    outer loop
      vertex -75.5257 -26.6084 8
      vertex -77.2111 -26.8303 8
      vertex -77.2 -27 8
    endloop
  endfacet
  facet normal 0 0 1
    outer loop
      vertex -75.6022 -26.2235 8
      vertex -77.2443 -26.6635 8
      vertex -77.2111 -26.8303 8
    endloop
  endfacet
  facet normal 0 0 1
    outer loop
      vertex -75.7284 -25.852 8
      vertex -77.299 -26.5025 8
      vertex -77.2443 -26.6635 8
    endloop
  endfacet
  facet normal 0 0 1
    outer loop
      vertex -77.85 -25.8742 8
      vertex -77 -24.4019 8
      vertex -77.352 -24.2284 8
    endloop
  endfacet
  facet normal 0 0 1
    outer loop
      vertex -75.9019 -25.5 8
      vertex -77.3742 -26.35 8
      vertex -77.299 -26.5025 8
    endloop
  endfacet
  facet normal 0 0 1
    outer loop
      vertex -76.1199 -25.1737 8
      vertex -77.4686 -26.2086 8
      vertex -77.3742 -26.35 8
    endloop
  endfacet
  facet normal 0 0 1
    outer loop
      vertex -76.3787 -24.8787 8
      vertex -77.5808 -26.0808 8
      vertex -77.4686 -26.2086 8
    endloop
  endfacet
  facet normal 0 0 1
    outer loop
      vertex -76.6737 -24.6199 8
      vertex -77.7086 -25.9686 8
      vertex -77.5808 -26.0808 8
    endloop
  endfacet
  facet normal 0 0 1
    outer loop
      vertex -78.0025 -25.799 8
      vertex -77.352 -24.2284 8
      vertex -77.7235 -24.1022 8
    endloop
  endfacet
  facet normal 0 0 1
    outer loop
      vertex -77 -24.4019 8
      vertex -77.85 -25.8742 8
      vertex -77.7086 -25.9686 8
    endloop
  endfacet
  facet normal 0 0 1
    outer loop
      vertex -77.352 -24.2284 8
      vertex -78.0025 -25.799 8
      vertex -77.85 -25.8742 8
    endloop
  endfacet
  facet normal 0 0 1
    outer loop
      vertex -78.1635 -25.7443 8
      vertex -77.7235 -24.1022 8
      vertex -78.1084 -24.0257 8
    endloop
  endfacet
  facet normal 0 0 1
    outer loop
      vertex -77.7235 -24.1022 8
      vertex -78.1635 -25.7443 8
      vertex -78.0025 -25.799 8
    endloop
  endfacet
  facet normal 0 0 1
    outer loop
      vertex -78.1084 -24.0257 8
      vertex -78.3303 -25.7111 8
      vertex -78.1635 -25.7443 8
    endloop
  endfacet
  facet normal 0 0 1
    outer loop
      vertex -78.5 -24 8
      vertex -78.3303 -25.7111 8
      vertex -78.1084 -24.0257 8
    endloop
  endfacet
  facet normal 0 0 1
    outer loop
      vertex -78.5 -24 8
      vertex -78.5 -25.7 8
      vertex -78.3303 -25.7111 8
    endloop
  endfacet
  facet normal 0 0 1
    outer loop
      vertex -78.5 -24 8
      vertex -78.6697 -25.7111 8
      vertex -78.5 -25.7 8
    endloop
  endfacet
  facet normal -0 0 1
    outer loop
      vertex -78.8916 -24.0257 8
      vertex -78.6697 -25.7111 8
      vertex -78.5 -24 8
    endloop
  endfacet
  facet normal 0 0 1
    outer loop
      vertex -78.6697 -25.7111 8
      vertex -78.8916 -24.0257 8
      vertex -78.8365 -25.7443 8
    endloop
  endfacet
  facet normal -0 0 1
    outer loop
      vertex -79.2765 -24.1022 8
      vertex -78.8365 -25.7443 8
      vertex -78.8916 -24.0257 8
    endloop
  endfacet
  facet normal 0 0 1
    outer loop
      vertex -78.8365 -25.7443 8
      vertex -79.2765 -24.1022 8
      vertex -78.9975 -25.799 8
    endloop
  endfacet
  facet normal -0 0 1
    outer loop
      vertex -79.648 -24.2284 8
      vertex -78.9975 -25.799 8
      vertex -79.2765 -24.1022 8
    endloop
  endfacet
  facet normal 0 0 1
    outer loop
      vertex -78.9975 -25.799 8
      vertex -79.648 -24.2284 8
      vertex -79.15 -25.8742 8
    endloop
  endfacet
  facet normal -0 0 1
    outer loop
      vertex -80 -24.4019 8
      vertex -79.15 -25.8742 8
      vertex -79.648 -24.2284 8
    endloop
  endfacet
  facet normal 0 0 1
    outer loop
      vertex -79.15 -25.8742 8
      vertex -80 -24.4019 8
      vertex -79.2914 -25.9686 8
    endloop
  endfacet
  facet normal -0 0 1
    outer loop
      vertex -80.3263 -24.6199 8
      vertex -79.2914 -25.9686 8
      vertex -80 -24.4019 8
    endloop
  endfacet
  facet normal 0 0 1
    outer loop
      vertex -79.2914 -25.9686 8
      vertex -80.3263 -24.6199 8
      vertex -79.4192 -26.0808 8
    endloop
  endfacet
  facet normal -0 0 1
    outer loop
      vertex -80.6213 -24.8787 8
      vertex -79.4192 -26.0808 8
      vertex -80.3263 -24.6199 8
    endloop
  endfacet
  facet normal 0 0 1
    outer loop
      vertex -79.4192 -26.0808 8
      vertex -80.6213 -24.8787 8
      vertex -79.5314 -26.2086 8
    endloop
  endfacet
  facet normal -0 0 1
    outer loop
      vertex -80.8801 -25.1737 8
      vertex -79.5314 -26.2086 8
      vertex -80.6213 -24.8787 8
    endloop
  endfacet
  facet normal 0 0 1
    outer loop
      vertex -79.5314 -26.2086 8
      vertex -80.8801 -25.1737 8
      vertex -79.6258 -26.35 8
    endloop
  endfacet
  facet normal -0 0 1
    outer loop
      vertex -81.0981 -25.5 8
      vertex -79.6258 -26.35 8
      vertex -80.8801 -25.1737 8
    endloop
  endfacet
  facet normal 0 0 1
    outer loop
      vertex -75.9019 -28.5 8
      vertex -77.3742 -27.65 8
      vertex -76.1199 -28.8263 8
    endloop
  endfacet
  facet normal -0 0 1
    outer loop
      vertex -77.4686 -27.7914 8
      vertex -76.1199 -28.8263 8
      vertex -77.3742 -27.65 8
    endloop
  endfacet
  facet normal 0 0 1
    outer loop
      vertex -76.1199 -28.8263 8
      vertex -77.4686 -27.7914 8
      vertex -76.3787 -29.1213 8
    endloop
  endfacet
  facet normal -0 0 1
    outer loop
      vertex -77.5808 -27.9192 8
      vertex -76.3787 -29.1213 8
      vertex -77.4686 -27.7914 8
    endloop
  endfacet
  facet normal 0 0 1
    outer loop
      vertex -76.3787 -29.1213 8
      vertex -77.5808 -27.9192 8
      vertex -76.6737 -29.3801 8
    endloop
  endfacet
  facet normal -0 0 1
    outer loop
      vertex -77.7086 -28.0314 8
      vertex -76.6737 -29.3801 8
      vertex -77.5808 -27.9192 8
    endloop
  endfacet
  facet normal 0 0 1
    outer loop
      vertex -76.6737 -29.3801 8
      vertex -77.7086 -28.0314 8
      vertex -77 -29.5981 8
    endloop
  endfacet
  facet normal -0 0 1
    outer loop
      vertex -77.85 -28.1258 8
      vertex -77 -29.5981 8
      vertex -77.7086 -28.0314 8
    endloop
  endfacet
  facet normal 0 0 1
    outer loop
      vertex -77 -29.5981 8
      vertex -77.85 -28.1258 8
      vertex -77.352 -29.7716 8
    endloop
  endfacet
  facet normal -0 0 1
    outer loop
      vertex -78.0025 -28.201 8
      vertex -77.352 -29.7716 8
      vertex -77.85 -28.1258 8
    endloop
  endfacet
  facet normal 0 0 1
    outer loop
      vertex -77.352 -29.7716 8
      vertex -78.0025 -28.201 8
      vertex -77.7235 -29.8978 8
    endloop
  endfacet
  facet normal -0 0 1
    outer loop
      vertex -78.1635 -28.2557 8
      vertex -77.7235 -29.8978 8
      vertex -78.0025 -28.201 8
    endloop
  endfacet
  facet normal 0 0 1
    outer loop
      vertex -77.7235 -29.8978 8
      vertex -78.1635 -28.2557 8
      vertex -78.1084 -29.9743 8
    endloop
  endfacet
  facet normal -0 0 1
    outer loop
      vertex -78.3303 -28.2889 8
      vertex -78.1084 -29.9743 8
      vertex -78.1635 -28.2557 8
    endloop
  endfacet
  facet normal -0 0 1
    outer loop
      vertex -78.5 -28.3 8
      vertex -78.1084 -29.9743 8
      vertex -78.3303 -28.2889 8
    endloop
  endfacet
  facet normal 0 0 1
    outer loop
      vertex -78.5 -28.3 8
      vertex -78.5 -30 8
      vertex -78.1084 -29.9743 8
    endloop
  endfacet
  facet normal 0 0 1
    outer loop
      vertex -78.6697 -28.2889 8
      vertex -78.5 -30 8
      vertex -78.5 -28.3 8
    endloop
  endfacet
  facet normal 0 0 1
    outer loop
      vertex -78.8916 -29.9743 8
      vertex -78.6697 -28.2889 8
      vertex -78.8365 -28.2557 8
    endloop
  endfacet
  facet normal 0 0 1
    outer loop
      vertex -78.6697 -28.2889 8
      vertex -78.8916 -29.9743 8
      vertex -78.5 -30 8
    endloop
  endfacet
  facet normal 0 0 1
    outer loop
      vertex -79.2765 -29.8978 8
      vertex -78.8365 -28.2557 8
      vertex -78.9975 -28.201 8
    endloop
  endfacet
  facet normal 0 0 1
    outer loop
      vertex -79.648 -29.7716 8
      vertex -78.9975 -28.201 8
      vertex -79.15 -28.1258 8
    endloop
  endfacet
  facet normal 0 0 1
    outer loop
      vertex -78.8365 -28.2557 8
      vertex -79.2765 -29.8978 8
      vertex -78.8916 -29.9743 8
    endloop
  endfacet
  facet normal 0 0 1
    outer loop
      vertex -80 -29.5981 8
      vertex -79.15 -28.1258 8
      vertex -79.2914 -28.0314 8
    endloop
  endfacet
  facet normal 0 0 1
    outer loop
      vertex -80.3263 -29.3801 8
      vertex -79.2914 -28.0314 8
      vertex -79.4192 -27.9192 8
    endloop
  endfacet
  facet normal 0 0 1
    outer loop
      vertex -80.6213 -29.1213 8
      vertex -79.4192 -27.9192 8
      vertex -79.5314 -27.7914 8
    endloop
  endfacet
  facet normal 0 0 1
    outer loop
      vertex -80.8801 -28.8263 8
      vertex -79.5314 -27.7914 8
      vertex -79.6258 -27.65 8
    endloop
  endfacet
  facet normal 0 0 1
    outer loop
      vertex -78.9975 -28.201 8
      vertex -79.648 -29.7716 8
      vertex -79.2765 -29.8978 8
    endloop
  endfacet
  facet normal 0 0 1
    outer loop
      vertex -81.0981 -28.5 8
      vertex -79.6258 -27.65 8
      vertex -79.701 -27.4975 8
    endloop
  endfacet
  facet normal 0 0 1
    outer loop
      vertex -81.2716 -28.148 8
      vertex -79.701 -27.4975 8
      vertex -79.7557 -27.3365 8
    endloop
  endfacet
  facet normal 0 0 1
    outer loop
      vertex -81.3978 -27.7765 8
      vertex -79.7557 -27.3365 8
      vertex -79.7889 -27.1697 8
    endloop
  endfacet
  facet normal 0 0 1
    outer loop
      vertex -81.4743 -27.3916 8
      vertex -79.7889 -27.1697 8
      vertex -79.8 -27 8
    endloop
  endfacet
  facet normal 0 0 1
    outer loop
      vertex -79.6258 -26.35 8
      vertex -81.0981 -25.5 8
      vertex -79.701 -26.5025 8
    endloop
  endfacet
  facet normal 0 0 1
    outer loop
      vertex -79.15 -28.1258 8
      vertex -80 -29.5981 8
      vertex -79.648 -29.7716 8
    endloop
  endfacet
  facet normal -0 0 1
    outer loop
      vertex -81.2716 -25.852 8
      vertex -79.701 -26.5025 8
      vertex -81.0981 -25.5 8
    endloop
  endfacet
  facet normal 0 0 1
    outer loop
      vertex -79.2914 -28.0314 8
      vertex -80.3263 -29.3801 8
      vertex -80 -29.5981 8
    endloop
  endfacet
  facet normal 0 0 1
    outer loop
      vertex -79.701 -26.5025 8
      vertex -81.2716 -25.852 8
      vertex -79.7557 -26.6635 8
    endloop
  endfacet
  facet normal 0 0 1
    outer loop
      vertex -79.4192 -27.9192 8
      vertex -80.6213 -29.1213 8
      vertex -80.3263 -29.3801 8
    endloop
  endfacet
  facet normal -0 0 1
    outer loop
      vertex -81.3978 -26.2235 8
      vertex -79.7557 -26.6635 8
      vertex -81.2716 -25.852 8
    endloop
  endfacet
  facet normal 0 0 1
    outer loop
      vertex -79.5314 -27.7914 8
      vertex -80.8801 -28.8263 8
      vertex -80.6213 -29.1213 8
    endloop
  endfacet
  facet normal 0 0 1
    outer loop
      vertex -79.7557 -26.6635 8
      vertex -81.3978 -26.2235 8
      vertex -79.7889 -26.8303 8
    endloop
  endfacet
  facet normal 0 0 1
    outer loop
      vertex -79.6258 -27.65 8
      vertex -81.0981 -28.5 8
      vertex -80.8801 -28.8263 8
    endloop
  endfacet
  facet normal -0 0 1
    outer loop
      vertex -81.4743 -26.6084 8
      vertex -79.7889 -26.8303 8
      vertex -81.3978 -26.2235 8
    endloop
  endfacet
  facet normal 0 0 1
    outer loop
      vertex -79.701 -27.4975 8
      vertex -81.2716 -28.148 8
      vertex -81.0981 -28.5 8
    endloop
  endfacet
  facet normal 0 0 1
    outer loop
      vertex -79.7889 -26.8303 8
      vertex -81.4743 -26.6084 8
      vertex -79.8 -27 8
    endloop
  endfacet
  facet normal 0 0 1
    outer loop
      vertex -79.7557 -27.3365 8
      vertex -81.3978 -27.7765 8
      vertex -81.2716 -28.148 8
    endloop
  endfacet
  facet normal 0 0 1
    outer loop
      vertex -81.5 -27 8
      vertex -79.8 -27 8
      vertex -81.4743 -26.6084 8
    endloop
  endfacet
  facet normal 0 0 1
    outer loop
      vertex -79.7889 -27.1697 8
      vertex -81.4743 -27.3916 8
      vertex -81.3978 -27.7765 8
    endloop
  endfacet
  facet normal 0 0 1
    outer loop
      vertex -79.8 -27 8
      vertex -81.5 -27 8
      vertex -81.4743 -27.3916 8
    endloop
  endfacet
  facet normal 0.980815 -0.19494 0
    outer loop
      vertex -75.6022 -27.7765 8
      vertex -75.5257 -27.3916 2
      vertex -75.5257 -27.3916 8
    endloop
  endfacet
  facet normal 0.980815 -0.19494 0
    outer loop
      vertex -75.5257 -27.3916 2
      vertex -75.6022 -27.7765 8
      vertex -75.6022 -27.7765 2
    endloop
  endfacet
  facet normal 0.997853 -0.0654873 0
    outer loop
      vertex -75.5257 -27.3916 8
      vertex -75.5 -27 2
      vertex -75.5 -27 8
    endloop
  endfacet
  facet normal 0.997853 -0.0654873 0
    outer loop
      vertex -75.5 -27 2
      vertex -75.5257 -27.3916 8
      vertex -75.5257 -27.3916 2
    endloop
  endfacet
  facet normal 0.831501 -0.555523 0
    outer loop
      vertex -76.1199 -28.8263 8
      vertex -75.9019 -28.5 2
      vertex -75.9019 -28.5 8
    endloop
  endfacet
  facet normal 0.831501 -0.555523 0
    outer loop
      vertex -75.9019 -28.5 2
      vertex -76.1199 -28.8263 8
      vertex -76.1199 -28.8263 2
    endloop
  endfacet
  facet normal -0.997868 -0.0652701 0
    outer loop
      vertex -77.2 -27 2
      vertex -77.2111 -26.8303 8
      vertex -77.2111 -26.8303 2
    endloop
  endfacet
  facet normal -0.997868 -0.0652701 0
    outer loop
      vertex -77.2111 -26.8303 8
      vertex -77.2 -27 2
      vertex -77.2 -27 8
    endloop
  endfacet
  facet normal 0.997868 -0.0652701 0
    outer loop
      vertex -79.8 -27 8
      vertex -79.7889 -26.8303 2
      vertex -79.7889 -26.8303 8
    endloop
  endfacet
  facet normal 0.997868 -0.0652701 0
    outer loop
      vertex -79.7889 -26.8303 2
      vertex -79.8 -27 8
      vertex -79.8 -27 2
    endloop
  endfacet
  facet normal -0.0652701 -0.997868 0
    outer loop
      vertex -78.5 -25.7 2
      vertex -78.3303 -25.7111 8
      vertex -78.5 -25.7 8
    endloop
  endfacet
  facet normal -0.0652701 -0.997868 -0
    outer loop
      vertex -78.3303 -25.7111 8
      vertex -78.5 -25.7 2
      vertex -78.3303 -25.7111 2
    endloop
  endfacet
  facet normal 0.751483 0.659753 0
    outer loop
      vertex -79.4192 -27.9192 8
      vertex -79.5314 -27.7914 2
      vertex -79.5314 -27.7914 8
    endloop
  endfacet
  facet normal 0.751483 0.659753 0
    outer loop
      vertex -79.5314 -27.7914 2
      vertex -79.4192 -27.9192 8
      vertex -79.4192 -27.9192 2
    endloop
  endfacet
  facet normal -0.659753 -0.751483 0
    outer loop
      vertex -77.7086 -25.9686 2
      vertex -77.5808 -26.0808 8
      vertex -77.7086 -25.9686 8
    endloop
  endfacet
  facet normal -0.659753 -0.751483 -0
    outer loop
      vertex -77.5808 -26.0808 8
      vertex -77.7086 -25.9686 2
      vertex -77.5808 -26.0808 2
    endloop
  endfacet
  facet normal 0.659753 -0.751483 0
    outer loop
      vertex -79.4192 -26.0808 2
      vertex -79.2914 -25.9686 8
      vertex -79.4192 -26.0808 8
    endloop
  endfacet
  facet normal 0.659753 -0.751483 0
    outer loop
      vertex -79.2914 -25.9686 8
      vertex -79.4192 -26.0808 2
      vertex -79.2914 -25.9686 2
    endloop
  endfacet
  facet normal 0.321692 -0.946844 0
    outer loop
      vertex -78.9975 -25.799 2
      vertex -78.8365 -25.7443 8
      vertex -78.9975 -25.799 8
    endloop
  endfacet
  facet normal 0.321692 -0.946844 0
    outer loop
      vertex -78.8365 -25.7443 8
      vertex -78.9975 -25.799 2
      vertex -78.8365 -25.7443 2
    endloop
  endfacet
  facet normal -0.896884 -0.442267 0
    outer loop
      vertex -77.299 -26.5025 2
      vertex -77.3742 -26.35 8
      vertex -77.3742 -26.35 2
    endloop
  endfacet
  facet normal -0.896884 -0.442267 0
    outer loop
      vertex -77.3742 -26.35 8
      vertex -77.299 -26.5025 2
      vertex -77.299 -26.5025 8
    endloop
  endfacet
  facet normal -0.831688 -0.555243 0
    outer loop
      vertex -77.3742 -26.35 2
      vertex -77.4686 -26.2086 8
      vertex -77.4686 -26.2086 2
    endloop
  endfacet
  facet normal -0.831688 -0.555243 0
    outer loop
      vertex -77.4686 -26.2086 8
      vertex -77.3742 -26.35 2
      vertex -77.3742 -26.35 8
    endloop
  endfacet
  facet normal -0.442267 -0.896884 0
    outer loop
      vertex -78.0025 -25.799 2
      vertex -77.85 -25.8742 8
      vertex -78.0025 -25.799 8
    endloop
  endfacet
  facet normal -0.442267 -0.896884 -0
    outer loop
      vertex -77.85 -25.8742 8
      vertex -78.0025 -25.799 2
      vertex -77.85 -25.8742 2
    endloop
  endfacet
  facet normal -0.321692 -0.946844 0
    outer loop
      vertex -78.1635 -25.7443 2
      vertex -78.0025 -25.799 8
      vertex -78.1635 -25.7443 8
    endloop
  endfacet
  facet normal -0.321692 -0.946844 -0
    outer loop
      vertex -78.0025 -25.799 8
      vertex -78.1635 -25.7443 2
      vertex -78.0025 -25.799 2
    endloop
  endfacet
  facet normal -0.555243 -0.831688 0
    outer loop
      vertex -77.85 -25.8742 2
      vertex -77.7086 -25.9686 8
      vertex -77.85 -25.8742 8
    endloop
  endfacet
  facet normal -0.555243 -0.831688 -0
    outer loop
      vertex -77.7086 -25.9686 8
      vertex -77.85 -25.8742 2
      vertex -77.7086 -25.9686 2
    endloop
  endfacet
  facet normal 0.896884 -0.442267 0
    outer loop
      vertex -79.701 -26.5025 8
      vertex -79.6258 -26.35 2
      vertex -79.6258 -26.35 8
    endloop
  endfacet
  facet normal 0.896884 -0.442267 0
    outer loop
      vertex -79.6258 -26.35 2
      vertex -79.701 -26.5025 8
      vertex -79.701 -26.5025 2
    endloop
  endfacet
  facet normal 0.751483 -0.659753 0
    outer loop
      vertex -79.5314 -26.2086 8
      vertex -79.4192 -26.0808 2
      vertex -79.4192 -26.0808 8
    endloop
  endfacet
  facet normal 0.751483 -0.659753 0
    outer loop
      vertex -79.4192 -26.0808 2
      vertex -79.5314 -26.2086 8
      vertex -79.5314 -26.2086 2
    endloop
  endfacet
  facet normal 0.946844 -0.321692 0
    outer loop
      vertex -79.7557 -26.6635 8
      vertex -79.701 -26.5025 2
      vertex -79.701 -26.5025 8
    endloop
  endfacet
  facet normal 0.946844 -0.321692 0
    outer loop
      vertex -79.701 -26.5025 2
      vertex -79.7557 -26.6635 8
      vertex -79.7557 -26.6635 2
    endloop
  endfacet
  facet normal 0.195211 -0.980761 0
    outer loop
      vertex -78.8365 -25.7443 2
      vertex -78.6697 -25.7111 8
      vertex -78.8365 -25.7443 8
    endloop
  endfacet
  facet normal 0.195211 -0.980761 0
    outer loop
      vertex -78.6697 -25.7111 8
      vertex -78.8365 -25.7443 2
      vertex -78.6697 -25.7111 2
    endloop
  endfacet
  facet normal 0.659753 0.751483 -0
    outer loop
      vertex -79.2914 -28.0314 2
      vertex -79.4192 -27.9192 8
      vertex -79.2914 -28.0314 8
    endloop
  endfacet
  facet normal 0.659753 0.751483 0
    outer loop
      vertex -79.4192 -27.9192 8
      vertex -79.2914 -28.0314 2
      vertex -79.4192 -27.9192 2
    endloop
  endfacet
  facet normal 0.321692 0.946844 -0
    outer loop
      vertex -78.8365 -28.2557 2
      vertex -78.9975 -28.201 8
      vertex -78.8365 -28.2557 8
    endloop
  endfacet
  facet normal 0.321692 0.946844 0
    outer loop
      vertex -78.9975 -28.201 8
      vertex -78.8365 -28.2557 2
      vertex -78.9975 -28.201 2
    endloop
  endfacet
  facet normal -0.946844 -0.321692 0
    outer loop
      vertex -77.2443 -26.6635 2
      vertex -77.299 -26.5025 8
      vertex -77.299 -26.5025 2
    endloop
  endfacet
  facet normal -0.946844 -0.321692 0
    outer loop
      vertex -77.299 -26.5025 8
      vertex -77.2443 -26.6635 2
      vertex -77.2443 -26.6635 8
    endloop
  endfacet
  facet normal -0.980761 -0.195211 0
    outer loop
      vertex -77.2111 -26.8303 2
      vertex -77.2443 -26.6635 8
      vertex -77.2443 -26.6635 2
    endloop
  endfacet
  facet normal -0.980761 -0.195211 0
    outer loop
      vertex -77.2443 -26.6635 8
      vertex -77.2111 -26.8303 2
      vertex -77.2111 -26.8303 8
    endloop
  endfacet
  facet normal -0.751483 -0.659753 0
    outer loop
      vertex -77.4686 -26.2086 2
      vertex -77.5808 -26.0808 8
      vertex -77.5808 -26.0808 2
    endloop
  endfacet
  facet normal -0.751483 -0.659753 0
    outer loop
      vertex -77.5808 -26.0808 8
      vertex -77.4686 -26.2086 2
      vertex -77.4686 -26.2086 8
    endloop
  endfacet
  facet normal -0.195211 -0.980761 0
    outer loop
      vertex -78.3303 -25.7111 2
      vertex -78.1635 -25.7443 8
      vertex -78.3303 -25.7111 8
    endloop
  endfacet
  facet normal -0.195211 -0.980761 -0
    outer loop
      vertex -78.1635 -25.7443 8
      vertex -78.3303 -25.7111 2
      vertex -78.1635 -25.7443 2
    endloop
  endfacet
  facet normal 0.831688 -0.555243 0
    outer loop
      vertex -79.6258 -26.35 8
      vertex -79.5314 -26.2086 2
      vertex -79.5314 -26.2086 8
    endloop
  endfacet
  facet normal 0.831688 -0.555243 0
    outer loop
      vertex -79.5314 -26.2086 2
      vertex -79.6258 -26.35 8
      vertex -79.6258 -26.35 2
    endloop
  endfacet
  facet normal 0.980761 -0.195211 0
    outer loop
      vertex -79.7889 -26.8303 8
      vertex -79.7557 -26.6635 2
      vertex -79.7557 -26.6635 8
    endloop
  endfacet
  facet normal 0.980761 -0.195211 0
    outer loop
      vertex -79.7557 -26.6635 2
      vertex -79.7889 -26.8303 8
      vertex -79.7889 -26.8303 2
    endloop
  endfacet
  facet normal 0.442267 -0.896884 0
    outer loop
      vertex -79.15 -25.8742 2
      vertex -78.9975 -25.799 8
      vertex -79.15 -25.8742 8
    endloop
  endfacet
  facet normal 0.442267 -0.896884 0
    outer loop
      vertex -78.9975 -25.799 8
      vertex -79.15 -25.8742 2
      vertex -78.9975 -25.799 2
    endloop
  endfacet
  facet normal 0.555243 -0.831688 0
    outer loop
      vertex -79.2914 -25.9686 2
      vertex -79.15 -25.8742 8
      vertex -79.2914 -25.9686 8
    endloop
  endfacet
  facet normal 0.555243 -0.831688 0
    outer loop
      vertex -79.15 -25.8742 8
      vertex -79.2914 -25.9686 2
      vertex -79.15 -25.8742 2
    endloop
  endfacet
  facet normal 0.0652701 -0.997868 0
    outer loop
      vertex -78.6697 -25.7111 2
      vertex -78.5 -25.7 8
      vertex -78.6697 -25.7111 8
    endloop
  endfacet
  facet normal 0.0652701 -0.997868 0
    outer loop
      vertex -78.5 -25.7 8
      vertex -78.6697 -25.7111 2
      vertex -78.5 -25.7 2
    endloop
  endfacet
  facet normal -0.0652701 0.997868 0
    outer loop
      vertex -78.3303 -28.2889 2
      vertex -78.5 -28.3 8
      vertex -78.3303 -28.2889 8
    endloop
  endfacet
  facet normal -0.0652701 0.997868 0
    outer loop
      vertex -78.5 -28.3 8
      vertex -78.3303 -28.2889 2
      vertex -78.5 -28.3 2
    endloop
  endfacet
  facet normal -0.321692 0.946844 0
    outer loop
      vertex -78.0025 -28.201 2
      vertex -78.1635 -28.2557 8
      vertex -78.0025 -28.201 8
    endloop
  endfacet
  facet normal -0.321692 0.946844 0
    outer loop
      vertex -78.1635 -28.2557 8
      vertex -78.0025 -28.201 2
      vertex -78.1635 -28.2557 2
    endloop
  endfacet
  facet normal -0.659753 0.751483 0
    outer loop
      vertex -77.5808 -27.9192 2
      vertex -77.7086 -28.0314 8
      vertex -77.5808 -27.9192 8
    endloop
  endfacet
  facet normal -0.659753 0.751483 0
    outer loop
      vertex -77.7086 -28.0314 8
      vertex -77.5808 -27.9192 2
      vertex -77.7086 -28.0314 2
    endloop
  endfacet
  facet normal -0.442267 0.896884 0
    outer loop
      vertex -77.85 -28.1258 2
      vertex -78.0025 -28.201 8
      vertex -77.85 -28.1258 8
    endloop
  endfacet
  facet normal -0.442267 0.896884 0
    outer loop
      vertex -78.0025 -28.201 8
      vertex -77.85 -28.1258 2
      vertex -78.0025 -28.201 2
    endloop
  endfacet
  facet normal -0.946844 0.321692 0
    outer loop
      vertex -77.299 -27.4975 2
      vertex -77.2443 -27.3365 8
      vertex -77.2443 -27.3365 2
    endloop
  endfacet
  facet normal -0.946844 0.321692 0
    outer loop
      vertex -77.2443 -27.3365 8
      vertex -77.299 -27.4975 2
      vertex -77.299 -27.4975 8
    endloop
  endfacet
  facet normal -0.831688 0.555243 0
    outer loop
      vertex -77.4686 -27.7914 2
      vertex -77.3742 -27.65 8
      vertex -77.3742 -27.65 2
    endloop
  endfacet
  facet normal -0.831688 0.555243 0
    outer loop
      vertex -77.3742 -27.65 8
      vertex -77.4686 -27.7914 2
      vertex -77.4686 -27.7914 8
    endloop
  endfacet
  facet normal 0.555243 0.831688 -0
    outer loop
      vertex -79.15 -28.1258 2
      vertex -79.2914 -28.0314 8
      vertex -79.15 -28.1258 8
    endloop
  endfacet
  facet normal 0.555243 0.831688 0
    outer loop
      vertex -79.2914 -28.0314 8
      vertex -79.15 -28.1258 2
      vertex -79.2914 -28.0314 2
    endloop
  endfacet
  facet normal 0.195211 0.980761 -0
    outer loop
      vertex -78.6697 -28.2889 2
      vertex -78.8365 -28.2557 8
      vertex -78.6697 -28.2889 8
    endloop
  endfacet
  facet normal 0.195211 0.980761 0
    outer loop
      vertex -78.8365 -28.2557 8
      vertex -78.6697 -28.2889 2
      vertex -78.8365 -28.2557 2
    endloop
  endfacet
  facet normal 0.896884 0.442267 0
    outer loop
      vertex -79.6258 -27.65 8
      vertex -79.701 -27.4975 2
      vertex -79.701 -27.4975 8
    endloop
  endfacet
  facet normal 0.896884 0.442267 0
    outer loop
      vertex -79.701 -27.4975 2
      vertex -79.6258 -27.65 8
      vertex -79.6258 -27.65 2
    endloop
  endfacet
  facet normal 0.946844 0.321692 0
    outer loop
      vertex -79.701 -27.4975 8
      vertex -79.7557 -27.3365 2
      vertex -79.7557 -27.3365 8
    endloop
  endfacet
  facet normal 0.946844 0.321692 0
    outer loop
      vertex -79.7557 -27.3365 2
      vertex -79.701 -27.4975 8
      vertex -79.701 -27.4975 2
    endloop
  endfacet
  facet normal 0.997868 0.0652701 0
    outer loop
      vertex -79.7889 -27.1697 8
      vertex -79.8 -27 2
      vertex -79.8 -27 8
    endloop
  endfacet
  facet normal 0.997868 0.0652701 0
    outer loop
      vertex -79.8 -27 2
      vertex -79.7889 -27.1697 8
      vertex -79.7889 -27.1697 2
    endloop
  endfacet
  facet normal -0.195211 0.980761 0
    outer loop
      vertex -78.1635 -28.2557 2
      vertex -78.3303 -28.2889 8
      vertex -78.1635 -28.2557 8
    endloop
  endfacet
  facet normal -0.195211 0.980761 0
    outer loop
      vertex -78.3303 -28.2889 8
      vertex -78.1635 -28.2557 2
      vertex -78.3303 -28.2889 2
    endloop
  endfacet
  facet normal -0.751483 0.659753 0
    outer loop
      vertex -77.5808 -27.9192 2
      vertex -77.4686 -27.7914 8
      vertex -77.4686 -27.7914 2
    endloop
  endfacet
  facet normal -0.751483 0.659753 0
    outer loop
      vertex -77.4686 -27.7914 8
      vertex -77.5808 -27.9192 2
      vertex -77.5808 -27.9192 8
    endloop
  endfacet
  facet normal -0.555243 0.831688 0
    outer loop
      vertex -77.7086 -28.0314 2
      vertex -77.85 -28.1258 8
      vertex -77.7086 -28.0314 8
    endloop
  endfacet
  facet normal -0.555243 0.831688 0
    outer loop
      vertex -77.85 -28.1258 8
      vertex -77.7086 -28.0314 2
      vertex -77.85 -28.1258 2
    endloop
  endfacet
  facet normal -0.980761 0.195211 0
    outer loop
      vertex -77.2443 -27.3365 2
      vertex -77.2111 -27.1697 8
      vertex -77.2111 -27.1697 2
    endloop
  endfacet
  facet normal -0.980761 0.195211 0
    outer loop
      vertex -77.2111 -27.1697 8
      vertex -77.2443 -27.3365 2
      vertex -77.2443 -27.3365 8
    endloop
  endfacet
  facet normal -0.896884 0.442267 0
    outer loop
      vertex -77.3742 -27.65 2
      vertex -77.299 -27.4975 8
      vertex -77.299 -27.4975 2
    endloop
  endfacet
  facet normal -0.896884 0.442267 0
    outer loop
      vertex -77.299 -27.4975 8
      vertex -77.3742 -27.65 2
      vertex -77.3742 -27.65 8
    endloop
  endfacet
  facet normal 0.442267 0.896884 -0
    outer loop
      vertex -78.9975 -28.201 2
      vertex -79.15 -28.1258 8
      vertex -78.9975 -28.201 8
    endloop
  endfacet
  facet normal 0.442267 0.896884 0
    outer loop
      vertex -79.15 -28.1258 8
      vertex -78.9975 -28.201 2
      vertex -79.15 -28.1258 2
    endloop
  endfacet
  facet normal 0.0652701 0.997868 -0
    outer loop
      vertex -78.5 -28.3 2
      vertex -78.6697 -28.2889 8
      vertex -78.5 -28.3 8
    endloop
  endfacet
  facet normal 0.0652701 0.997868 0
    outer loop
      vertex -78.6697 -28.2889 8
      vertex -78.5 -28.3 2
      vertex -78.6697 -28.2889 2
    endloop
  endfacet
  facet normal 0.831688 0.555243 0
    outer loop
      vertex -79.5314 -27.7914 8
      vertex -79.6258 -27.65 2
      vertex -79.6258 -27.65 8
    endloop
  endfacet
  facet normal 0.831688 0.555243 0
    outer loop
      vertex -79.6258 -27.65 2
      vertex -79.5314 -27.7914 8
      vertex -79.5314 -27.7914 2
    endloop
  endfacet
  facet normal 0.980761 0.195211 0
    outer loop
      vertex -79.7557 -27.3365 8
      vertex -79.7889 -27.1697 2
      vertex -79.7889 -27.1697 8
    endloop
  endfacet
  facet normal 0.980761 0.195211 0
    outer loop
      vertex -79.7889 -27.1697 2
      vertex -79.7557 -27.3365 8
      vertex -79.7557 -27.3365 2
    endloop
  endfacet
  facet normal -0.997868 0.0652701 0
    outer loop
      vertex -77.2111 -27.1697 2
      vertex -77.2 -27 8
      vertex -77.2 -27 2
    endloop
  endfacet
  facet normal -0.997868 0.0652701 0
    outer loop
      vertex -77.2 -27 8
      vertex -77.2111 -27.1697 2
      vertex -77.2111 -27.1697 8
    endloop
  endfacet
  facet normal 0.659478 0.751724 -0
    outer loop
      vertex -76.3787 29.1213 2
      vertex -76.6737 29.3801 8
      vertex -76.3787 29.1213 8
    endloop
  endfacet
  facet normal 0.659478 0.751724 0
    outer loop
      vertex -76.6737 29.3801 8
      vertex -76.3787 29.1213 2
      vertex -76.6737 29.3801 2
    endloop
  endfacet
  facet normal -0.946858 0.321651 0
    outer loop
      vertex -81.3978 27.7765 2
      vertex -81.2716 28.148 8
      vertex -81.2716 28.148 2
    endloop
  endfacet
  facet normal -0.946858 0.321651 0
    outer loop
      vertex -81.2716 28.148 8
      vertex -81.3978 27.7765 2
      vertex -81.3978 27.7765 8
    endloop
  endfacet
  facet normal -0.321651 -0.946858 0
    outer loop
      vertex -79.648 24.2284 2
      vertex -79.2765 24.1022 8
      vertex -79.648 24.2284 8
    endloop
  endfacet
  facet normal -0.321651 -0.946858 -0
    outer loop
      vertex -79.2765 24.1022 8
      vertex -79.648 24.2284 2
      vertex -79.2765 24.1022 2
    endloop
  endfacet
  facet normal 0.555523 0.831501 -0
    outer loop
      vertex -76.6737 29.3801 2
      vertex -77 29.5981 8
      vertex -76.6737 29.3801 8
    endloop
  endfacet
  facet normal 0.555523 0.831501 0
    outer loop
      vertex -77 29.5981 8
      vertex -76.6737 29.3801 2
      vertex -77 29.5981 2
    endloop
  endfacet
  facet normal -0.321651 0.946858 0
    outer loop
      vertex -79.2765 29.8978 2
      vertex -79.648 29.7716 8
      vertex -79.2765 29.8978 8
    endloop
  endfacet
  facet normal -0.321651 0.946858 0
    outer loop
      vertex -79.648 29.7716 8
      vertex -79.2765 29.8978 2
      vertex -79.648 29.7716 2
    endloop
  endfacet
  facet normal -0.896961 0.44211 0
    outer loop
      vertex -81.2716 28.148 2
      vertex -81.0981 28.5 8
      vertex -81.0981 28.5 2
    endloop
  endfacet
  facet normal -0.896961 0.44211 0
    outer loop
      vertex -81.0981 28.5 8
      vertex -81.2716 28.148 2
      vertex -81.2716 28.148 8
    endloop
  endfacet
  facet normal -0.896961 -0.44211 0
    outer loop
      vertex -81.0981 25.5 2
      vertex -81.2716 25.852 8
      vertex -81.2716 25.852 2
    endloop
  endfacet
  facet normal -0.896961 -0.44211 0
    outer loop
      vertex -81.2716 25.852 8
      vertex -81.0981 25.5 2
      vertex -81.0981 25.5 8
    endloop
  endfacet
  facet normal 0.946858 0.321651 0
    outer loop
      vertex -75.6022 27.7765 8
      vertex -75.7284 28.148 2
      vertex -75.7284 28.148 8
    endloop
  endfacet
  facet normal 0.946858 0.321651 0
    outer loop
      vertex -75.7284 28.148 2
      vertex -75.6022 27.7765 8
      vertex -75.6022 27.7765 2
    endloop
  endfacet
  facet normal 0.831501 0.555523 0
    outer loop
      vertex -75.9019 28.5 8
      vertex -76.1199 28.8263 2
      vertex -76.1199 28.8263 8
    endloop
  endfacet
  facet normal 0.831501 0.555523 0
    outer loop
      vertex -76.1199 28.8263 2
      vertex -75.9019 28.5 8
      vertex -75.9019 28.5 2
    endloop
  endfacet
  facet normal 0.751724 0.659478 0
    outer loop
      vertex -76.1199 28.8263 8
      vertex -76.3787 29.1213 2
      vertex -76.3787 29.1213 8
    endloop
  endfacet
  facet normal 0.751724 0.659478 0
    outer loop
      vertex -76.3787 29.1213 2
      vertex -76.1199 28.8263 8
      vertex -76.1199 28.8263 2
    endloop
  endfacet
  facet normal 0.44211 0.896961 -0
    outer loop
      vertex -77 29.5981 2
      vertex -77.352 29.7716 8
      vertex -77 29.5981 8
    endloop
  endfacet
  facet normal 0.44211 0.896961 0
    outer loop
      vertex -77.352 29.7716 8
      vertex -77 29.5981 2
      vertex -77.352 29.7716 2
    endloop
  endfacet
  facet normal 0.321651 0.946858 -0
    outer loop
      vertex -77.352 29.7716 2
      vertex -77.7235 29.8978 8
      vertex -77.352 29.7716 8
    endloop
  endfacet
  facet normal 0.321651 0.946858 0
    outer loop
      vertex -77.7235 29.8978 8
      vertex -77.352 29.7716 2
      vertex -77.7235 29.8978 2
    endloop
  endfacet
  facet normal -0.751724 0.659478 0
    outer loop
      vertex -80.8801 28.8263 2
      vertex -80.6213 29.1213 8
      vertex -80.6213 29.1213 2
    endloop
  endfacet
  facet normal -0.751724 0.659478 0
    outer loop
      vertex -80.6213 29.1213 8
      vertex -80.8801 28.8263 2
      vertex -80.8801 28.8263 8
    endloop
  endfacet
  facet normal -0.44211 0.896961 0
    outer loop
      vertex -79.648 29.7716 2
      vertex -80 29.5981 8
      vertex -79.648 29.7716 8
    endloop
  endfacet
  facet normal -0.44211 0.896961 0
    outer loop
      vertex -80 29.5981 8
      vertex -79.648 29.7716 2
      vertex -80 29.5981 2
    endloop
  endfacet
  facet normal -0.555523 0.831501 0
    outer loop
      vertex -80 29.5981 2
      vertex -80.3263 29.3801 8
      vertex -80 29.5981 8
    endloop
  endfacet
  facet normal -0.555523 0.831501 0
    outer loop
      vertex -80.3263 29.3801 8
      vertex -80 29.5981 2
      vertex -80.3263 29.3801 2
    endloop
  endfacet
  facet normal 0.321651 -0.946858 0
    outer loop
      vertex -77.7235 24.1022 2
      vertex -77.352 24.2284 8
      vertex -77.7235 24.1022 8
    endloop
  endfacet
  facet normal 0.321651 -0.946858 0
    outer loop
      vertex -77.352 24.2284 8
      vertex -77.7235 24.1022 2
      vertex -77.352 24.2284 2
    endloop
  endfacet
  facet normal 0.751724 -0.659478 0
    outer loop
      vertex -76.3787 24.8787 8
      vertex -76.1199 25.1737 2
      vertex -76.1199 25.1737 8
    endloop
  endfacet
  facet normal 0.751724 -0.659478 0
    outer loop
      vertex -76.1199 25.1737 2
      vertex -76.3787 24.8787 8
      vertex -76.3787 24.8787 2
    endloop
  endfacet
  facet normal 0.659478 -0.751724 0
    outer loop
      vertex -76.6737 24.6199 2
      vertex -76.3787 24.8787 8
      vertex -76.6737 24.6199 8
    endloop
  endfacet
  facet normal 0.659478 -0.751724 0
    outer loop
      vertex -76.3787 24.8787 8
      vertex -76.6737 24.6199 2
      vertex -76.3787 24.8787 2
    endloop
  endfacet
  facet normal 0.44211 -0.896961 0
    outer loop
      vertex -77.352 24.2284 2
      vertex -77 24.4019 8
      vertex -77.352 24.2284 8
    endloop
  endfacet
  facet normal 0.44211 -0.896961 0
    outer loop
      vertex -77 24.4019 8
      vertex -77.352 24.2284 2
      vertex -77 24.4019 2
    endloop
  endfacet
  facet normal -0.555523 -0.831501 0
    outer loop
      vertex -80.3263 24.6199 2
      vertex -80 24.4019 8
      vertex -80.3263 24.6199 8
    endloop
  endfacet
  facet normal -0.555523 -0.831501 -0
    outer loop
      vertex -80 24.4019 8
      vertex -80.3263 24.6199 2
      vertex -80 24.4019 2
    endloop
  endfacet
  facet normal -0.44211 -0.896961 0
    outer loop
      vertex -80 24.4019 2
      vertex -79.648 24.2284 8
      vertex -80 24.4019 8
    endloop
  endfacet
  facet normal -0.44211 -0.896961 -0
    outer loop
      vertex -79.648 24.2284 8
      vertex -80 24.4019 2
      vertex -79.648 24.2284 2
    endloop
  endfacet
  facet normal -0.980815 -0.19494 0
    outer loop
      vertex -81.3978 26.2235 2
      vertex -81.4743 26.6084 8
      vertex -81.4743 26.6084 2
    endloop
  endfacet
  facet normal -0.980815 -0.19494 0
    outer loop
      vertex -81.4743 26.6084 8
      vertex -81.3978 26.2235 2
      vertex -81.3978 26.2235 8
    endloop
  endfacet
  facet normal 0.980815 0.19494 0
    outer loop
      vertex -75.5257 27.3916 8
      vertex -75.6022 27.7765 2
      vertex -75.6022 27.7765 8
    endloop
  endfacet
  facet normal 0.980815 0.19494 0
    outer loop
      vertex -75.6022 27.7765 2
      vertex -75.5257 27.3916 8
      vertex -75.5257 27.3916 2
    endloop
  endfacet
  facet normal 0.896961 0.44211 0
    outer loop
      vertex -75.7284 28.148 8
      vertex -75.9019 28.5 2
      vertex -75.9019 28.5 8
    endloop
  endfacet
  facet normal 0.896961 0.44211 0
    outer loop
      vertex -75.9019 28.5 2
      vertex -75.7284 28.148 8
      vertex -75.7284 28.148 2
    endloop
  endfacet
  facet normal 0.0654873 0.997853 -0
    outer loop
      vertex -78.1084 29.9743 2
      vertex -78.5 30 8
      vertex -78.1084 29.9743 8
    endloop
  endfacet
  facet normal 0.0654873 0.997853 0
    outer loop
      vertex -78.5 30 8
      vertex -78.1084 29.9743 2
      vertex -78.5 30 2
    endloop
  endfacet
  facet normal 0.19494 0.980815 -0
    outer loop
      vertex -77.7235 29.8978 2
      vertex -78.1084 29.9743 8
      vertex -77.7235 29.8978 8
    endloop
  endfacet
  facet normal 0.19494 0.980815 0
    outer loop
      vertex -78.1084 29.9743 8
      vertex -77.7235 29.8978 2
      vertex -78.1084 29.9743 2
    endloop
  endfacet
  facet normal -0.997853 0.0654873 0
    outer loop
      vertex -81.5 27 2
      vertex -81.4743 27.3916 8
      vertex -81.4743 27.3916 2
    endloop
  endfacet
  facet normal -0.997853 0.0654873 0
    outer loop
      vertex -81.4743 27.3916 8
      vertex -81.5 27 2
      vertex -81.5 27 8
    endloop
  endfacet
  facet normal -0.980815 0.19494 0
    outer loop
      vertex -81.4743 27.3916 2
      vertex -81.3978 27.7765 8
      vertex -81.3978 27.7765 2
    endloop
  endfacet
  facet normal -0.980815 0.19494 0
    outer loop
      vertex -81.3978 27.7765 8
      vertex -81.4743 27.3916 2
      vertex -81.4743 27.3916 8
    endloop
  endfacet
  facet normal -0.831501 0.555523 0
    outer loop
      vertex -81.0981 28.5 2
      vertex -80.8801 28.8263 8
      vertex -80.8801 28.8263 2
    endloop
  endfacet
  facet normal -0.831501 0.555523 0
    outer loop
      vertex -80.8801 28.8263 8
      vertex -81.0981 28.5 2
      vertex -81.0981 28.5 8
    endloop
  endfacet
  facet normal -0.0654873 0.997853 0
    outer loop
      vertex -78.5 30 2
      vertex -78.8916 29.9743 8
      vertex -78.5 30 8
    endloop
  endfacet
  facet normal -0.0654873 0.997853 0
    outer loop
      vertex -78.8916 29.9743 8
      vertex -78.5 30 2
      vertex -78.8916 29.9743 2
    endloop
  endfacet
  facet normal -0.19494 0.980815 0
    outer loop
      vertex -78.8916 29.9743 2
      vertex -79.2765 29.8978 8
      vertex -78.8916 29.9743 8
    endloop
  endfacet
  facet normal -0.19494 0.980815 0
    outer loop
      vertex -79.2765 29.8978 8
      vertex -78.8916 29.9743 2
      vertex -79.2765 29.8978 2
    endloop
  endfacet
  facet normal -0.659478 0.751724 0
    outer loop
      vertex -80.3263 29.3801 2
      vertex -80.6213 29.1213 8
      vertex -80.3263 29.3801 8
    endloop
  endfacet
  facet normal -0.659478 0.751724 0
    outer loop
      vertex -80.6213 29.1213 8
      vertex -80.3263 29.3801 2
      vertex -80.6213 29.1213 2
    endloop
  endfacet
  facet normal 0.997853 0.0654873 0
    outer loop
      vertex -75.5 27 8
      vertex -75.5257 27.3916 2
      vertex -75.5257 27.3916 8
    endloop
  endfacet
  facet normal 0.997853 0.0654873 0
    outer loop
      vertex -75.5257 27.3916 2
      vertex -75.5 27 8
      vertex -75.5 27 2
    endloop
  endfacet
  facet normal 0.0654873 -0.997853 0
    outer loop
      vertex -78.5 24 2
      vertex -78.1084 24.0257 8
      vertex -78.5 24 8
    endloop
  endfacet
  facet normal 0.0654873 -0.997853 0
    outer loop
      vertex -78.1084 24.0257 8
      vertex -78.5 24 2
      vertex -78.1084 24.0257 2
    endloop
  endfacet
  facet normal 0.946858 -0.321651 0
    outer loop
      vertex -75.7284 25.852 8
      vertex -75.6022 26.2235 2
      vertex -75.6022 26.2235 8
    endloop
  endfacet
  facet normal 0.946858 -0.321651 0
    outer loop
      vertex -75.6022 26.2235 2
      vertex -75.7284 25.852 8
      vertex -75.7284 25.852 2
    endloop
  endfacet
  facet normal 0.19494 -0.980815 0
    outer loop
      vertex -78.1084 24.0257 2
      vertex -77.7235 24.1022 8
      vertex -78.1084 24.0257 8
    endloop
  endfacet
  facet normal 0.19494 -0.980815 0
    outer loop
      vertex -77.7235 24.1022 8
      vertex -78.1084 24.0257 2
      vertex -77.7235 24.1022 2
    endloop
  endfacet
  facet normal 0.555523 -0.831501 0
    outer loop
      vertex -77 24.4019 2
      vertex -76.6737 24.6199 8
      vertex -77 24.4019 8
    endloop
  endfacet
  facet normal 0.555523 -0.831501 0
    outer loop
      vertex -76.6737 24.6199 8
      vertex -77 24.4019 2
      vertex -76.6737 24.6199 2
    endloop
  endfacet
  facet normal 0.896961 -0.44211 0
    outer loop
      vertex -75.9019 25.5 8
      vertex -75.7284 25.852 2
      vertex -75.7284 25.852 8
    endloop
  endfacet
  facet normal 0.896961 -0.44211 0
    outer loop
      vertex -75.7284 25.852 2
      vertex -75.9019 25.5 8
      vertex -75.9019 25.5 2
    endloop
  endfacet
  facet normal -0.19494 -0.980815 0
    outer loop
      vertex -79.2765 24.1022 2
      vertex -78.8916 24.0257 8
      vertex -79.2765 24.1022 8
    endloop
  endfacet
  facet normal -0.19494 -0.980815 -0
    outer loop
      vertex -78.8916 24.0257 8
      vertex -79.2765 24.1022 2
      vertex -78.8916 24.0257 2
    endloop
  endfacet
  facet normal -0.0654873 -0.997853 0
    outer loop
      vertex -78.8916 24.0257 2
      vertex -78.5 24 8
      vertex -78.8916 24.0257 8
    endloop
  endfacet
  facet normal -0.0654873 -0.997853 -0
    outer loop
      vertex -78.5 24 8
      vertex -78.8916 24.0257 2
      vertex -78.5 24 2
    endloop
  endfacet
  facet normal -0.659478 -0.751724 0
    outer loop
      vertex -80.6213 24.8787 2
      vertex -80.3263 24.6199 8
      vertex -80.6213 24.8787 8
    endloop
  endfacet
  facet normal -0.659478 -0.751724 -0
    outer loop
      vertex -80.3263 24.6199 8
      vertex -80.6213 24.8787 2
      vertex -80.3263 24.6199 2
    endloop
  endfacet
  facet normal -0.946858 -0.321651 0
    outer loop
      vertex -81.2716 25.852 2
      vertex -81.3978 26.2235 8
      vertex -81.3978 26.2235 2
    endloop
  endfacet
  facet normal -0.946858 -0.321651 0
    outer loop
      vertex -81.3978 26.2235 8
      vertex -81.2716 25.852 2
      vertex -81.2716 25.852 8
    endloop
  endfacet
  facet normal -0.997853 -0.0654873 0
    outer loop
      vertex -81.4743 26.6084 2
      vertex -81.5 27 8
      vertex -81.5 27 2
    endloop
  endfacet
  facet normal -0.997853 -0.0654873 0
    outer loop
      vertex -81.5 27 8
      vertex -81.4743 26.6084 2
      vertex -81.4743 26.6084 8
    endloop
  endfacet
  facet normal -0.831501 -0.555523 0
    outer loop
      vertex -80.8801 25.1737 2
      vertex -81.0981 25.5 8
      vertex -81.0981 25.5 2
    endloop
  endfacet
  facet normal -0.831501 -0.555523 0
    outer loop
      vertex -81.0981 25.5 8
      vertex -80.8801 25.1737 2
      vertex -80.8801 25.1737 8
    endloop
  endfacet
  facet normal -0.751724 -0.659478 0
    outer loop
      vertex -80.6213 24.8787 2
      vertex -80.8801 25.1737 8
      vertex -80.8801 25.1737 2
    endloop
  endfacet
  facet normal -0.751724 -0.659478 0
    outer loop
      vertex -80.8801 25.1737 8
      vertex -80.6213 24.8787 2
      vertex -80.6213 24.8787 8
    endloop
  endfacet
  facet normal 0 0 1
    outer loop
      vertex -77.2 27 8
      vertex -75.5 27 8
      vertex -75.5257 27.3916 8
    endloop
  endfacet
  facet normal 0 0 1
    outer loop
      vertex -77.2111 27.1697 8
      vertex -75.5257 27.3916 8
      vertex -75.6022 27.7765 8
    endloop
  endfacet
  facet normal 0 0 1
    outer loop
      vertex -75.5 27 8
      vertex -77.2 27 8
      vertex -75.5257 26.6084 8
    endloop
  endfacet
  facet normal 0 0 1
    outer loop
      vertex -77.2443 27.3365 8
      vertex -75.6022 27.7765 8
      vertex -75.7284 28.148 8
    endloop
  endfacet
  facet normal -0 0 1
    outer loop
      vertex -77.2111 26.8303 8
      vertex -75.5257 26.6084 8
      vertex -77.2 27 8
    endloop
  endfacet
  facet normal 0 0 1
    outer loop
      vertex -77.299 27.4975 8
      vertex -75.7284 28.148 8
      vertex -75.9019 28.5 8
    endloop
  endfacet
  facet normal 0 0 1
    outer loop
      vertex -75.5257 26.6084 8
      vertex -77.2111 26.8303 8
      vertex -75.6022 26.2235 8
    endloop
  endfacet
  facet normal 0 0 1
    outer loop
      vertex -77.3742 27.65 8
      vertex -75.9019 28.5 8
      vertex -76.1199 28.8263 8
    endloop
  endfacet
  facet normal -0 0 1
    outer loop
      vertex -77.2443 26.6635 8
      vertex -75.6022 26.2235 8
      vertex -77.2111 26.8303 8
    endloop
  endfacet
  facet normal 0 0 1
    outer loop
      vertex -77.4686 27.7914 8
      vertex -76.1199 28.8263 8
      vertex -76.3787 29.1213 8
    endloop
  endfacet
  facet normal 0 0 1
    outer loop
      vertex -75.6022 26.2235 8
      vertex -77.2443 26.6635 8
      vertex -75.7284 25.852 8
    endloop
  endfacet
  facet normal 0 0 1
    outer loop
      vertex -77.5808 27.9192 8
      vertex -76.3787 29.1213 8
      vertex -76.6737 29.3801 8
    endloop
  endfacet
  facet normal -0 0 1
    outer loop
      vertex -77.299 26.5025 8
      vertex -75.7284 25.852 8
      vertex -77.2443 26.6635 8
    endloop
  endfacet
  facet normal 0 0 1
    outer loop
      vertex -77.7086 28.0314 8
      vertex -76.6737 29.3801 8
      vertex -77 29.5981 8
    endloop
  endfacet
  facet normal 0 0 1
    outer loop
      vertex -75.7284 25.852 8
      vertex -77.299 26.5025 8
      vertex -75.9019 25.5 8
    endloop
  endfacet
  facet normal -0 0 1
    outer loop
      vertex -77.3742 26.35 8
      vertex -75.9019 25.5 8
      vertex -77.299 26.5025 8
    endloop
  endfacet
  facet normal 0 0 1
    outer loop
      vertex -75.5257 27.3916 8
      vertex -77.2111 27.1697 8
      vertex -77.2 27 8
    endloop
  endfacet
  facet normal 0 0 1
    outer loop
      vertex -75.6022 27.7765 8
      vertex -77.2443 27.3365 8
      vertex -77.2111 27.1697 8
    endloop
  endfacet
  facet normal 0 0 1
    outer loop
      vertex -75.7284 28.148 8
      vertex -77.299 27.4975 8
      vertex -77.2443 27.3365 8
    endloop
  endfacet
  facet normal 0 0 1
    outer loop
      vertex -77.85 28.1258 8
      vertex -77 29.5981 8
      vertex -77.352 29.7716 8
    endloop
  endfacet
  facet normal 0 0 1
    outer loop
      vertex -75.9019 28.5 8
      vertex -77.3742 27.65 8
      vertex -77.299 27.4975 8
    endloop
  endfacet
  facet normal 0 0 1
    outer loop
      vertex -76.1199 28.8263 8
      vertex -77.4686 27.7914 8
      vertex -77.3742 27.65 8
    endloop
  endfacet
  facet normal 0 0 1
    outer loop
      vertex -76.3787 29.1213 8
      vertex -77.5808 27.9192 8
      vertex -77.4686 27.7914 8
    endloop
  endfacet
  facet normal 0 0 1
    outer loop
      vertex -76.6737 29.3801 8
      vertex -77.7086 28.0314 8
      vertex -77.5808 27.9192 8
    endloop
  endfacet
  facet normal 0 0 1
    outer loop
      vertex -78.0025 28.201 8
      vertex -77.352 29.7716 8
      vertex -77.7235 29.8978 8
    endloop
  endfacet
  facet normal 0 0 1
    outer loop
      vertex -77 29.5981 8
      vertex -77.85 28.1258 8
      vertex -77.7086 28.0314 8
    endloop
  endfacet
  facet normal 0 0 1
    outer loop
      vertex -77.352 29.7716 8
      vertex -78.0025 28.201 8
      vertex -77.85 28.1258 8
    endloop
  endfacet
  facet normal 0 0 1
    outer loop
      vertex -78.1635 28.2557 8
      vertex -77.7235 29.8978 8
      vertex -78.1084 29.9743 8
    endloop
  endfacet
  facet normal 0 0 1
    outer loop
      vertex -77.7235 29.8978 8
      vertex -78.1635 28.2557 8
      vertex -78.0025 28.201 8
    endloop
  endfacet
  facet normal 0 0 1
    outer loop
      vertex -78.1084 29.9743 8
      vertex -78.3303 28.2889 8
      vertex -78.1635 28.2557 8
    endloop
  endfacet
  facet normal 0 0 1
    outer loop
      vertex -78.5 30 8
      vertex -78.3303 28.2889 8
      vertex -78.1084 29.9743 8
    endloop
  endfacet
  facet normal 0 0 1
    outer loop
      vertex -78.5 30 8
      vertex -78.5 28.3 8
      vertex -78.3303 28.2889 8
    endloop
  endfacet
  facet normal 0 0 1
    outer loop
      vertex -78.5 30 8
      vertex -78.6697 28.2889 8
      vertex -78.5 28.3 8
    endloop
  endfacet
  facet normal -0 0 1
    outer loop
      vertex -78.8916 29.9743 8
      vertex -78.6697 28.2889 8
      vertex -78.5 30 8
    endloop
  endfacet
  facet normal 0 0 1
    outer loop
      vertex -78.6697 28.2889 8
      vertex -78.8916 29.9743 8
      vertex -78.8365 28.2557 8
    endloop
  endfacet
  facet normal -0 0 1
    outer loop
      vertex -79.2765 29.8978 8
      vertex -78.8365 28.2557 8
      vertex -78.8916 29.9743 8
    endloop
  endfacet
  facet normal 0 0 1
    outer loop
      vertex -78.8365 28.2557 8
      vertex -79.2765 29.8978 8
      vertex -78.9975 28.201 8
    endloop
  endfacet
  facet normal -0 0 1
    outer loop
      vertex -79.648 29.7716 8
      vertex -78.9975 28.201 8
      vertex -79.2765 29.8978 8
    endloop
  endfacet
  facet normal 0 0 1
    outer loop
      vertex -78.9975 28.201 8
      vertex -79.648 29.7716 8
      vertex -79.15 28.1258 8
    endloop
  endfacet
  facet normal -0 0 1
    outer loop
      vertex -80 29.5981 8
      vertex -79.15 28.1258 8
      vertex -79.648 29.7716 8
    endloop
  endfacet
  facet normal 0 0 1
    outer loop
      vertex -79.15 28.1258 8
      vertex -80 29.5981 8
      vertex -79.2914 28.0314 8
    endloop
  endfacet
  facet normal -0 0 1
    outer loop
      vertex -80.3263 29.3801 8
      vertex -79.2914 28.0314 8
      vertex -80 29.5981 8
    endloop
  endfacet
  facet normal 0 0 1
    outer loop
      vertex -79.2914 28.0314 8
      vertex -80.3263 29.3801 8
      vertex -79.4192 27.9192 8
    endloop
  endfacet
  facet normal -0 0 1
    outer loop
      vertex -80.6213 29.1213 8
      vertex -79.4192 27.9192 8
      vertex -80.3263 29.3801 8
    endloop
  endfacet
  facet normal 0 0 1
    outer loop
      vertex -79.4192 27.9192 8
      vertex -80.6213 29.1213 8
      vertex -79.5314 27.7914 8
    endloop
  endfacet
  facet normal -0 0 1
    outer loop
      vertex -80.8801 28.8263 8
      vertex -79.5314 27.7914 8
      vertex -80.6213 29.1213 8
    endloop
  endfacet
  facet normal 0 0 1
    outer loop
      vertex -79.5314 27.7914 8
      vertex -80.8801 28.8263 8
      vertex -79.6258 27.65 8
    endloop
  endfacet
  facet normal -0 0 1
    outer loop
      vertex -81.0981 28.5 8
      vertex -79.6258 27.65 8
      vertex -80.8801 28.8263 8
    endloop
  endfacet
  facet normal 0 0 1
    outer loop
      vertex -75.9019 25.5 8
      vertex -77.3742 26.35 8
      vertex -76.1199 25.1737 8
    endloop
  endfacet
  facet normal -0 0 1
    outer loop
      vertex -77.4686 26.2086 8
      vertex -76.1199 25.1737 8
      vertex -77.3742 26.35 8
    endloop
  endfacet
  facet normal 0 0 1
    outer loop
      vertex -76.1199 25.1737 8
      vertex -77.4686 26.2086 8
      vertex -76.3787 24.8787 8
    endloop
  endfacet
  facet normal -0 0 1
    outer loop
      vertex -77.5808 26.0808 8
      vertex -76.3787 24.8787 8
      vertex -77.4686 26.2086 8
    endloop
  endfacet
  facet normal 0 0 1
    outer loop
      vertex -76.3787 24.8787 8
      vertex -77.5808 26.0808 8
      vertex -76.6737 24.6199 8
    endloop
  endfacet
  facet normal -0 0 1
    outer loop
      vertex -77.7086 25.9686 8
      vertex -76.6737 24.6199 8
      vertex -77.5808 26.0808 8
    endloop
  endfacet
  facet normal 0 0 1
    outer loop
      vertex -76.6737 24.6199 8
      vertex -77.7086 25.9686 8
      vertex -77 24.4019 8
    endloop
  endfacet
  facet normal -0 0 1
    outer loop
      vertex -77.85 25.8742 8
      vertex -77 24.4019 8
      vertex -77.7086 25.9686 8
    endloop
  endfacet
  facet normal 0 0 1
    outer loop
      vertex -77 24.4019 8
      vertex -77.85 25.8742 8
      vertex -77.352 24.2284 8
    endloop
  endfacet
  facet normal -0 0 1
    outer loop
      vertex -78.0025 25.799 8
      vertex -77.352 24.2284 8
      vertex -77.85 25.8742 8
    endloop
  endfacet
  facet normal 0 0 1
    outer loop
      vertex -77.352 24.2284 8
      vertex -78.0025 25.799 8
      vertex -77.7235 24.1022 8
    endloop
  endfacet
  facet normal -0 0 1
    outer loop
      vertex -78.1635 25.7443 8
      vertex -77.7235 24.1022 8
      vertex -78.0025 25.799 8
    endloop
  endfacet
  facet normal 0 0 1
    outer loop
      vertex -77.7235 24.1022 8
      vertex -78.1635 25.7443 8
      vertex -78.1084 24.0257 8
    endloop
  endfacet
  facet normal -0 0 1
    outer loop
      vertex -78.3303 25.7111 8
      vertex -78.1084 24.0257 8
      vertex -78.1635 25.7443 8
    endloop
  endfacet
  facet normal -0 0 1
    outer loop
      vertex -78.5 25.7 8
      vertex -78.1084 24.0257 8
      vertex -78.3303 25.7111 8
    endloop
  endfacet
  facet normal 0 0 1
    outer loop
      vertex -78.5 25.7 8
      vertex -78.5 24 8
      vertex -78.1084 24.0257 8
    endloop
  endfacet
  facet normal 0 0 1
    outer loop
      vertex -78.6697 25.7111 8
      vertex -78.5 24 8
      vertex -78.5 25.7 8
    endloop
  endfacet
  facet normal 0 0 1
    outer loop
      vertex -78.8916 24.0257 8
      vertex -78.6697 25.7111 8
      vertex -78.8365 25.7443 8
    endloop
  endfacet
  facet normal 0 0 1
    outer loop
      vertex -78.6697 25.7111 8
      vertex -78.8916 24.0257 8
      vertex -78.5 24 8
    endloop
  endfacet
  facet normal 0 0 1
    outer loop
      vertex -79.2765 24.1022 8
      vertex -78.8365 25.7443 8
      vertex -78.9975 25.799 8
    endloop
  endfacet
  facet normal 0 0 1
    outer loop
      vertex -79.648 24.2284 8
      vertex -78.9975 25.799 8
      vertex -79.15 25.8742 8
    endloop
  endfacet
  facet normal 0 0 1
    outer loop
      vertex -78.8365 25.7443 8
      vertex -79.2765 24.1022 8
      vertex -78.8916 24.0257 8
    endloop
  endfacet
  facet normal 0 0 1
    outer loop
      vertex -80 24.4019 8
      vertex -79.15 25.8742 8
      vertex -79.2914 25.9686 8
    endloop
  endfacet
  facet normal 0 0 1
    outer loop
      vertex -80.3263 24.6199 8
      vertex -79.2914 25.9686 8
      vertex -79.4192 26.0808 8
    endloop
  endfacet
  facet normal 0 0 1
    outer loop
      vertex -80.6213 24.8787 8
      vertex -79.4192 26.0808 8
      vertex -79.5314 26.2086 8
    endloop
  endfacet
  facet normal 0 0 1
    outer loop
      vertex -80.8801 25.1737 8
      vertex -79.5314 26.2086 8
      vertex -79.6258 26.35 8
    endloop
  endfacet
  facet normal 0 0 1
    outer loop
      vertex -78.9975 25.799 8
      vertex -79.648 24.2284 8
      vertex -79.2765 24.1022 8
    endloop
  endfacet
  facet normal 0 0 1
    outer loop
      vertex -81.0981 25.5 8
      vertex -79.6258 26.35 8
      vertex -79.701 26.5025 8
    endloop
  endfacet
  facet normal 0 0 1
    outer loop
      vertex -81.2716 25.852 8
      vertex -79.701 26.5025 8
      vertex -79.7557 26.6635 8
    endloop
  endfacet
  facet normal 0 0 1
    outer loop
      vertex -81.3978 26.2235 8
      vertex -79.7557 26.6635 8
      vertex -79.7889 26.8303 8
    endloop
  endfacet
  facet normal 0 0 1
    outer loop
      vertex -81.4743 26.6084 8
      vertex -79.7889 26.8303 8
      vertex -79.8 27 8
    endloop
  endfacet
  facet normal 0 0 1
    outer loop
      vertex -79.6258 27.65 8
      vertex -81.0981 28.5 8
      vertex -79.701 27.4975 8
    endloop
  endfacet
  facet normal 0 0 1
    outer loop
      vertex -79.15 25.8742 8
      vertex -80 24.4019 8
      vertex -79.648 24.2284 8
    endloop
  endfacet
  facet normal -0 0 1
    outer loop
      vertex -81.2716 28.148 8
      vertex -79.701 27.4975 8
      vertex -81.0981 28.5 8
    endloop
  endfacet
  facet normal 0 0 1
    outer loop
      vertex -79.2914 25.9686 8
      vertex -80.3263 24.6199 8
      vertex -80 24.4019 8
    endloop
  endfacet
  facet normal 0 0 1
    outer loop
      vertex -79.701 27.4975 8
      vertex -81.2716 28.148 8
      vertex -79.7557 27.3365 8
    endloop
  endfacet
  facet normal 0 0 1
    outer loop
      vertex -79.4192 26.0808 8
      vertex -80.6213 24.8787 8
      vertex -80.3263 24.6199 8
    endloop
  endfacet
  facet normal -0 0 1
    outer loop
      vertex -81.3978 27.7765 8
      vertex -79.7557 27.3365 8
      vertex -81.2716 28.148 8
    endloop
  endfacet
  facet normal 0 0 1
    outer loop
      vertex -79.5314 26.2086 8
      vertex -80.8801 25.1737 8
      vertex -80.6213 24.8787 8
    endloop
  endfacet
  facet normal 0 0 1
    outer loop
      vertex -79.7557 27.3365 8
      vertex -81.3978 27.7765 8
      vertex -79.7889 27.1697 8
    endloop
  endfacet
  facet normal 0 0 1
    outer loop
      vertex -79.6258 26.35 8
      vertex -81.0981 25.5 8
      vertex -80.8801 25.1737 8
    endloop
  endfacet
  facet normal -0 0 1
    outer loop
      vertex -81.4743 27.3916 8
      vertex -79.7889 27.1697 8
      vertex -81.3978 27.7765 8
    endloop
  endfacet
  facet normal 0 0 1
    outer loop
      vertex -79.701 26.5025 8
      vertex -81.2716 25.852 8
      vertex -81.0981 25.5 8
    endloop
  endfacet
  facet normal 0 0 1
    outer loop
      vertex -79.7889 27.1697 8
      vertex -81.4743 27.3916 8
      vertex -79.8 27 8
    endloop
  endfacet
  facet normal 0 0 1
    outer loop
      vertex -79.7557 26.6635 8
      vertex -81.3978 26.2235 8
      vertex -81.2716 25.852 8
    endloop
  endfacet
  facet normal 0 0 1
    outer loop
      vertex -81.5 27 8
      vertex -79.8 27 8
      vertex -81.4743 27.3916 8
    endloop
  endfacet
  facet normal 0 0 1
    outer loop
      vertex -79.7889 26.8303 8
      vertex -81.4743 26.6084 8
      vertex -81.3978 26.2235 8
    endloop
  endfacet
  facet normal 0 0 1
    outer loop
      vertex -79.8 27 8
      vertex -81.5 27 8
      vertex -81.4743 26.6084 8
    endloop
  endfacet
  facet normal 0.980815 -0.19494 0
    outer loop
      vertex -75.6022 26.2235 8
      vertex -75.5257 26.6084 2
      vertex -75.5257 26.6084 8
    endloop
  endfacet
  facet normal 0.980815 -0.19494 0
    outer loop
      vertex -75.5257 26.6084 2
      vertex -75.6022 26.2235 8
      vertex -75.6022 26.2235 2
    endloop
  endfacet
  facet normal 0.997853 -0.0654873 0
    outer loop
      vertex -75.5257 26.6084 8
      vertex -75.5 27 2
      vertex -75.5 27 8
    endloop
  endfacet
  facet normal 0.997853 -0.0654873 0
    outer loop
      vertex -75.5 27 2
      vertex -75.5257 26.6084 8
      vertex -75.5257 26.6084 2
    endloop
  endfacet
  facet normal 0.831501 -0.555523 0
    outer loop
      vertex -76.1199 25.1737 8
      vertex -75.9019 25.5 2
      vertex -75.9019 25.5 8
    endloop
  endfacet
  facet normal 0.831501 -0.555523 0
    outer loop
      vertex -75.9019 25.5 2
      vertex -76.1199 25.1737 8
      vertex -76.1199 25.1737 2
    endloop
  endfacet
  facet normal -0.997868 -0.0652701 0
    outer loop
      vertex -77.2 27 2
      vertex -77.2111 27.1697 8
      vertex -77.2111 27.1697 2
    endloop
  endfacet
  facet normal -0.997868 -0.0652701 0
    outer loop
      vertex -77.2111 27.1697 8
      vertex -77.2 27 2
      vertex -77.2 27 8
    endloop
  endfacet
  facet normal 0.997868 -0.0652701 0
    outer loop
      vertex -79.8 27 8
      vertex -79.7889 27.1697 2
      vertex -79.7889 27.1697 8
    endloop
  endfacet
  facet normal 0.997868 -0.0652701 0
    outer loop
      vertex -79.7889 27.1697 2
      vertex -79.8 27 8
      vertex -79.8 27 2
    endloop
  endfacet
  facet normal -0.0652701 -0.997868 0
    outer loop
      vertex -78.5 28.3 2
      vertex -78.3303 28.2889 8
      vertex -78.5 28.3 8
    endloop
  endfacet
  facet normal -0.0652701 -0.997868 -0
    outer loop
      vertex -78.3303 28.2889 8
      vertex -78.5 28.3 2
      vertex -78.3303 28.2889 2
    endloop
  endfacet
  facet normal 0.751483 0.659753 0
    outer loop
      vertex -79.4192 26.0808 8
      vertex -79.5314 26.2086 2
      vertex -79.5314 26.2086 8
    endloop
  endfacet
  facet normal 0.751483 0.659753 0
    outer loop
      vertex -79.5314 26.2086 2
      vertex -79.4192 26.0808 8
      vertex -79.4192 26.0808 2
    endloop
  endfacet
  facet normal -0.659753 -0.751483 0
    outer loop
      vertex -77.7086 28.0314 2
      vertex -77.5808 27.9192 8
      vertex -77.7086 28.0314 8
    endloop
  endfacet
  facet normal -0.659753 -0.751483 -0
    outer loop
      vertex -77.5808 27.9192 8
      vertex -77.7086 28.0314 2
      vertex -77.5808 27.9192 2
    endloop
  endfacet
  facet normal 0.659753 -0.751483 0
    outer loop
      vertex -79.4192 27.9192 2
      vertex -79.2914 28.0314 8
      vertex -79.4192 27.9192 8
    endloop
  endfacet
  facet normal 0.659753 -0.751483 0
    outer loop
      vertex -79.2914 28.0314 8
      vertex -79.4192 27.9192 2
      vertex -79.2914 28.0314 2
    endloop
  endfacet
  facet normal 0.321692 -0.946844 0
    outer loop
      vertex -78.9975 28.201 2
      vertex -78.8365 28.2557 8
      vertex -78.9975 28.201 8
    endloop
  endfacet
  facet normal 0.321692 -0.946844 0
    outer loop
      vertex -78.8365 28.2557 8
      vertex -78.9975 28.201 2
      vertex -78.8365 28.2557 2
    endloop
  endfacet
  facet normal -0.896884 -0.442267 0
    outer loop
      vertex -77.299 27.4975 2
      vertex -77.3742 27.65 8
      vertex -77.3742 27.65 2
    endloop
  endfacet
  facet normal -0.896884 -0.442267 0
    outer loop
      vertex -77.3742 27.65 8
      vertex -77.299 27.4975 2
      vertex -77.299 27.4975 8
    endloop
  endfacet
  facet normal -0.831688 -0.555243 0
    outer loop
      vertex -77.3742 27.65 2
      vertex -77.4686 27.7914 8
      vertex -77.4686 27.7914 2
    endloop
  endfacet
  facet normal -0.831688 -0.555243 0
    outer loop
      vertex -77.4686 27.7914 8
      vertex -77.3742 27.65 2
      vertex -77.3742 27.65 8
    endloop
  endfacet
  facet normal -0.442267 -0.896884 0
    outer loop
      vertex -78.0025 28.201 2
      vertex -77.85 28.1258 8
      vertex -78.0025 28.201 8
    endloop
  endfacet
  facet normal -0.442267 -0.896884 -0
    outer loop
      vertex -77.85 28.1258 8
      vertex -78.0025 28.201 2
      vertex -77.85 28.1258 2
    endloop
  endfacet
  facet normal -0.321692 -0.946844 0
    outer loop
      vertex -78.1635 28.2557 2
      vertex -78.0025 28.201 8
      vertex -78.1635 28.2557 8
    endloop
  endfacet
  facet normal -0.321692 -0.946844 -0
    outer loop
      vertex -78.0025 28.201 8
      vertex -78.1635 28.2557 2
      vertex -78.0025 28.201 2
    endloop
  endfacet
  facet normal -0.555243 -0.831688 0
    outer loop
      vertex -77.85 28.1258 2
      vertex -77.7086 28.0314 8
      vertex -77.85 28.1258 8
    endloop
  endfacet
  facet normal -0.555243 -0.831688 -0
    outer loop
      vertex -77.7086 28.0314 8
      vertex -77.85 28.1258 2
      vertex -77.7086 28.0314 2
    endloop
  endfacet
  facet normal 0.896884 -0.442267 0
    outer loop
      vertex -79.701 27.4975 8
      vertex -79.6258 27.65 2
      vertex -79.6258 27.65 8
    endloop
  endfacet
  facet normal 0.896884 -0.442267 0
    outer loop
      vertex -79.6258 27.65 2
      vertex -79.701 27.4975 8
      vertex -79.701 27.4975 2
    endloop
  endfacet
  facet normal 0.751483 -0.659753 0
    outer loop
      vertex -79.5314 27.7914 8
      vertex -79.4192 27.9192 2
      vertex -79.4192 27.9192 8
    endloop
  endfacet
  facet normal 0.751483 -0.659753 0
    outer loop
      vertex -79.4192 27.9192 2
      vertex -79.5314 27.7914 8
      vertex -79.5314 27.7914 2
    endloop
  endfacet
  facet normal 0.946844 -0.321692 0
    outer loop
      vertex -79.7557 27.3365 8
      vertex -79.701 27.4975 2
      vertex -79.701 27.4975 8
    endloop
  endfacet
  facet normal 0.946844 -0.321692 0
    outer loop
      vertex -79.701 27.4975 2
      vertex -79.7557 27.3365 8
      vertex -79.7557 27.3365 2
    endloop
  endfacet
  facet normal 0.195211 -0.980761 0
    outer loop
      vertex -78.8365 28.2557 2
      vertex -78.6697 28.2889 8
      vertex -78.8365 28.2557 8
    endloop
  endfacet
  facet normal 0.195211 -0.980761 0
    outer loop
      vertex -78.6697 28.2889 8
      vertex -78.8365 28.2557 2
      vertex -78.6697 28.2889 2
    endloop
  endfacet
  facet normal 0.659753 0.751483 -0
    outer loop
      vertex -79.2914 25.9686 2
      vertex -79.4192 26.0808 8
      vertex -79.2914 25.9686 8
    endloop
  endfacet
  facet normal 0.659753 0.751483 0
    outer loop
      vertex -79.4192 26.0808 8
      vertex -79.2914 25.9686 2
      vertex -79.4192 26.0808 2
    endloop
  endfacet
  facet normal 0.321692 0.946844 -0
    outer loop
      vertex -78.8365 25.7443 2
      vertex -78.9975 25.799 8
      vertex -78.8365 25.7443 8
    endloop
  endfacet
  facet normal 0.321692 0.946844 0
    outer loop
      vertex -78.9975 25.799 8
      vertex -78.8365 25.7443 2
      vertex -78.9975 25.799 2
    endloop
  endfacet
  facet normal -0.946844 -0.321692 0
    outer loop
      vertex -77.2443 27.3365 2
      vertex -77.299 27.4975 8
      vertex -77.299 27.4975 2
    endloop
  endfacet
  facet normal -0.946844 -0.321692 0
    outer loop
      vertex -77.299 27.4975 8
      vertex -77.2443 27.3365 2
      vertex -77.2443 27.3365 8
    endloop
  endfacet
  facet normal -0.980761 -0.195211 0
    outer loop
      vertex -77.2111 27.1697 2
      vertex -77.2443 27.3365 8
      vertex -77.2443 27.3365 2
    endloop
  endfacet
  facet normal -0.980761 -0.195211 0
    outer loop
      vertex -77.2443 27.3365 8
      vertex -77.2111 27.1697 2
      vertex -77.2111 27.1697 8
    endloop
  endfacet
  facet normal -0.751483 -0.659753 0
    outer loop
      vertex -77.4686 27.7914 2
      vertex -77.5808 27.9192 8
      vertex -77.5808 27.9192 2
    endloop
  endfacet
  facet normal -0.751483 -0.659753 0
    outer loop
      vertex -77.5808 27.9192 8
      vertex -77.4686 27.7914 2
      vertex -77.4686 27.7914 8
    endloop
  endfacet
  facet normal -0.195211 -0.980761 0
    outer loop
      vertex -78.3303 28.2889 2
      vertex -78.1635 28.2557 8
      vertex -78.3303 28.2889 8
    endloop
  endfacet
  facet normal -0.195211 -0.980761 -0
    outer loop
      vertex -78.1635 28.2557 8
      vertex -78.3303 28.2889 2
      vertex -78.1635 28.2557 2
    endloop
  endfacet
  facet normal 0.831688 -0.555243 0
    outer loop
      vertex -79.6258 27.65 8
      vertex -79.5314 27.7914 2
      vertex -79.5314 27.7914 8
    endloop
  endfacet
  facet normal 0.831688 -0.555243 0
    outer loop
      vertex -79.5314 27.7914 2
      vertex -79.6258 27.65 8
      vertex -79.6258 27.65 2
    endloop
  endfacet
  facet normal 0.980761 -0.195211 0
    outer loop
      vertex -79.7889 27.1697 8
      vertex -79.7557 27.3365 2
      vertex -79.7557 27.3365 8
    endloop
  endfacet
  facet normal 0.980761 -0.195211 0
    outer loop
      vertex -79.7557 27.3365 2
      vertex -79.7889 27.1697 8
      vertex -79.7889 27.1697 2
    endloop
  endfacet
  facet normal 0.442267 -0.896884 0
    outer loop
      vertex -79.15 28.1258 2
      vertex -78.9975 28.201 8
      vertex -79.15 28.1258 8
    endloop
  endfacet
  facet normal 0.442267 -0.896884 0
    outer loop
      vertex -78.9975 28.201 8
      vertex -79.15 28.1258 2
      vertex -78.9975 28.201 2
    endloop
  endfacet
  facet normal 0.555243 -0.831688 0
    outer loop
      vertex -79.2914 28.0314 2
      vertex -79.15 28.1258 8
      vertex -79.2914 28.0314 8
    endloop
  endfacet
  facet normal 0.555243 -0.831688 0
    outer loop
      vertex -79.15 28.1258 8
      vertex -79.2914 28.0314 2
      vertex -79.15 28.1258 2
    endloop
  endfacet
  facet normal 0.0652701 -0.997868 0
    outer loop
      vertex -78.6697 28.2889 2
      vertex -78.5 28.3 8
      vertex -78.6697 28.2889 8
    endloop
  endfacet
  facet normal 0.0652701 -0.997868 0
    outer loop
      vertex -78.5 28.3 8
      vertex -78.6697 28.2889 2
      vertex -78.5 28.3 2
    endloop
  endfacet
  facet normal -0.0652701 0.997868 0
    outer loop
      vertex -78.3303 25.7111 2
      vertex -78.5 25.7 8
      vertex -78.3303 25.7111 8
    endloop
  endfacet
  facet normal -0.0652701 0.997868 0
    outer loop
      vertex -78.5 25.7 8
      vertex -78.3303 25.7111 2
      vertex -78.5 25.7 2
    endloop
  endfacet
  facet normal -0.321692 0.946844 0
    outer loop
      vertex -78.0025 25.799 2
      vertex -78.1635 25.7443 8
      vertex -78.0025 25.799 8
    endloop
  endfacet
  facet normal -0.321692 0.946844 0
    outer loop
      vertex -78.1635 25.7443 8
      vertex -78.0025 25.799 2
      vertex -78.1635 25.7443 2
    endloop
  endfacet
  facet normal -0.659753 0.751483 0
    outer loop
      vertex -77.5808 26.0808 2
      vertex -77.7086 25.9686 8
      vertex -77.5808 26.0808 8
    endloop
  endfacet
  facet normal -0.659753 0.751483 0
    outer loop
      vertex -77.7086 25.9686 8
      vertex -77.5808 26.0808 2
      vertex -77.7086 25.9686 2
    endloop
  endfacet
  facet normal -0.442267 0.896884 0
    outer loop
      vertex -77.85 25.8742 2
      vertex -78.0025 25.799 8
      vertex -77.85 25.8742 8
    endloop
  endfacet
  facet normal -0.442267 0.896884 0
    outer loop
      vertex -78.0025 25.799 8
      vertex -77.85 25.8742 2
      vertex -78.0025 25.799 2
    endloop
  endfacet
  facet normal -0.946844 0.321692 0
    outer loop
      vertex -77.299 26.5025 2
      vertex -77.2443 26.6635 8
      vertex -77.2443 26.6635 2
    endloop
  endfacet
  facet normal -0.946844 0.321692 0
    outer loop
      vertex -77.2443 26.6635 8
      vertex -77.299 26.5025 2
      vertex -77.299 26.5025 8
    endloop
  endfacet
  facet normal -0.831688 0.555243 0
    outer loop
      vertex -77.4686 26.2086 2
      vertex -77.3742 26.35 8
      vertex -77.3742 26.35 2
    endloop
  endfacet
  facet normal -0.831688 0.555243 0
    outer loop
      vertex -77.3742 26.35 8
      vertex -77.4686 26.2086 2
      vertex -77.4686 26.2086 8
    endloop
  endfacet
  facet normal 0.555243 0.831688 -0
    outer loop
      vertex -79.15 25.8742 2
      vertex -79.2914 25.9686 8
      vertex -79.15 25.8742 8
    endloop
  endfacet
  facet normal 0.555243 0.831688 0
    outer loop
      vertex -79.2914 25.9686 8
      vertex -79.15 25.8742 2
      vertex -79.2914 25.9686 2
    endloop
  endfacet
  facet normal 0.195211 0.980761 -0
    outer loop
      vertex -78.6697 25.7111 2
      vertex -78.8365 25.7443 8
      vertex -78.6697 25.7111 8
    endloop
  endfacet
  facet normal 0.195211 0.980761 0
    outer loop
      vertex -78.8365 25.7443 8
      vertex -78.6697 25.7111 2
      vertex -78.8365 25.7443 2
    endloop
  endfacet
  facet normal 0.896884 0.442267 0
    outer loop
      vertex -79.6258 26.35 8
      vertex -79.701 26.5025 2
      vertex -79.701 26.5025 8
    endloop
  endfacet
  facet normal 0.896884 0.442267 0
    outer loop
      vertex -79.701 26.5025 2
      vertex -79.6258 26.35 8
      vertex -79.6258 26.35 2
    endloop
  endfacet
  facet normal 0.946844 0.321692 0
    outer loop
      vertex -79.701 26.5025 8
      vertex -79.7557 26.6635 2
      vertex -79.7557 26.6635 8
    endloop
  endfacet
  facet normal 0.946844 0.321692 0
    outer loop
      vertex -79.7557 26.6635 2
      vertex -79.701 26.5025 8
      vertex -79.701 26.5025 2
    endloop
  endfacet
  facet normal 0.997868 0.0652701 0
    outer loop
      vertex -79.7889 26.8303 8
      vertex -79.8 27 2
      vertex -79.8 27 8
    endloop
  endfacet
  facet normal 0.997868 0.0652701 0
    outer loop
      vertex -79.8 27 2
      vertex -79.7889 26.8303 8
      vertex -79.7889 26.8303 2
    endloop
  endfacet
  facet normal -0.195211 0.980761 0
    outer loop
      vertex -78.1635 25.7443 2
      vertex -78.3303 25.7111 8
      vertex -78.1635 25.7443 8
    endloop
  endfacet
  facet normal -0.195211 0.980761 0
    outer loop
      vertex -78.3303 25.7111 8
      vertex -78.1635 25.7443 2
      vertex -78.3303 25.7111 2
    endloop
  endfacet
  facet normal -0.751483 0.659753 0
    outer loop
      vertex -77.5808 26.0808 2
      vertex -77.4686 26.2086 8
      vertex -77.4686 26.2086 2
    endloop
  endfacet
  facet normal -0.751483 0.659753 0
    outer loop
      vertex -77.4686 26.2086 8
      vertex -77.5808 26.0808 2
      vertex -77.5808 26.0808 8
    endloop
  endfacet
  facet normal -0.555243 0.831688 0
    outer loop
      vertex -77.7086 25.9686 2
      vertex -77.85 25.8742 8
      vertex -77.7086 25.9686 8
    endloop
  endfacet
  facet normal -0.555243 0.831688 0
    outer loop
      vertex -77.85 25.8742 8
      vertex -77.7086 25.9686 2
      vertex -77.85 25.8742 2
    endloop
  endfacet
  facet normal -0.980761 0.195211 0
    outer loop
      vertex -77.2443 26.6635 2
      vertex -77.2111 26.8303 8
      vertex -77.2111 26.8303 2
    endloop
  endfacet
  facet normal -0.980761 0.195211 0
    outer loop
      vertex -77.2111 26.8303 8
      vertex -77.2443 26.6635 2
      vertex -77.2443 26.6635 8
    endloop
  endfacet
  facet normal -0.896884 0.442267 0
    outer loop
      vertex -77.3742 26.35 2
      vertex -77.299 26.5025 8
      vertex -77.299 26.5025 2
    endloop
  endfacet
  facet normal -0.896884 0.442267 0
    outer loop
      vertex -77.299 26.5025 8
      vertex -77.3742 26.35 2
      vertex -77.3742 26.35 8
    endloop
  endfacet
  facet normal 0.442267 0.896884 -0
    outer loop
      vertex -78.9975 25.799 2
      vertex -79.15 25.8742 8
      vertex -78.9975 25.799 8
    endloop
  endfacet
  facet normal 0.442267 0.896884 0
    outer loop
      vertex -79.15 25.8742 8
      vertex -78.9975 25.799 2
      vertex -79.15 25.8742 2
    endloop
  endfacet
  facet normal 0.0652701 0.997868 -0
    outer loop
      vertex -78.5 25.7 2
      vertex -78.6697 25.7111 8
      vertex -78.5 25.7 8
    endloop
  endfacet
  facet normal 0.0652701 0.997868 0
    outer loop
      vertex -78.6697 25.7111 8
      vertex -78.5 25.7 2
      vertex -78.6697 25.7111 2
    endloop
  endfacet
  facet normal 0.831688 0.555243 0
    outer loop
      vertex -79.5314 26.2086 8
      vertex -79.6258 26.35 2
      vertex -79.6258 26.35 8
    endloop
  endfacet
  facet normal 0.831688 0.555243 0
    outer loop
      vertex -79.6258 26.35 2
      vertex -79.5314 26.2086 8
      vertex -79.5314 26.2086 2
    endloop
  endfacet
  facet normal 0.980761 0.195211 0
    outer loop
      vertex -79.7557 26.6635 8
      vertex -79.7889 26.8303 2
      vertex -79.7889 26.8303 8
    endloop
  endfacet
  facet normal 0.980761 0.195211 0
    outer loop
      vertex -79.7889 26.8303 2
      vertex -79.7557 26.6635 8
      vertex -79.7557 26.6635 2
    endloop
  endfacet
  facet normal -0.997868 0.0652701 0
    outer loop
      vertex -77.2111 26.8303 2
      vertex -77.2 27 8
      vertex -77.2 27 2
    endloop
  endfacet
  facet normal -0.997868 0.0652701 0
    outer loop
      vertex -77.2 27 8
      vertex -77.2111 26.8303 2
      vertex -77.2111 26.8303 8
    endloop
  endfacet
  facet normal 0.659478 0.751724 -0
    outer loop
      vertex 80.6213 -24.8787 2
      vertex 80.3263 -24.6199 8
      vertex 80.6213 -24.8787 8
    endloop
  endfacet
  facet normal 0.659478 0.751724 0
    outer loop
      vertex 80.3263 -24.6199 8
      vertex 80.6213 -24.8787 2
      vertex 80.3263 -24.6199 2
    endloop
  endfacet
  facet normal -0.946858 0.321651 0
    outer loop
      vertex 75.6022 -26.2235 2
      vertex 75.7284 -25.852 8
      vertex 75.7284 -25.852 2
    endloop
  endfacet
  facet normal -0.946858 0.321651 0
    outer loop
      vertex 75.7284 -25.852 8
      vertex 75.6022 -26.2235 2
      vertex 75.6022 -26.2235 8
    endloop
  endfacet
  facet normal -0.321651 -0.946858 0
    outer loop
      vertex 77.352 -29.7716 2
      vertex 77.7235 -29.8978 8
      vertex 77.352 -29.7716 8
    endloop
  endfacet
  facet normal -0.321651 -0.946858 -0
    outer loop
      vertex 77.7235 -29.8978 8
      vertex 77.352 -29.7716 2
      vertex 77.7235 -29.8978 2
    endloop
  endfacet
  facet normal 0.555523 0.831501 -0
    outer loop
      vertex 80.3263 -24.6199 2
      vertex 80 -24.4019 8
      vertex 80.3263 -24.6199 8
    endloop
  endfacet
  facet normal 0.555523 0.831501 0
    outer loop
      vertex 80 -24.4019 8
      vertex 80.3263 -24.6199 2
      vertex 80 -24.4019 2
    endloop
  endfacet
  facet normal -0.321651 0.946858 0
    outer loop
      vertex 77.7235 -24.1022 2
      vertex 77.352 -24.2284 8
      vertex 77.7235 -24.1022 8
    endloop
  endfacet
  facet normal -0.321651 0.946858 0
    outer loop
      vertex 77.352 -24.2284 8
      vertex 77.7235 -24.1022 2
      vertex 77.352 -24.2284 2
    endloop
  endfacet
  facet normal -0.896961 0.44211 0
    outer loop
      vertex 75.7284 -25.852 2
      vertex 75.9019 -25.5 8
      vertex 75.9019 -25.5 2
    endloop
  endfacet
  facet normal -0.896961 0.44211 0
    outer loop
      vertex 75.9019 -25.5 8
      vertex 75.7284 -25.852 2
      vertex 75.7284 -25.852 8
    endloop
  endfacet
  facet normal -0.896961 -0.44211 0
    outer loop
      vertex 75.9019 -28.5 2
      vertex 75.7284 -28.148 8
      vertex 75.7284 -28.148 2
    endloop
  endfacet
  facet normal -0.896961 -0.44211 0
    outer loop
      vertex 75.7284 -28.148 8
      vertex 75.9019 -28.5 2
      vertex 75.9019 -28.5 8
    endloop
  endfacet
  facet normal 0.946858 0.321651 0
    outer loop
      vertex 81.3978 -26.2235 8
      vertex 81.2716 -25.852 2
      vertex 81.2716 -25.852 8
    endloop
  endfacet
  facet normal 0.946858 0.321651 0
    outer loop
      vertex 81.2716 -25.852 2
      vertex 81.3978 -26.2235 8
      vertex 81.3978 -26.2235 2
    endloop
  endfacet
  facet normal 0.831501 0.555523 0
    outer loop
      vertex 81.0981 -25.5 8
      vertex 80.8801 -25.1737 2
      vertex 80.8801 -25.1737 8
    endloop
  endfacet
  facet normal 0.831501 0.555523 0
    outer loop
      vertex 80.8801 -25.1737 2
      vertex 81.0981 -25.5 8
      vertex 81.0981 -25.5 2
    endloop
  endfacet
  facet normal 0.751724 0.659478 0
    outer loop
      vertex 80.8801 -25.1737 8
      vertex 80.6213 -24.8787 2
      vertex 80.6213 -24.8787 8
    endloop
  endfacet
  facet normal 0.751724 0.659478 0
    outer loop
      vertex 80.6213 -24.8787 2
      vertex 80.8801 -25.1737 8
      vertex 80.8801 -25.1737 2
    endloop
  endfacet
  facet normal 0.44211 0.896961 -0
    outer loop
      vertex 80 -24.4019 2
      vertex 79.648 -24.2284 8
      vertex 80 -24.4019 8
    endloop
  endfacet
  facet normal 0.44211 0.896961 0
    outer loop
      vertex 79.648 -24.2284 8
      vertex 80 -24.4019 2
      vertex 79.648 -24.2284 2
    endloop
  endfacet
  facet normal 0.321651 0.946858 -0
    outer loop
      vertex 79.648 -24.2284 2
      vertex 79.2765 -24.1022 8
      vertex 79.648 -24.2284 8
    endloop
  endfacet
  facet normal 0.321651 0.946858 0
    outer loop
      vertex 79.2765 -24.1022 8
      vertex 79.648 -24.2284 2
      vertex 79.2765 -24.1022 2
    endloop
  endfacet
  facet normal -0.751724 0.659478 0
    outer loop
      vertex 76.1199 -25.1737 2
      vertex 76.3787 -24.8787 8
      vertex 76.3787 -24.8787 2
    endloop
  endfacet
  facet normal -0.751724 0.659478 0
    outer loop
      vertex 76.3787 -24.8787 8
      vertex 76.1199 -25.1737 2
      vertex 76.1199 -25.1737 8
    endloop
  endfacet
  facet normal -0.44211 0.896961 0
    outer loop
      vertex 77.352 -24.2284 2
      vertex 77 -24.4019 8
      vertex 77.352 -24.2284 8
    endloop
  endfacet
  facet normal -0.44211 0.896961 0
    outer loop
      vertex 77 -24.4019 8
      vertex 77.352 -24.2284 2
      vertex 77 -24.4019 2
    endloop
  endfacet
  facet normal -0.555523 0.831501 0
    outer loop
      vertex 77 -24.4019 2
      vertex 76.6737 -24.6199 8
      vertex 77 -24.4019 8
    endloop
  endfacet
  facet normal -0.555523 0.831501 0
    outer loop
      vertex 76.6737 -24.6199 8
      vertex 77 -24.4019 2
      vertex 76.6737 -24.6199 2
    endloop
  endfacet
  facet normal 0.321651 -0.946858 0
    outer loop
      vertex 79.2765 -29.8978 2
      vertex 79.648 -29.7716 8
      vertex 79.2765 -29.8978 8
    endloop
  endfacet
  facet normal 0.321651 -0.946858 0
    outer loop
      vertex 79.648 -29.7716 8
      vertex 79.2765 -29.8978 2
      vertex 79.648 -29.7716 2
    endloop
  endfacet
  facet normal 0.751724 -0.659478 0
    outer loop
      vertex 80.6213 -29.1213 8
      vertex 80.8801 -28.8263 2
      vertex 80.8801 -28.8263 8
    endloop
  endfacet
  facet normal 0.751724 -0.659478 0
    outer loop
      vertex 80.8801 -28.8263 2
      vertex 80.6213 -29.1213 8
      vertex 80.6213 -29.1213 2
    endloop
  endfacet
  facet normal 0.659478 -0.751724 0
    outer loop
      vertex 80.3263 -29.3801 2
      vertex 80.6213 -29.1213 8
      vertex 80.3263 -29.3801 8
    endloop
  endfacet
  facet normal 0.659478 -0.751724 0
    outer loop
      vertex 80.6213 -29.1213 8
      vertex 80.3263 -29.3801 2
      vertex 80.6213 -29.1213 2
    endloop
  endfacet
  facet normal 0.44211 -0.896961 0
    outer loop
      vertex 79.648 -29.7716 2
      vertex 80 -29.5981 8
      vertex 79.648 -29.7716 8
    endloop
  endfacet
  facet normal 0.44211 -0.896961 0
    outer loop
      vertex 80 -29.5981 8
      vertex 79.648 -29.7716 2
      vertex 80 -29.5981 2
    endloop
  endfacet
  facet normal -0.555523 -0.831501 0
    outer loop
      vertex 76.6737 -29.3801 2
      vertex 77 -29.5981 8
      vertex 76.6737 -29.3801 8
    endloop
  endfacet
  facet normal -0.555523 -0.831501 -0
    outer loop
      vertex 77 -29.5981 8
      vertex 76.6737 -29.3801 2
      vertex 77 -29.5981 2
    endloop
  endfacet
  facet normal -0.44211 -0.896961 0
    outer loop
      vertex 77 -29.5981 2
      vertex 77.352 -29.7716 8
      vertex 77 -29.5981 8
    endloop
  endfacet
  facet normal -0.44211 -0.896961 -0
    outer loop
      vertex 77.352 -29.7716 8
      vertex 77 -29.5981 2
      vertex 77.352 -29.7716 2
    endloop
  endfacet
  facet normal -0.980815 -0.19494 0
    outer loop
      vertex 75.6022 -27.7765 2
      vertex 75.5257 -27.3916 8
      vertex 75.5257 -27.3916 2
    endloop
  endfacet
  facet normal -0.980815 -0.19494 0
    outer loop
      vertex 75.5257 -27.3916 8
      vertex 75.6022 -27.7765 2
      vertex 75.6022 -27.7765 8
    endloop
  endfacet
  facet normal 0.980815 0.19494 0
    outer loop
      vertex 81.4743 -26.6084 8
      vertex 81.3978 -26.2235 2
      vertex 81.3978 -26.2235 8
    endloop
  endfacet
  facet normal 0.980815 0.19494 0
    outer loop
      vertex 81.3978 -26.2235 2
      vertex 81.4743 -26.6084 8
      vertex 81.4743 -26.6084 2
    endloop
  endfacet
  facet normal 0.896961 0.44211 0
    outer loop
      vertex 81.2716 -25.852 8
      vertex 81.0981 -25.5 2
      vertex 81.0981 -25.5 8
    endloop
  endfacet
  facet normal 0.896961 0.44211 0
    outer loop
      vertex 81.0981 -25.5 2
      vertex 81.2716 -25.852 8
      vertex 81.2716 -25.852 2
    endloop
  endfacet
  facet normal 0.0654873 0.997853 -0
    outer loop
      vertex 78.8916 -24.0257 2
      vertex 78.5 -24 8
      vertex 78.8916 -24.0257 8
    endloop
  endfacet
  facet normal 0.0654873 0.997853 0
    outer loop
      vertex 78.5 -24 8
      vertex 78.8916 -24.0257 2
      vertex 78.5 -24 2
    endloop
  endfacet
  facet normal 0.19494 0.980815 -0
    outer loop
      vertex 79.2765 -24.1022 2
      vertex 78.8916 -24.0257 8
      vertex 79.2765 -24.1022 8
    endloop
  endfacet
  facet normal 0.19494 0.980815 0
    outer loop
      vertex 78.8916 -24.0257 8
      vertex 79.2765 -24.1022 2
      vertex 78.8916 -24.0257 2
    endloop
  endfacet
  facet normal -0.997853 0.0654873 0
    outer loop
      vertex 75.5 -27 2
      vertex 75.5257 -26.6084 8
      vertex 75.5257 -26.6084 2
    endloop
  endfacet
  facet normal -0.997853 0.0654873 0
    outer loop
      vertex 75.5257 -26.6084 8
      vertex 75.5 -27 2
      vertex 75.5 -27 8
    endloop
  endfacet
  facet normal -0.980815 0.19494 0
    outer loop
      vertex 75.5257 -26.6084 2
      vertex 75.6022 -26.2235 8
      vertex 75.6022 -26.2235 2
    endloop
  endfacet
  facet normal -0.980815 0.19494 0
    outer loop
      vertex 75.6022 -26.2235 8
      vertex 75.5257 -26.6084 2
      vertex 75.5257 -26.6084 8
    endloop
  endfacet
  facet normal -0.831501 0.555523 0
    outer loop
      vertex 75.9019 -25.5 2
      vertex 76.1199 -25.1737 8
      vertex 76.1199 -25.1737 2
    endloop
  endfacet
  facet normal -0.831501 0.555523 0
    outer loop
      vertex 76.1199 -25.1737 8
      vertex 75.9019 -25.5 2
      vertex 75.9019 -25.5 8
    endloop
  endfacet
  facet normal -0.0654873 0.997853 0
    outer loop
      vertex 78.5 -24 2
      vertex 78.1084 -24.0257 8
      vertex 78.5 -24 8
    endloop
  endfacet
  facet normal -0.0654873 0.997853 0
    outer loop
      vertex 78.1084 -24.0257 8
      vertex 78.5 -24 2
      vertex 78.1084 -24.0257 2
    endloop
  endfacet
  facet normal -0.19494 0.980815 0
    outer loop
      vertex 78.1084 -24.0257 2
      vertex 77.7235 -24.1022 8
      vertex 78.1084 -24.0257 8
    endloop
  endfacet
  facet normal -0.19494 0.980815 0
    outer loop
      vertex 77.7235 -24.1022 8
      vertex 78.1084 -24.0257 2
      vertex 77.7235 -24.1022 2
    endloop
  endfacet
  facet normal -0.659478 0.751724 0
    outer loop
      vertex 76.6737 -24.6199 2
      vertex 76.3787 -24.8787 8
      vertex 76.6737 -24.6199 8
    endloop
  endfacet
  facet normal -0.659478 0.751724 0
    outer loop
      vertex 76.3787 -24.8787 8
      vertex 76.6737 -24.6199 2
      vertex 76.3787 -24.8787 2
    endloop
  endfacet
  facet normal 0.997853 0.0654873 0
    outer loop
      vertex 81.5 -27 8
      vertex 81.4743 -26.6084 2
      vertex 81.4743 -26.6084 8
    endloop
  endfacet
  facet normal 0.997853 0.0654873 0
    outer loop
      vertex 81.4743 -26.6084 2
      vertex 81.5 -27 8
      vertex 81.5 -27 2
    endloop
  endfacet
  facet normal 0.0654873 -0.997853 0
    outer loop
      vertex 78.5 -30 2
      vertex 78.8916 -29.9743 8
      vertex 78.5 -30 8
    endloop
  endfacet
  facet normal 0.0654873 -0.997853 0
    outer loop
      vertex 78.8916 -29.9743 8
      vertex 78.5 -30 2
      vertex 78.8916 -29.9743 2
    endloop
  endfacet
  facet normal 0.946858 -0.321651 0
    outer loop
      vertex 81.2716 -28.148 8
      vertex 81.3978 -27.7765 2
      vertex 81.3978 -27.7765 8
    endloop
  endfacet
  facet normal 0.946858 -0.321651 0
    outer loop
      vertex 81.3978 -27.7765 2
      vertex 81.2716 -28.148 8
      vertex 81.2716 -28.148 2
    endloop
  endfacet
  facet normal 0.19494 -0.980815 0
    outer loop
      vertex 78.8916 -29.9743 2
      vertex 79.2765 -29.8978 8
      vertex 78.8916 -29.9743 8
    endloop
  endfacet
  facet normal 0.19494 -0.980815 0
    outer loop
      vertex 79.2765 -29.8978 8
      vertex 78.8916 -29.9743 2
      vertex 79.2765 -29.8978 2
    endloop
  endfacet
  facet normal 0.555523 -0.831501 0
    outer loop
      vertex 80 -29.5981 2
      vertex 80.3263 -29.3801 8
      vertex 80 -29.5981 8
    endloop
  endfacet
  facet normal 0.555523 -0.831501 0
    outer loop
      vertex 80.3263 -29.3801 8
      vertex 80 -29.5981 2
      vertex 80.3263 -29.3801 2
    endloop
  endfacet
  facet normal 0.896961 -0.44211 0
    outer loop
      vertex 81.0981 -28.5 8
      vertex 81.2716 -28.148 2
      vertex 81.2716 -28.148 8
    endloop
  endfacet
  facet normal 0.896961 -0.44211 0
    outer loop
      vertex 81.2716 -28.148 2
      vertex 81.0981 -28.5 8
      vertex 81.0981 -28.5 2
    endloop
  endfacet
  facet normal -0.19494 -0.980815 0
    outer loop
      vertex 77.7235 -29.8978 2
      vertex 78.1084 -29.9743 8
      vertex 77.7235 -29.8978 8
    endloop
  endfacet
  facet normal -0.19494 -0.980815 -0
    outer loop
      vertex 78.1084 -29.9743 8
      vertex 77.7235 -29.8978 2
      vertex 78.1084 -29.9743 2
    endloop
  endfacet
  facet normal -0.0654873 -0.997853 0
    outer loop
      vertex 78.1084 -29.9743 2
      vertex 78.5 -30 8
      vertex 78.1084 -29.9743 8
    endloop
  endfacet
  facet normal -0.0654873 -0.997853 -0
    outer loop
      vertex 78.5 -30 8
      vertex 78.1084 -29.9743 2
      vertex 78.5 -30 2
    endloop
  endfacet
  facet normal -0.659478 -0.751724 0
    outer loop
      vertex 76.3787 -29.1213 2
      vertex 76.6737 -29.3801 8
      vertex 76.3787 -29.1213 8
    endloop
  endfacet
  facet normal -0.659478 -0.751724 -0
    outer loop
      vertex 76.6737 -29.3801 8
      vertex 76.3787 -29.1213 2
      vertex 76.6737 -29.3801 2
    endloop
  endfacet
  facet normal -0.946858 -0.321651 0
    outer loop
      vertex 75.7284 -28.148 2
      vertex 75.6022 -27.7765 8
      vertex 75.6022 -27.7765 2
    endloop
  endfacet
  facet normal -0.946858 -0.321651 0
    outer loop
      vertex 75.6022 -27.7765 8
      vertex 75.7284 -28.148 2
      vertex 75.7284 -28.148 8
    endloop
  endfacet
  facet normal -0.997853 -0.0654873 0
    outer loop
      vertex 75.5257 -27.3916 2
      vertex 75.5 -27 8
      vertex 75.5 -27 2
    endloop
  endfacet
  facet normal -0.997853 -0.0654873 0
    outer loop
      vertex 75.5 -27 8
      vertex 75.5257 -27.3916 2
      vertex 75.5257 -27.3916 8
    endloop
  endfacet
  facet normal -0.831501 -0.555523 0
    outer loop
      vertex 76.1199 -28.8263 2
      vertex 75.9019 -28.5 8
      vertex 75.9019 -28.5 2
    endloop
  endfacet
  facet normal -0.831501 -0.555523 0
    outer loop
      vertex 75.9019 -28.5 8
      vertex 76.1199 -28.8263 2
      vertex 76.1199 -28.8263 8
    endloop
  endfacet
  facet normal -0.751724 -0.659478 0
    outer loop
      vertex 76.3787 -29.1213 2
      vertex 76.1199 -28.8263 8
      vertex 76.1199 -28.8263 2
    endloop
  endfacet
  facet normal -0.751724 -0.659478 0
    outer loop
      vertex 76.1199 -28.8263 8
      vertex 76.3787 -29.1213 2
      vertex 76.3787 -29.1213 8
    endloop
  endfacet
  facet normal 0 0 1
    outer loop
      vertex 79.8 -27 8
      vertex 81.5 -27 8
      vertex 81.4743 -26.6084 8
    endloop
  endfacet
  facet normal 0 0 1
    outer loop
      vertex 79.7889 -26.8303 8
      vertex 81.4743 -26.6084 8
      vertex 81.3978 -26.2235 8
    endloop
  endfacet
  facet normal 0 0 1
    outer loop
      vertex 81.5 -27 8
      vertex 79.8 -27 8
      vertex 81.4743 -27.3916 8
    endloop
  endfacet
  facet normal 0 0 1
    outer loop
      vertex 79.7557 -26.6635 8
      vertex 81.3978 -26.2235 8
      vertex 81.2716 -25.852 8
    endloop
  endfacet
  facet normal -0 0 1
    outer loop
      vertex 79.7889 -27.1697 8
      vertex 81.4743 -27.3916 8
      vertex 79.8 -27 8
    endloop
  endfacet
  facet normal 0 0 1
    outer loop
      vertex 79.701 -26.5025 8
      vertex 81.2716 -25.852 8
      vertex 81.0981 -25.5 8
    endloop
  endfacet
  facet normal 0 0 1
    outer loop
      vertex 81.4743 -27.3916 8
      vertex 79.7889 -27.1697 8
      vertex 81.3978 -27.7765 8
    endloop
  endfacet
  facet normal 0 0 1
    outer loop
      vertex 79.6258 -26.35 8
      vertex 81.0981 -25.5 8
      vertex 80.8801 -25.1737 8
    endloop
  endfacet
  facet normal -0 0 1
    outer loop
      vertex 79.7557 -27.3365 8
      vertex 81.3978 -27.7765 8
      vertex 79.7889 -27.1697 8
    endloop
  endfacet
  facet normal 0 0 1
    outer loop
      vertex 79.5314 -26.2086 8
      vertex 80.8801 -25.1737 8
      vertex 80.6213 -24.8787 8
    endloop
  endfacet
  facet normal 0 0 1
    outer loop
      vertex 81.3978 -27.7765 8
      vertex 79.7557 -27.3365 8
      vertex 81.2716 -28.148 8
    endloop
  endfacet
  facet normal 0 0 1
    outer loop
      vertex 79.4192 -26.0808 8
      vertex 80.6213 -24.8787 8
      vertex 80.3263 -24.6199 8
    endloop
  endfacet
  facet normal -0 0 1
    outer loop
      vertex 79.701 -27.4975 8
      vertex 81.2716 -28.148 8
      vertex 79.7557 -27.3365 8
    endloop
  endfacet
  facet normal 0 0 1
    outer loop
      vertex 79.2914 -25.9686 8
      vertex 80.3263 -24.6199 8
      vertex 80 -24.4019 8
    endloop
  endfacet
  facet normal 0 0 1
    outer loop
      vertex 81.2716 -28.148 8
      vertex 79.701 -27.4975 8
      vertex 81.0981 -28.5 8
    endloop
  endfacet
  facet normal -0 0 1
    outer loop
      vertex 79.6258 -27.65 8
      vertex 81.0981 -28.5 8
      vertex 79.701 -27.4975 8
    endloop
  endfacet
  facet normal 0 0 1
    outer loop
      vertex 81.4743 -26.6084 8
      vertex 79.7889 -26.8303 8
      vertex 79.8 -27 8
    endloop
  endfacet
  facet normal 0 0 1
    outer loop
      vertex 81.3978 -26.2235 8
      vertex 79.7557 -26.6635 8
      vertex 79.7889 -26.8303 8
    endloop
  endfacet
  facet normal 0 0 1
    outer loop
      vertex 81.2716 -25.852 8
      vertex 79.701 -26.5025 8
      vertex 79.7557 -26.6635 8
    endloop
  endfacet
  facet normal 0 0 1
    outer loop
      vertex 79.15 -25.8742 8
      vertex 80 -24.4019 8
      vertex 79.648 -24.2284 8
    endloop
  endfacet
  facet normal 0 0 1
    outer loop
      vertex 81.0981 -25.5 8
      vertex 79.6258 -26.35 8
      vertex 79.701 -26.5025 8
    endloop
  endfacet
  facet normal 0 0 1
    outer loop
      vertex 80.8801 -25.1737 8
      vertex 79.5314 -26.2086 8
      vertex 79.6258 -26.35 8
    endloop
  endfacet
  facet normal 0 0 1
    outer loop
      vertex 80.6213 -24.8787 8
      vertex 79.4192 -26.0808 8
      vertex 79.5314 -26.2086 8
    endloop
  endfacet
  facet normal 0 0 1
    outer loop
      vertex 80.3263 -24.6199 8
      vertex 79.2914 -25.9686 8
      vertex 79.4192 -26.0808 8
    endloop
  endfacet
  facet normal 0 0 1
    outer loop
      vertex 78.9975 -25.799 8
      vertex 79.648 -24.2284 8
      vertex 79.2765 -24.1022 8
    endloop
  endfacet
  facet normal 0 0 1
    outer loop
      vertex 80 -24.4019 8
      vertex 79.15 -25.8742 8
      vertex 79.2914 -25.9686 8
    endloop
  endfacet
  facet normal 0 0 1
    outer loop
      vertex 79.648 -24.2284 8
      vertex 78.9975 -25.799 8
      vertex 79.15 -25.8742 8
    endloop
  endfacet
  facet normal 0 0 1
    outer loop
      vertex 78.8365 -25.7443 8
      vertex 79.2765 -24.1022 8
      vertex 78.8916 -24.0257 8
    endloop
  endfacet
  facet normal 0 0 1
    outer loop
      vertex 79.2765 -24.1022 8
      vertex 78.8365 -25.7443 8
      vertex 78.9975 -25.799 8
    endloop
  endfacet
  facet normal 0 0 1
    outer loop
      vertex 78.8916 -24.0257 8
      vertex 78.6697 -25.7111 8
      vertex 78.8365 -25.7443 8
    endloop
  endfacet
  facet normal 0 0 1
    outer loop
      vertex 78.5 -24 8
      vertex 78.6697 -25.7111 8
      vertex 78.8916 -24.0257 8
    endloop
  endfacet
  facet normal 0 0 1
    outer loop
      vertex 78.5 -24 8
      vertex 78.5 -25.7 8
      vertex 78.6697 -25.7111 8
    endloop
  endfacet
  facet normal 0 0 1
    outer loop
      vertex 78.5 -24 8
      vertex 78.3303 -25.7111 8
      vertex 78.5 -25.7 8
    endloop
  endfacet
  facet normal -0 0 1
    outer loop
      vertex 78.1084 -24.0257 8
      vertex 78.3303 -25.7111 8
      vertex 78.5 -24 8
    endloop
  endfacet
  facet normal 0 0 1
    outer loop
      vertex 78.3303 -25.7111 8
      vertex 78.1084 -24.0257 8
      vertex 78.1635 -25.7443 8
    endloop
  endfacet
  facet normal -0 0 1
    outer loop
      vertex 77.7235 -24.1022 8
      vertex 78.1635 -25.7443 8
      vertex 78.1084 -24.0257 8
    endloop
  endfacet
  facet normal 0 0 1
    outer loop
      vertex 78.1635 -25.7443 8
      vertex 77.7235 -24.1022 8
      vertex 78.0025 -25.799 8
    endloop
  endfacet
  facet normal -0 0 1
    outer loop
      vertex 77.352 -24.2284 8
      vertex 78.0025 -25.799 8
      vertex 77.7235 -24.1022 8
    endloop
  endfacet
  facet normal 0 0 1
    outer loop
      vertex 78.0025 -25.799 8
      vertex 77.352 -24.2284 8
      vertex 77.85 -25.8742 8
    endloop
  endfacet
  facet normal -0 0 1
    outer loop
      vertex 77 -24.4019 8
      vertex 77.85 -25.8742 8
      vertex 77.352 -24.2284 8
    endloop
  endfacet
  facet normal 0 0 1
    outer loop
      vertex 77.85 -25.8742 8
      vertex 77 -24.4019 8
      vertex 77.7086 -25.9686 8
    endloop
  endfacet
  facet normal -0 0 1
    outer loop
      vertex 76.6737 -24.6199 8
      vertex 77.7086 -25.9686 8
      vertex 77 -24.4019 8
    endloop
  endfacet
  facet normal 0 0 1
    outer loop
      vertex 77.7086 -25.9686 8
      vertex 76.6737 -24.6199 8
      vertex 77.5808 -26.0808 8
    endloop
  endfacet
  facet normal -0 0 1
    outer loop
      vertex 76.3787 -24.8787 8
      vertex 77.5808 -26.0808 8
      vertex 76.6737 -24.6199 8
    endloop
  endfacet
  facet normal 0 0 1
    outer loop
      vertex 77.5808 -26.0808 8
      vertex 76.3787 -24.8787 8
      vertex 77.4686 -26.2086 8
    endloop
  endfacet
  facet normal -0 0 1
    outer loop
      vertex 76.1199 -25.1737 8
      vertex 77.4686 -26.2086 8
      vertex 76.3787 -24.8787 8
    endloop
  endfacet
  facet normal 0 0 1
    outer loop
      vertex 77.4686 -26.2086 8
      vertex 76.1199 -25.1737 8
      vertex 77.3742 -26.35 8
    endloop
  endfacet
  facet normal -0 0 1
    outer loop
      vertex 75.9019 -25.5 8
      vertex 77.3742 -26.35 8
      vertex 76.1199 -25.1737 8
    endloop
  endfacet
  facet normal 0 0 1
    outer loop
      vertex 81.0981 -28.5 8
      vertex 79.6258 -27.65 8
      vertex 80.8801 -28.8263 8
    endloop
  endfacet
  facet normal -0 0 1
    outer loop
      vertex 79.5314 -27.7914 8
      vertex 80.8801 -28.8263 8
      vertex 79.6258 -27.65 8
    endloop
  endfacet
  facet normal 0 0 1
    outer loop
      vertex 80.8801 -28.8263 8
      vertex 79.5314 -27.7914 8
      vertex 80.6213 -29.1213 8
    endloop
  endfacet
  facet normal -0 0 1
    outer loop
      vertex 79.4192 -27.9192 8
      vertex 80.6213 -29.1213 8
      vertex 79.5314 -27.7914 8
    endloop
  endfacet
  facet normal 0 0 1
    outer loop
      vertex 80.6213 -29.1213 8
      vertex 79.4192 -27.9192 8
      vertex 80.3263 -29.3801 8
    endloop
  endfacet
  facet normal -0 0 1
    outer loop
      vertex 79.2914 -28.0314 8
      vertex 80.3263 -29.3801 8
      vertex 79.4192 -27.9192 8
    endloop
  endfacet
  facet normal 0 0 1
    outer loop
      vertex 80.3263 -29.3801 8
      vertex 79.2914 -28.0314 8
      vertex 80 -29.5981 8
    endloop
  endfacet
  facet normal -0 0 1
    outer loop
      vertex 79.15 -28.1258 8
      vertex 80 -29.5981 8
      vertex 79.2914 -28.0314 8
    endloop
  endfacet
  facet normal 0 0 1
    outer loop
      vertex 80 -29.5981 8
      vertex 79.15 -28.1258 8
      vertex 79.648 -29.7716 8
    endloop
  endfacet
  facet normal -0 0 1
    outer loop
      vertex 78.9975 -28.201 8
      vertex 79.648 -29.7716 8
      vertex 79.15 -28.1258 8
    endloop
  endfacet
  facet normal 0 0 1
    outer loop
      vertex 79.648 -29.7716 8
      vertex 78.9975 -28.201 8
      vertex 79.2765 -29.8978 8
    endloop
  endfacet
  facet normal -0 0 1
    outer loop
      vertex 78.8365 -28.2557 8
      vertex 79.2765 -29.8978 8
      vertex 78.9975 -28.201 8
    endloop
  endfacet
  facet normal 0 0 1
    outer loop
      vertex 79.2765 -29.8978 8
      vertex 78.8365 -28.2557 8
      vertex 78.8916 -29.9743 8
    endloop
  endfacet
  facet normal -0 0 1
    outer loop
      vertex 78.6697 -28.2889 8
      vertex 78.8916 -29.9743 8
      vertex 78.8365 -28.2557 8
    endloop
  endfacet
  facet normal -0 0 1
    outer loop
      vertex 78.5 -28.3 8
      vertex 78.8916 -29.9743 8
      vertex 78.6697 -28.2889 8
    endloop
  endfacet
  facet normal 0 0 1
    outer loop
      vertex 78.5 -28.3 8
      vertex 78.5 -30 8
      vertex 78.8916 -29.9743 8
    endloop
  endfacet
  facet normal 0 0 1
    outer loop
      vertex 78.3303 -28.2889 8
      vertex 78.5 -30 8
      vertex 78.5 -28.3 8
    endloop
  endfacet
  facet normal 0 0 1
    outer loop
      vertex 78.1084 -29.9743 8
      vertex 78.3303 -28.2889 8
      vertex 78.1635 -28.2557 8
    endloop
  endfacet
  facet normal 0 0 1
    outer loop
      vertex 78.3303 -28.2889 8
      vertex 78.1084 -29.9743 8
      vertex 78.5 -30 8
    endloop
  endfacet
  facet normal 0 0 1
    outer loop
      vertex 77.7235 -29.8978 8
      vertex 78.1635 -28.2557 8
      vertex 78.0025 -28.201 8
    endloop
  endfacet
  facet normal 0 0 1
    outer loop
      vertex 77.352 -29.7716 8
      vertex 78.0025 -28.201 8
      vertex 77.85 -28.1258 8
    endloop
  endfacet
  facet normal 0 0 1
    outer loop
      vertex 78.1635 -28.2557 8
      vertex 77.7235 -29.8978 8
      vertex 78.1084 -29.9743 8
    endloop
  endfacet
  facet normal 0 0 1
    outer loop
      vertex 77 -29.5981 8
      vertex 77.85 -28.1258 8
      vertex 77.7086 -28.0314 8
    endloop
  endfacet
  facet normal 0 0 1
    outer loop
      vertex 76.6737 -29.3801 8
      vertex 77.7086 -28.0314 8
      vertex 77.5808 -27.9192 8
    endloop
  endfacet
  facet normal 0 0 1
    outer loop
      vertex 76.3787 -29.1213 8
      vertex 77.5808 -27.9192 8
      vertex 77.4686 -27.7914 8
    endloop
  endfacet
  facet normal 0 0 1
    outer loop
      vertex 76.1199 -28.8263 8
      vertex 77.4686 -27.7914 8
      vertex 77.3742 -27.65 8
    endloop
  endfacet
  facet normal 0 0 1
    outer loop
      vertex 78.0025 -28.201 8
      vertex 77.352 -29.7716 8
      vertex 77.7235 -29.8978 8
    endloop
  endfacet
  facet normal 0 0 1
    outer loop
      vertex 75.9019 -28.5 8
      vertex 77.3742 -27.65 8
      vertex 77.299 -27.4975 8
    endloop
  endfacet
  facet normal 0 0 1
    outer loop
      vertex 75.7284 -28.148 8
      vertex 77.299 -27.4975 8
      vertex 77.2443 -27.3365 8
    endloop
  endfacet
  facet normal 0 0 1
    outer loop
      vertex 75.6022 -27.7765 8
      vertex 77.2443 -27.3365 8
      vertex 77.2111 -27.1697 8
    endloop
  endfacet
  facet normal 0 0 1
    outer loop
      vertex 75.5257 -27.3916 8
      vertex 77.2111 -27.1697 8
      vertex 77.2 -27 8
    endloop
  endfacet
  facet normal 0 0 1
    outer loop
      vertex 77.3742 -26.35 8
      vertex 75.9019 -25.5 8
      vertex 77.299 -26.5025 8
    endloop
  endfacet
  facet normal 0 0 1
    outer loop
      vertex 77.85 -28.1258 8
      vertex 77 -29.5981 8
      vertex 77.352 -29.7716 8
    endloop
  endfacet
  facet normal -0 0 1
    outer loop
      vertex 75.7284 -25.852 8
      vertex 77.299 -26.5025 8
      vertex 75.9019 -25.5 8
    endloop
  endfacet
  facet normal 0 0 1
    outer loop
      vertex 77.7086 -28.0314 8
      vertex 76.6737 -29.3801 8
      vertex 77 -29.5981 8
    endloop
  endfacet
  facet normal 0 0 1
    outer loop
      vertex 77.299 -26.5025 8
      vertex 75.7284 -25.852 8
      vertex 77.2443 -26.6635 8
    endloop
  endfacet
  facet normal 0 0 1
    outer loop
      vertex 77.5808 -27.9192 8
      vertex 76.3787 -29.1213 8
      vertex 76.6737 -29.3801 8
    endloop
  endfacet
  facet normal -0 0 1
    outer loop
      vertex 75.6022 -26.2235 8
      vertex 77.2443 -26.6635 8
      vertex 75.7284 -25.852 8
    endloop
  endfacet
  facet normal 0 0 1
    outer loop
      vertex 77.4686 -27.7914 8
      vertex 76.1199 -28.8263 8
      vertex 76.3787 -29.1213 8
    endloop
  endfacet
  facet normal 0 0 1
    outer loop
      vertex 77.2443 -26.6635 8
      vertex 75.6022 -26.2235 8
      vertex 77.2111 -26.8303 8
    endloop
  endfacet
  facet normal 0 0 1
    outer loop
      vertex 77.3742 -27.65 8
      vertex 75.9019 -28.5 8
      vertex 76.1199 -28.8263 8
    endloop
  endfacet
  facet normal -0 0 1
    outer loop
      vertex 75.5257 -26.6084 8
      vertex 77.2111 -26.8303 8
      vertex 75.6022 -26.2235 8
    endloop
  endfacet
  facet normal 0 0 1
    outer loop
      vertex 77.299 -27.4975 8
      vertex 75.7284 -28.148 8
      vertex 75.9019 -28.5 8
    endloop
  endfacet
  facet normal 0 0 1
    outer loop
      vertex 77.2111 -26.8303 8
      vertex 75.5257 -26.6084 8
      vertex 77.2 -27 8
    endloop
  endfacet
  facet normal 0 0 1
    outer loop
      vertex 77.2443 -27.3365 8
      vertex 75.6022 -27.7765 8
      vertex 75.7284 -28.148 8
    endloop
  endfacet
  facet normal 0 0 1
    outer loop
      vertex 75.5 -27 8
      vertex 77.2 -27 8
      vertex 75.5257 -26.6084 8
    endloop
  endfacet
  facet normal 0 0 1
    outer loop
      vertex 77.2111 -27.1697 8
      vertex 75.5257 -27.3916 8
      vertex 75.6022 -27.7765 8
    endloop
  endfacet
  facet normal 0 0 1
    outer loop
      vertex 77.2 -27 8
      vertex 75.5 -27 8
      vertex 75.5257 -27.3916 8
    endloop
  endfacet
  facet normal 0.980815 -0.19494 0
    outer loop
      vertex 81.3978 -27.7765 8
      vertex 81.4743 -27.3916 2
      vertex 81.4743 -27.3916 8
    endloop
  endfacet
  facet normal 0.980815 -0.19494 0
    outer loop
      vertex 81.4743 -27.3916 2
      vertex 81.3978 -27.7765 8
      vertex 81.3978 -27.7765 2
    endloop
  endfacet
  facet normal 0.997853 -0.0654873 0
    outer loop
      vertex 81.4743 -27.3916 8
      vertex 81.5 -27 2
      vertex 81.5 -27 8
    endloop
  endfacet
  facet normal 0.997853 -0.0654873 0
    outer loop
      vertex 81.5 -27 2
      vertex 81.4743 -27.3916 8
      vertex 81.4743 -27.3916 2
    endloop
  endfacet
  facet normal 0.831501 -0.555523 0
    outer loop
      vertex 80.8801 -28.8263 8
      vertex 81.0981 -28.5 2
      vertex 81.0981 -28.5 8
    endloop
  endfacet
  facet normal 0.831501 -0.555523 0
    outer loop
      vertex 81.0981 -28.5 2
      vertex 80.8801 -28.8263 8
      vertex 80.8801 -28.8263 2
    endloop
  endfacet
  facet normal -0.997868 -0.0652701 0
    outer loop
      vertex 79.8 -27 2
      vertex 79.7889 -26.8303 8
      vertex 79.7889 -26.8303 2
    endloop
  endfacet
  facet normal -0.997868 -0.0652701 0
    outer loop
      vertex 79.7889 -26.8303 8
      vertex 79.8 -27 2
      vertex 79.8 -27 8
    endloop
  endfacet
  facet normal 0.997868 -0.0652701 0
    outer loop
      vertex 77.2 -27 8
      vertex 77.2111 -26.8303 2
      vertex 77.2111 -26.8303 8
    endloop
  endfacet
  facet normal 0.997868 -0.0652701 0
    outer loop
      vertex 77.2111 -26.8303 2
      vertex 77.2 -27 8
      vertex 77.2 -27 2
    endloop
  endfacet
  facet normal -0.0652701 -0.997868 0
    outer loop
      vertex 78.5 -25.7 2
      vertex 78.6697 -25.7111 8
      vertex 78.5 -25.7 8
    endloop
  endfacet
  facet normal -0.0652701 -0.997868 -0
    outer loop
      vertex 78.6697 -25.7111 8
      vertex 78.5 -25.7 2
      vertex 78.6697 -25.7111 2
    endloop
  endfacet
  facet normal 0.751483 0.659753 0
    outer loop
      vertex 77.5808 -27.9192 8
      vertex 77.4686 -27.7914 2
      vertex 77.4686 -27.7914 8
    endloop
  endfacet
  facet normal 0.751483 0.659753 0
    outer loop
      vertex 77.4686 -27.7914 2
      vertex 77.5808 -27.9192 8
      vertex 77.5808 -27.9192 2
    endloop
  endfacet
  facet normal -0.659753 -0.751483 0
    outer loop
      vertex 79.2914 -25.9686 2
      vertex 79.4192 -26.0808 8
      vertex 79.2914 -25.9686 8
    endloop
  endfacet
  facet normal -0.659753 -0.751483 -0
    outer loop
      vertex 79.4192 -26.0808 8
      vertex 79.2914 -25.9686 2
      vertex 79.4192 -26.0808 2
    endloop
  endfacet
  facet normal 0.659753 -0.751483 0
    outer loop
      vertex 77.5808 -26.0808 2
      vertex 77.7086 -25.9686 8
      vertex 77.5808 -26.0808 8
    endloop
  endfacet
  facet normal 0.659753 -0.751483 0
    outer loop
      vertex 77.7086 -25.9686 8
      vertex 77.5808 -26.0808 2
      vertex 77.7086 -25.9686 2
    endloop
  endfacet
  facet normal 0.321692 -0.946844 0
    outer loop
      vertex 78.0025 -25.799 2
      vertex 78.1635 -25.7443 8
      vertex 78.0025 -25.799 8
    endloop
  endfacet
  facet normal 0.321692 -0.946844 0
    outer loop
      vertex 78.1635 -25.7443 8
      vertex 78.0025 -25.799 2
      vertex 78.1635 -25.7443 2
    endloop
  endfacet
  facet normal -0.896884 -0.442267 0
    outer loop
      vertex 79.701 -26.5025 2
      vertex 79.6258 -26.35 8
      vertex 79.6258 -26.35 2
    endloop
  endfacet
  facet normal -0.896884 -0.442267 0
    outer loop
      vertex 79.6258 -26.35 8
      vertex 79.701 -26.5025 2
      vertex 79.701 -26.5025 8
    endloop
  endfacet
  facet normal -0.831688 -0.555243 0
    outer loop
      vertex 79.6258 -26.35 2
      vertex 79.5314 -26.2086 8
      vertex 79.5314 -26.2086 2
    endloop
  endfacet
  facet normal -0.831688 -0.555243 0
    outer loop
      vertex 79.5314 -26.2086 8
      vertex 79.6258 -26.35 2
      vertex 79.6258 -26.35 8
    endloop
  endfacet
  facet normal -0.442267 -0.896884 0
    outer loop
      vertex 78.9975 -25.799 2
      vertex 79.15 -25.8742 8
      vertex 78.9975 -25.799 8
    endloop
  endfacet
  facet normal -0.442267 -0.896884 -0
    outer loop
      vertex 79.15 -25.8742 8
      vertex 78.9975 -25.799 2
      vertex 79.15 -25.8742 2
    endloop
  endfacet
  facet normal -0.321692 -0.946844 0
    outer loop
      vertex 78.8365 -25.7443 2
      vertex 78.9975 -25.799 8
      vertex 78.8365 -25.7443 8
    endloop
  endfacet
  facet normal -0.321692 -0.946844 -0
    outer loop
      vertex 78.9975 -25.799 8
      vertex 78.8365 -25.7443 2
      vertex 78.9975 -25.799 2
    endloop
  endfacet
  facet normal -0.555243 -0.831688 0
    outer loop
      vertex 79.15 -25.8742 2
      vertex 79.2914 -25.9686 8
      vertex 79.15 -25.8742 8
    endloop
  endfacet
  facet normal -0.555243 -0.831688 -0
    outer loop
      vertex 79.2914 -25.9686 8
      vertex 79.15 -25.8742 2
      vertex 79.2914 -25.9686 2
    endloop
  endfacet
  facet normal 0.896884 -0.442267 0
    outer loop
      vertex 77.299 -26.5025 8
      vertex 77.3742 -26.35 2
      vertex 77.3742 -26.35 8
    endloop
  endfacet
  facet normal 0.896884 -0.442267 0
    outer loop
      vertex 77.3742 -26.35 2
      vertex 77.299 -26.5025 8
      vertex 77.299 -26.5025 2
    endloop
  endfacet
  facet normal 0.751483 -0.659753 0
    outer loop
      vertex 77.4686 -26.2086 8
      vertex 77.5808 -26.0808 2
      vertex 77.5808 -26.0808 8
    endloop
  endfacet
  facet normal 0.751483 -0.659753 0
    outer loop
      vertex 77.5808 -26.0808 2
      vertex 77.4686 -26.2086 8
      vertex 77.4686 -26.2086 2
    endloop
  endfacet
  facet normal 0.946844 -0.321692 0
    outer loop
      vertex 77.2443 -26.6635 8
      vertex 77.299 -26.5025 2
      vertex 77.299 -26.5025 8
    endloop
  endfacet
  facet normal 0.946844 -0.321692 0
    outer loop
      vertex 77.299 -26.5025 2
      vertex 77.2443 -26.6635 8
      vertex 77.2443 -26.6635 2
    endloop
  endfacet
  facet normal 0.195211 -0.980761 0
    outer loop
      vertex 78.1635 -25.7443 2
      vertex 78.3303 -25.7111 8
      vertex 78.1635 -25.7443 8
    endloop
  endfacet
  facet normal 0.195211 -0.980761 0
    outer loop
      vertex 78.3303 -25.7111 8
      vertex 78.1635 -25.7443 2
      vertex 78.3303 -25.7111 2
    endloop
  endfacet
  facet normal 0.659753 0.751483 -0
    outer loop
      vertex 77.7086 -28.0314 2
      vertex 77.5808 -27.9192 8
      vertex 77.7086 -28.0314 8
    endloop
  endfacet
  facet normal 0.659753 0.751483 0
    outer loop
      vertex 77.5808 -27.9192 8
      vertex 77.7086 -28.0314 2
      vertex 77.5808 -27.9192 2
    endloop
  endfacet
  facet normal 0.321692 0.946844 -0
    outer loop
      vertex 78.1635 -28.2557 2
      vertex 78.0025 -28.201 8
      vertex 78.1635 -28.2557 8
    endloop
  endfacet
  facet normal 0.321692 0.946844 0
    outer loop
      vertex 78.0025 -28.201 8
      vertex 78.1635 -28.2557 2
      vertex 78.0025 -28.201 2
    endloop
  endfacet
  facet normal -0.946844 -0.321692 0
    outer loop
      vertex 79.7557 -26.6635 2
      vertex 79.701 -26.5025 8
      vertex 79.701 -26.5025 2
    endloop
  endfacet
  facet normal -0.946844 -0.321692 0
    outer loop
      vertex 79.701 -26.5025 8
      vertex 79.7557 -26.6635 2
      vertex 79.7557 -26.6635 8
    endloop
  endfacet
  facet normal -0.980761 -0.195211 0
    outer loop
      vertex 79.7889 -26.8303 2
      vertex 79.7557 -26.6635 8
      vertex 79.7557 -26.6635 2
    endloop
  endfacet
  facet normal -0.980761 -0.195211 0
    outer loop
      vertex 79.7557 -26.6635 8
      vertex 79.7889 -26.8303 2
      vertex 79.7889 -26.8303 8
    endloop
  endfacet
  facet normal -0.751483 -0.659753 0
    outer loop
      vertex 79.5314 -26.2086 2
      vertex 79.4192 -26.0808 8
      vertex 79.4192 -26.0808 2
    endloop
  endfacet
  facet normal -0.751483 -0.659753 0
    outer loop
      vertex 79.4192 -26.0808 8
      vertex 79.5314 -26.2086 2
      vertex 79.5314 -26.2086 8
    endloop
  endfacet
  facet normal -0.195211 -0.980761 0
    outer loop
      vertex 78.6697 -25.7111 2
      vertex 78.8365 -25.7443 8
      vertex 78.6697 -25.7111 8
    endloop
  endfacet
  facet normal -0.195211 -0.980761 -0
    outer loop
      vertex 78.8365 -25.7443 8
      vertex 78.6697 -25.7111 2
      vertex 78.8365 -25.7443 2
    endloop
  endfacet
  facet normal 0.831688 -0.555243 0
    outer loop
      vertex 77.3742 -26.35 8
      vertex 77.4686 -26.2086 2
      vertex 77.4686 -26.2086 8
    endloop
  endfacet
  facet normal 0.831688 -0.555243 0
    outer loop
      vertex 77.4686 -26.2086 2
      vertex 77.3742 -26.35 8
      vertex 77.3742 -26.35 2
    endloop
  endfacet
  facet normal 0.980761 -0.195211 0
    outer loop
      vertex 77.2111 -26.8303 8
      vertex 77.2443 -26.6635 2
      vertex 77.2443 -26.6635 8
    endloop
  endfacet
  facet normal 0.980761 -0.195211 0
    outer loop
      vertex 77.2443 -26.6635 2
      vertex 77.2111 -26.8303 8
      vertex 77.2111 -26.8303 2
    endloop
  endfacet
  facet normal 0.442267 -0.896884 0
    outer loop
      vertex 77.85 -25.8742 2
      vertex 78.0025 -25.799 8
      vertex 77.85 -25.8742 8
    endloop
  endfacet
  facet normal 0.442267 -0.896884 0
    outer loop
      vertex 78.0025 -25.799 8
      vertex 77.85 -25.8742 2
      vertex 78.0025 -25.799 2
    endloop
  endfacet
  facet normal 0.555243 -0.831688 0
    outer loop
      vertex 77.7086 -25.9686 2
      vertex 77.85 -25.8742 8
      vertex 77.7086 -25.9686 8
    endloop
  endfacet
  facet normal 0.555243 -0.831688 0
    outer loop
      vertex 77.85 -25.8742 8
      vertex 77.7086 -25.9686 2
      vertex 77.85 -25.8742 2
    endloop
  endfacet
  facet normal 0.0652701 -0.997868 0
    outer loop
      vertex 78.3303 -25.7111 2
      vertex 78.5 -25.7 8
      vertex 78.3303 -25.7111 8
    endloop
  endfacet
  facet normal 0.0652701 -0.997868 0
    outer loop
      vertex 78.5 -25.7 8
      vertex 78.3303 -25.7111 2
      vertex 78.5 -25.7 2
    endloop
  endfacet
  facet normal -0.0652701 0.997868 0
    outer loop
      vertex 78.6697 -28.2889 2
      vertex 78.5 -28.3 8
      vertex 78.6697 -28.2889 8
    endloop
  endfacet
  facet normal -0.0652701 0.997868 0
    outer loop
      vertex 78.5 -28.3 8
      vertex 78.6697 -28.2889 2
      vertex 78.5 -28.3 2
    endloop
  endfacet
  facet normal -0.321692 0.946844 0
    outer loop
      vertex 78.9975 -28.201 2
      vertex 78.8365 -28.2557 8
      vertex 78.9975 -28.201 8
    endloop
  endfacet
  facet normal -0.321692 0.946844 0
    outer loop
      vertex 78.8365 -28.2557 8
      vertex 78.9975 -28.201 2
      vertex 78.8365 -28.2557 2
    endloop
  endfacet
  facet normal -0.659753 0.751483 0
    outer loop
      vertex 79.4192 -27.9192 2
      vertex 79.2914 -28.0314 8
      vertex 79.4192 -27.9192 8
    endloop
  endfacet
  facet normal -0.659753 0.751483 0
    outer loop
      vertex 79.2914 -28.0314 8
      vertex 79.4192 -27.9192 2
      vertex 79.2914 -28.0314 2
    endloop
  endfacet
  facet normal -0.442267 0.896884 0
    outer loop
      vertex 79.15 -28.1258 2
      vertex 78.9975 -28.201 8
      vertex 79.15 -28.1258 8
    endloop
  endfacet
  facet normal -0.442267 0.896884 0
    outer loop
      vertex 78.9975 -28.201 8
      vertex 79.15 -28.1258 2
      vertex 78.9975 -28.201 2
    endloop
  endfacet
  facet normal -0.946844 0.321692 0
    outer loop
      vertex 79.701 -27.4975 2
      vertex 79.7557 -27.3365 8
      vertex 79.7557 -27.3365 2
    endloop
  endfacet
  facet normal -0.946844 0.321692 0
    outer loop
      vertex 79.7557 -27.3365 8
      vertex 79.701 -27.4975 2
      vertex 79.701 -27.4975 8
    endloop
  endfacet
  facet normal -0.831688 0.555243 0
    outer loop
      vertex 79.5314 -27.7914 2
      vertex 79.6258 -27.65 8
      vertex 79.6258 -27.65 2
    endloop
  endfacet
  facet normal -0.831688 0.555243 0
    outer loop
      vertex 79.6258 -27.65 8
      vertex 79.5314 -27.7914 2
      vertex 79.5314 -27.7914 8
    endloop
  endfacet
  facet normal 0.555243 0.831688 -0
    outer loop
      vertex 77.85 -28.1258 2
      vertex 77.7086 -28.0314 8
      vertex 77.85 -28.1258 8
    endloop
  endfacet
  facet normal 0.555243 0.831688 0
    outer loop
      vertex 77.7086 -28.0314 8
      vertex 77.85 -28.1258 2
      vertex 77.7086 -28.0314 2
    endloop
  endfacet
  facet normal 0.195211 0.980761 -0
    outer loop
      vertex 78.3303 -28.2889 2
      vertex 78.1635 -28.2557 8
      vertex 78.3303 -28.2889 8
    endloop
  endfacet
  facet normal 0.195211 0.980761 0
    outer loop
      vertex 78.1635 -28.2557 8
      vertex 78.3303 -28.2889 2
      vertex 78.1635 -28.2557 2
    endloop
  endfacet
  facet normal 0.896884 0.442267 0
    outer loop
      vertex 77.3742 -27.65 8
      vertex 77.299 -27.4975 2
      vertex 77.299 -27.4975 8
    endloop
  endfacet
  facet normal 0.896884 0.442267 0
    outer loop
      vertex 77.299 -27.4975 2
      vertex 77.3742 -27.65 8
      vertex 77.3742 -27.65 2
    endloop
  endfacet
  facet normal 0.946844 0.321692 0
    outer loop
      vertex 77.299 -27.4975 8
      vertex 77.2443 -27.3365 2
      vertex 77.2443 -27.3365 8
    endloop
  endfacet
  facet normal 0.946844 0.321692 0
    outer loop
      vertex 77.2443 -27.3365 2
      vertex 77.299 -27.4975 8
      vertex 77.299 -27.4975 2
    endloop
  endfacet
  facet normal 0.997868 0.0652701 0
    outer loop
      vertex 77.2111 -27.1697 8
      vertex 77.2 -27 2
      vertex 77.2 -27 8
    endloop
  endfacet
  facet normal 0.997868 0.0652701 0
    outer loop
      vertex 77.2 -27 2
      vertex 77.2111 -27.1697 8
      vertex 77.2111 -27.1697 2
    endloop
  endfacet
  facet normal -0.195211 0.980761 0
    outer loop
      vertex 78.8365 -28.2557 2
      vertex 78.6697 -28.2889 8
      vertex 78.8365 -28.2557 8
    endloop
  endfacet
  facet normal -0.195211 0.980761 0
    outer loop
      vertex 78.6697 -28.2889 8
      vertex 78.8365 -28.2557 2
      vertex 78.6697 -28.2889 2
    endloop
  endfacet
  facet normal -0.751483 0.659753 0
    outer loop
      vertex 79.4192 -27.9192 2
      vertex 79.5314 -27.7914 8
      vertex 79.5314 -27.7914 2
    endloop
  endfacet
  facet normal -0.751483 0.659753 0
    outer loop
      vertex 79.5314 -27.7914 8
      vertex 79.4192 -27.9192 2
      vertex 79.4192 -27.9192 8
    endloop
  endfacet
  facet normal -0.555243 0.831688 0
    outer loop
      vertex 79.2914 -28.0314 2
      vertex 79.15 -28.1258 8
      vertex 79.2914 -28.0314 8
    endloop
  endfacet
  facet normal -0.555243 0.831688 0
    outer loop
      vertex 79.15 -28.1258 8
      vertex 79.2914 -28.0314 2
      vertex 79.15 -28.1258 2
    endloop
  endfacet
  facet normal -0.980761 0.195211 0
    outer loop
      vertex 79.7557 -27.3365 2
      vertex 79.7889 -27.1697 8
      vertex 79.7889 -27.1697 2
    endloop
  endfacet
  facet normal -0.980761 0.195211 0
    outer loop
      vertex 79.7889 -27.1697 8
      vertex 79.7557 -27.3365 2
      vertex 79.7557 -27.3365 8
    endloop
  endfacet
  facet normal -0.896884 0.442267 0
    outer loop
      vertex 79.6258 -27.65 2
      vertex 79.701 -27.4975 8
      vertex 79.701 -27.4975 2
    endloop
  endfacet
  facet normal -0.896884 0.442267 0
    outer loop
      vertex 79.701 -27.4975 8
      vertex 79.6258 -27.65 2
      vertex 79.6258 -27.65 8
    endloop
  endfacet
  facet normal 0.442267 0.896884 -0
    outer loop
      vertex 78.0025 -28.201 2
      vertex 77.85 -28.1258 8
      vertex 78.0025 -28.201 8
    endloop
  endfacet
  facet normal 0.442267 0.896884 0
    outer loop
      vertex 77.85 -28.1258 8
      vertex 78.0025 -28.201 2
      vertex 77.85 -28.1258 2
    endloop
  endfacet
  facet normal 0.0652701 0.997868 -0
    outer loop
      vertex 78.5 -28.3 2
      vertex 78.3303 -28.2889 8
      vertex 78.5 -28.3 8
    endloop
  endfacet
  facet normal 0.0652701 0.997868 0
    outer loop
      vertex 78.3303 -28.2889 8
      vertex 78.5 -28.3 2
      vertex 78.3303 -28.2889 2
    endloop
  endfacet
  facet normal 0.831688 0.555243 0
    outer loop
      vertex 77.4686 -27.7914 8
      vertex 77.3742 -27.65 2
      vertex 77.3742 -27.65 8
    endloop
  endfacet
  facet normal 0.831688 0.555243 0
    outer loop
      vertex 77.3742 -27.65 2
      vertex 77.4686 -27.7914 8
      vertex 77.4686 -27.7914 2
    endloop
  endfacet
  facet normal 0.980761 0.195211 0
    outer loop
      vertex 77.2443 -27.3365 8
      vertex 77.2111 -27.1697 2
      vertex 77.2111 -27.1697 8
    endloop
  endfacet
  facet normal 0.980761 0.195211 0
    outer loop
      vertex 77.2111 -27.1697 2
      vertex 77.2443 -27.3365 8
      vertex 77.2443 -27.3365 2
    endloop
  endfacet
  facet normal -0.997868 0.0652701 0
    outer loop
      vertex 79.7889 -27.1697 2
      vertex 79.8 -27 8
      vertex 79.8 -27 2
    endloop
  endfacet
  facet normal -0.997868 0.0652701 0
    outer loop
      vertex 79.8 -27 8
      vertex 79.7889 -27.1697 2
      vertex 79.7889 -27.1697 8
    endloop
  endfacet
  facet normal 0.659478 0.751724 -0
    outer loop
      vertex 80.6213 29.1213 2
      vertex 80.3263 29.3801 8
      vertex 80.6213 29.1213 8
    endloop
  endfacet
  facet normal 0.659478 0.751724 0
    outer loop
      vertex 80.3263 29.3801 8
      vertex 80.6213 29.1213 2
      vertex 80.3263 29.3801 2
    endloop
  endfacet
  facet normal -0.946858 0.321651 0
    outer loop
      vertex 75.6022 27.7765 2
      vertex 75.7284 28.148 8
      vertex 75.7284 28.148 2
    endloop
  endfacet
  facet normal -0.946858 0.321651 0
    outer loop
      vertex 75.7284 28.148 8
      vertex 75.6022 27.7765 2
      vertex 75.6022 27.7765 8
    endloop
  endfacet
  facet normal -0.321651 -0.946858 0
    outer loop
      vertex 77.352 24.2284 2
      vertex 77.7235 24.1022 8
      vertex 77.352 24.2284 8
    endloop
  endfacet
  facet normal -0.321651 -0.946858 -0
    outer loop
      vertex 77.7235 24.1022 8
      vertex 77.352 24.2284 2
      vertex 77.7235 24.1022 2
    endloop
  endfacet
  facet normal 0.555523 0.831501 -0
    outer loop
      vertex 80.3263 29.3801 2
      vertex 80 29.5981 8
      vertex 80.3263 29.3801 8
    endloop
  endfacet
  facet normal 0.555523 0.831501 0
    outer loop
      vertex 80 29.5981 8
      vertex 80.3263 29.3801 2
      vertex 80 29.5981 2
    endloop
  endfacet
  facet normal -0.321651 0.946858 0
    outer loop
      vertex 77.7235 29.8978 2
      vertex 77.352 29.7716 8
      vertex 77.7235 29.8978 8
    endloop
  endfacet
  facet normal -0.321651 0.946858 0
    outer loop
      vertex 77.352 29.7716 8
      vertex 77.7235 29.8978 2
      vertex 77.352 29.7716 2
    endloop
  endfacet
  facet normal -0.896961 0.44211 0
    outer loop
      vertex 75.7284 28.148 2
      vertex 75.9019 28.5 8
      vertex 75.9019 28.5 2
    endloop
  endfacet
  facet normal -0.896961 0.44211 0
    outer loop
      vertex 75.9019 28.5 8
      vertex 75.7284 28.148 2
      vertex 75.7284 28.148 8
    endloop
  endfacet
  facet normal -0.896961 -0.44211 0
    outer loop
      vertex 75.9019 25.5 2
      vertex 75.7284 25.852 8
      vertex 75.7284 25.852 2
    endloop
  endfacet
  facet normal -0.896961 -0.44211 0
    outer loop
      vertex 75.7284 25.852 8
      vertex 75.9019 25.5 2
      vertex 75.9019 25.5 8
    endloop
  endfacet
  facet normal 0.946858 0.321651 0
    outer loop
      vertex 81.3978 27.7765 8
      vertex 81.2716 28.148 2
      vertex 81.2716 28.148 8
    endloop
  endfacet
  facet normal 0.946858 0.321651 0
    outer loop
      vertex 81.2716 28.148 2
      vertex 81.3978 27.7765 8
      vertex 81.3978 27.7765 2
    endloop
  endfacet
  facet normal 0.831501 0.555523 0
    outer loop
      vertex 81.0981 28.5 8
      vertex 80.8801 28.8263 2
      vertex 80.8801 28.8263 8
    endloop
  endfacet
  facet normal 0.831501 0.555523 0
    outer loop
      vertex 80.8801 28.8263 2
      vertex 81.0981 28.5 8
      vertex 81.0981 28.5 2
    endloop
  endfacet
  facet normal 0.751724 0.659478 0
    outer loop
      vertex 80.8801 28.8263 8
      vertex 80.6213 29.1213 2
      vertex 80.6213 29.1213 8
    endloop
  endfacet
  facet normal 0.751724 0.659478 0
    outer loop
      vertex 80.6213 29.1213 2
      vertex 80.8801 28.8263 8
      vertex 80.8801 28.8263 2
    endloop
  endfacet
  facet normal 0.44211 0.896961 -0
    outer loop
      vertex 80 29.5981 2
      vertex 79.648 29.7716 8
      vertex 80 29.5981 8
    endloop
  endfacet
  facet normal 0.44211 0.896961 0
    outer loop
      vertex 79.648 29.7716 8
      vertex 80 29.5981 2
      vertex 79.648 29.7716 2
    endloop
  endfacet
  facet normal 0.321651 0.946858 -0
    outer loop
      vertex 79.648 29.7716 2
      vertex 79.2765 29.8978 8
      vertex 79.648 29.7716 8
    endloop
  endfacet
  facet normal 0.321651 0.946858 0
    outer loop
      vertex 79.2765 29.8978 8
      vertex 79.648 29.7716 2
      vertex 79.2765 29.8978 2
    endloop
  endfacet
  facet normal -0.751724 0.659478 0
    outer loop
      vertex 76.1199 28.8263 2
      vertex 76.3787 29.1213 8
      vertex 76.3787 29.1213 2
    endloop
  endfacet
  facet normal -0.751724 0.659478 0
    outer loop
      vertex 76.3787 29.1213 8
      vertex 76.1199 28.8263 2
      vertex 76.1199 28.8263 8
    endloop
  endfacet
  facet normal -0.44211 0.896961 0
    outer loop
      vertex 77.352 29.7716 2
      vertex 77 29.5981 8
      vertex 77.352 29.7716 8
    endloop
  endfacet
  facet normal -0.44211 0.896961 0
    outer loop
      vertex 77 29.5981 8
      vertex 77.352 29.7716 2
      vertex 77 29.5981 2
    endloop
  endfacet
  facet normal -0.555523 0.831501 0
    outer loop
      vertex 77 29.5981 2
      vertex 76.6737 29.3801 8
      vertex 77 29.5981 8
    endloop
  endfacet
  facet normal -0.555523 0.831501 0
    outer loop
      vertex 76.6737 29.3801 8
      vertex 77 29.5981 2
      vertex 76.6737 29.3801 2
    endloop
  endfacet
  facet normal 0.321651 -0.946858 0
    outer loop
      vertex 79.2765 24.1022 2
      vertex 79.648 24.2284 8
      vertex 79.2765 24.1022 8
    endloop
  endfacet
  facet normal 0.321651 -0.946858 0
    outer loop
      vertex 79.648 24.2284 8
      vertex 79.2765 24.1022 2
      vertex 79.648 24.2284 2
    endloop
  endfacet
  facet normal 0.751724 -0.659478 0
    outer loop
      vertex 80.6213 24.8787 8
      vertex 80.8801 25.1737 2
      vertex 80.8801 25.1737 8
    endloop
  endfacet
  facet normal 0.751724 -0.659478 0
    outer loop
      vertex 80.8801 25.1737 2
      vertex 80.6213 24.8787 8
      vertex 80.6213 24.8787 2
    endloop
  endfacet
  facet normal 0.659478 -0.751724 0
    outer loop
      vertex 80.3263 24.6199 2
      vertex 80.6213 24.8787 8
      vertex 80.3263 24.6199 8
    endloop
  endfacet
  facet normal 0.659478 -0.751724 0
    outer loop
      vertex 80.6213 24.8787 8
      vertex 80.3263 24.6199 2
      vertex 80.6213 24.8787 2
    endloop
  endfacet
  facet normal 0.44211 -0.896961 0
    outer loop
      vertex 79.648 24.2284 2
      vertex 80 24.4019 8
      vertex 79.648 24.2284 8
    endloop
  endfacet
  facet normal 0.44211 -0.896961 0
    outer loop
      vertex 80 24.4019 8
      vertex 79.648 24.2284 2
      vertex 80 24.4019 2
    endloop
  endfacet
  facet normal -0.555523 -0.831501 0
    outer loop
      vertex 76.6737 24.6199 2
      vertex 77 24.4019 8
      vertex 76.6737 24.6199 8
    endloop
  endfacet
  facet normal -0.555523 -0.831501 -0
    outer loop
      vertex 77 24.4019 8
      vertex 76.6737 24.6199 2
      vertex 77 24.4019 2
    endloop
  endfacet
  facet normal -0.44211 -0.896961 0
    outer loop
      vertex 77 24.4019 2
      vertex 77.352 24.2284 8
      vertex 77 24.4019 8
    endloop
  endfacet
  facet normal -0.44211 -0.896961 -0
    outer loop
      vertex 77.352 24.2284 8
      vertex 77 24.4019 2
      vertex 77.352 24.2284 2
    endloop
  endfacet
  facet normal -0.980815 -0.19494 0
    outer loop
      vertex 75.6022 26.2235 2
      vertex 75.5257 26.6084 8
      vertex 75.5257 26.6084 2
    endloop
  endfacet
  facet normal -0.980815 -0.19494 0
    outer loop
      vertex 75.5257 26.6084 8
      vertex 75.6022 26.2235 2
      vertex 75.6022 26.2235 8
    endloop
  endfacet
  facet normal 0.980815 0.19494 0
    outer loop
      vertex 81.4743 27.3916 8
      vertex 81.3978 27.7765 2
      vertex 81.3978 27.7765 8
    endloop
  endfacet
  facet normal 0.980815 0.19494 0
    outer loop
      vertex 81.3978 27.7765 2
      vertex 81.4743 27.3916 8
      vertex 81.4743 27.3916 2
    endloop
  endfacet
  facet normal 0.896961 0.44211 0
    outer loop
      vertex 81.2716 28.148 8
      vertex 81.0981 28.5 2
      vertex 81.0981 28.5 8
    endloop
  endfacet
  facet normal 0.896961 0.44211 0
    outer loop
      vertex 81.0981 28.5 2
      vertex 81.2716 28.148 8
      vertex 81.2716 28.148 2
    endloop
  endfacet
  facet normal 0.0654873 0.997853 -0
    outer loop
      vertex 78.8916 29.9743 2
      vertex 78.5 30 8
      vertex 78.8916 29.9743 8
    endloop
  endfacet
  facet normal 0.0654873 0.997853 0
    outer loop
      vertex 78.5 30 8
      vertex 78.8916 29.9743 2
      vertex 78.5 30 2
    endloop
  endfacet
  facet normal 0.19494 0.980815 -0
    outer loop
      vertex 79.2765 29.8978 2
      vertex 78.8916 29.9743 8
      vertex 79.2765 29.8978 8
    endloop
  endfacet
  facet normal 0.19494 0.980815 0
    outer loop
      vertex 78.8916 29.9743 8
      vertex 79.2765 29.8978 2
      vertex 78.8916 29.9743 2
    endloop
  endfacet
  facet normal -0.997853 0.0654873 0
    outer loop
      vertex 75.5 27 2
      vertex 75.5257 27.3916 8
      vertex 75.5257 27.3916 2
    endloop
  endfacet
  facet normal -0.997853 0.0654873 0
    outer loop
      vertex 75.5257 27.3916 8
      vertex 75.5 27 2
      vertex 75.5 27 8
    endloop
  endfacet
  facet normal -0.980815 0.19494 0
    outer loop
      vertex 75.5257 27.3916 2
      vertex 75.6022 27.7765 8
      vertex 75.6022 27.7765 2
    endloop
  endfacet
  facet normal -0.980815 0.19494 0
    outer loop
      vertex 75.6022 27.7765 8
      vertex 75.5257 27.3916 2
      vertex 75.5257 27.3916 8
    endloop
  endfacet
  facet normal -0.831501 0.555523 0
    outer loop
      vertex 75.9019 28.5 2
      vertex 76.1199 28.8263 8
      vertex 76.1199 28.8263 2
    endloop
  endfacet
  facet normal -0.831501 0.555523 0
    outer loop
      vertex 76.1199 28.8263 8
      vertex 75.9019 28.5 2
      vertex 75.9019 28.5 8
    endloop
  endfacet
  facet normal -0.0654873 0.997853 0
    outer loop
      vertex 78.5 30 2
      vertex 78.1084 29.9743 8
      vertex 78.5 30 8
    endloop
  endfacet
  facet normal -0.0654873 0.997853 0
    outer loop
      vertex 78.1084 29.9743 8
      vertex 78.5 30 2
      vertex 78.1084 29.9743 2
    endloop
  endfacet
  facet normal -0.19494 0.980815 0
    outer loop
      vertex 78.1084 29.9743 2
      vertex 77.7235 29.8978 8
      vertex 78.1084 29.9743 8
    endloop
  endfacet
  facet normal -0.19494 0.980815 0
    outer loop
      vertex 77.7235 29.8978 8
      vertex 78.1084 29.9743 2
      vertex 77.7235 29.8978 2
    endloop
  endfacet
  facet normal -0.659478 0.751724 0
    outer loop
      vertex 76.6737 29.3801 2
      vertex 76.3787 29.1213 8
      vertex 76.6737 29.3801 8
    endloop
  endfacet
  facet normal -0.659478 0.751724 0
    outer loop
      vertex 76.3787 29.1213 8
      vertex 76.6737 29.3801 2
      vertex 76.3787 29.1213 2
    endloop
  endfacet
  facet normal 0.997853 0.0654873 0
    outer loop
      vertex 81.5 27 8
      vertex 81.4743 27.3916 2
      vertex 81.4743 27.3916 8
    endloop
  endfacet
  facet normal 0.997853 0.0654873 0
    outer loop
      vertex 81.4743 27.3916 2
      vertex 81.5 27 8
      vertex 81.5 27 2
    endloop
  endfacet
  facet normal 0.0654873 -0.997853 0
    outer loop
      vertex 78.5 24 2
      vertex 78.8916 24.0257 8
      vertex 78.5 24 8
    endloop
  endfacet
  facet normal 0.0654873 -0.997853 0
    outer loop
      vertex 78.8916 24.0257 8
      vertex 78.5 24 2
      vertex 78.8916 24.0257 2
    endloop
  endfacet
  facet normal 0.946858 -0.321651 0
    outer loop
      vertex 81.2716 25.852 8
      vertex 81.3978 26.2235 2
      vertex 81.3978 26.2235 8
    endloop
  endfacet
  facet normal 0.946858 -0.321651 0
    outer loop
      vertex 81.3978 26.2235 2
      vertex 81.2716 25.852 8
      vertex 81.2716 25.852 2
    endloop
  endfacet
  facet normal 0.19494 -0.980815 0
    outer loop
      vertex 78.8916 24.0257 2
      vertex 79.2765 24.1022 8
      vertex 78.8916 24.0257 8
    endloop
  endfacet
  facet normal 0.19494 -0.980815 0
    outer loop
      vertex 79.2765 24.1022 8
      vertex 78.8916 24.0257 2
      vertex 79.2765 24.1022 2
    endloop
  endfacet
  facet normal 0.555523 -0.831501 0
    outer loop
      vertex 80 24.4019 2
      vertex 80.3263 24.6199 8
      vertex 80 24.4019 8
    endloop
  endfacet
  facet normal 0.555523 -0.831501 0
    outer loop
      vertex 80.3263 24.6199 8
      vertex 80 24.4019 2
      vertex 80.3263 24.6199 2
    endloop
  endfacet
  facet normal 0.896961 -0.44211 0
    outer loop
      vertex 81.0981 25.5 8
      vertex 81.2716 25.852 2
      vertex 81.2716 25.852 8
    endloop
  endfacet
  facet normal 0.896961 -0.44211 0
    outer loop
      vertex 81.2716 25.852 2
      vertex 81.0981 25.5 8
      vertex 81.0981 25.5 2
    endloop
  endfacet
  facet normal -0.19494 -0.980815 0
    outer loop
      vertex 77.7235 24.1022 2
      vertex 78.1084 24.0257 8
      vertex 77.7235 24.1022 8
    endloop
  endfacet
  facet normal -0.19494 -0.980815 -0
    outer loop
      vertex 78.1084 24.0257 8
      vertex 77.7235 24.1022 2
      vertex 78.1084 24.0257 2
    endloop
  endfacet
  facet normal -0.0654873 -0.997853 0
    outer loop
      vertex 78.1084 24.0257 2
      vertex 78.5 24 8
      vertex 78.1084 24.0257 8
    endloop
  endfacet
  facet normal -0.0654873 -0.997853 -0
    outer loop
      vertex 78.5 24 8
      vertex 78.1084 24.0257 2
      vertex 78.5 24 2
    endloop
  endfacet
  facet normal -0.659478 -0.751724 0
    outer loop
      vertex 76.3787 24.8787 2
      vertex 76.6737 24.6199 8
      vertex 76.3787 24.8787 8
    endloop
  endfacet
  facet normal -0.659478 -0.751724 -0
    outer loop
      vertex 76.6737 24.6199 8
      vertex 76.3787 24.8787 2
      vertex 76.6737 24.6199 2
    endloop
  endfacet
  facet normal -0.946858 -0.321651 0
    outer loop
      vertex 75.7284 25.852 2
      vertex 75.6022 26.2235 8
      vertex 75.6022 26.2235 2
    endloop
  endfacet
  facet normal -0.946858 -0.321651 0
    outer loop
      vertex 75.6022 26.2235 8
      vertex 75.7284 25.852 2
      vertex 75.7284 25.852 8
    endloop
  endfacet
  facet normal -0.997853 -0.0654873 0
    outer loop
      vertex 75.5257 26.6084 2
      vertex 75.5 27 8
      vertex 75.5 27 2
    endloop
  endfacet
  facet normal -0.997853 -0.0654873 0
    outer loop
      vertex 75.5 27 8
      vertex 75.5257 26.6084 2
      vertex 75.5257 26.6084 8
    endloop
  endfacet
  facet normal -0.831501 -0.555523 0
    outer loop
      vertex 76.1199 25.1737 2
      vertex 75.9019 25.5 8
      vertex 75.9019 25.5 2
    endloop
  endfacet
  facet normal -0.831501 -0.555523 0
    outer loop
      vertex 75.9019 25.5 8
      vertex 76.1199 25.1737 2
      vertex 76.1199 25.1737 8
    endloop
  endfacet
  facet normal -0.751724 -0.659478 0
    outer loop
      vertex 76.3787 24.8787 2
      vertex 76.1199 25.1737 8
      vertex 76.1199 25.1737 2
    endloop
  endfacet
  facet normal -0.751724 -0.659478 0
    outer loop
      vertex 76.1199 25.1737 8
      vertex 76.3787 24.8787 2
      vertex 76.3787 24.8787 8
    endloop
  endfacet
  facet normal 0 0 1
    outer loop
      vertex 79.8 27 8
      vertex 81.5 27 8
      vertex 81.4743 27.3916 8
    endloop
  endfacet
  facet normal 0 0 1
    outer loop
      vertex 79.7889 27.1697 8
      vertex 81.4743 27.3916 8
      vertex 81.3978 27.7765 8
    endloop
  endfacet
  facet normal 0 0 1
    outer loop
      vertex 81.5 27 8
      vertex 79.8 27 8
      vertex 81.4743 26.6084 8
    endloop
  endfacet
  facet normal 0 0 1
    outer loop
      vertex 79.7557 27.3365 8
      vertex 81.3978 27.7765 8
      vertex 81.2716 28.148 8
    endloop
  endfacet
  facet normal -0 0 1
    outer loop
      vertex 79.7889 26.8303 8
      vertex 81.4743 26.6084 8
      vertex 79.8 27 8
    endloop
  endfacet
  facet normal 0 0 1
    outer loop
      vertex 79.701 27.4975 8
      vertex 81.2716 28.148 8
      vertex 81.0981 28.5 8
    endloop
  endfacet
  facet normal 0 0 1
    outer loop
      vertex 81.4743 26.6084 8
      vertex 79.7889 26.8303 8
      vertex 81.3978 26.2235 8
    endloop
  endfacet
  facet normal 0 0 1
    outer loop
      vertex 79.6258 27.65 8
      vertex 81.0981 28.5 8
      vertex 80.8801 28.8263 8
    endloop
  endfacet
  facet normal -0 0 1
    outer loop
      vertex 79.7557 26.6635 8
      vertex 81.3978 26.2235 8
      vertex 79.7889 26.8303 8
    endloop
  endfacet
  facet normal 0 0 1
    outer loop
      vertex 79.5314 27.7914 8
      vertex 80.8801 28.8263 8
      vertex 80.6213 29.1213 8
    endloop
  endfacet
  facet normal 0 0 1
    outer loop
      vertex 81.3978 26.2235 8
      vertex 79.7557 26.6635 8
      vertex 81.2716 25.852 8
    endloop
  endfacet
  facet normal 0 0 1
    outer loop
      vertex 79.4192 27.9192 8
      vertex 80.6213 29.1213 8
      vertex 80.3263 29.3801 8
    endloop
  endfacet
  facet normal -0 0 1
    outer loop
      vertex 79.701 26.5025 8
      vertex 81.2716 25.852 8
      vertex 79.7557 26.6635 8
    endloop
  endfacet
  facet normal 0 0 1
    outer loop
      vertex 79.2914 28.0314 8
      vertex 80.3263 29.3801 8
      vertex 80 29.5981 8
    endloop
  endfacet
  facet normal 0 0 1
    outer loop
      vertex 81.2716 25.852 8
      vertex 79.701 26.5025 8
      vertex 81.0981 25.5 8
    endloop
  endfacet
  facet normal -0 0 1
    outer loop
      vertex 79.6258 26.35 8
      vertex 81.0981 25.5 8
      vertex 79.701 26.5025 8
    endloop
  endfacet
  facet normal 0 0 1
    outer loop
      vertex 81.4743 27.3916 8
      vertex 79.7889 27.1697 8
      vertex 79.8 27 8
    endloop
  endfacet
  facet normal 0 0 1
    outer loop
      vertex 81.3978 27.7765 8
      vertex 79.7557 27.3365 8
      vertex 79.7889 27.1697 8
    endloop
  endfacet
  facet normal 0 0 1
    outer loop
      vertex 81.2716 28.148 8
      vertex 79.701 27.4975 8
      vertex 79.7557 27.3365 8
    endloop
  endfacet
  facet normal 0 0 1
    outer loop
      vertex 79.15 28.1258 8
      vertex 80 29.5981 8
      vertex 79.648 29.7716 8
    endloop
  endfacet
  facet normal 0 0 1
    outer loop
      vertex 81.0981 28.5 8
      vertex 79.6258 27.65 8
      vertex 79.701 27.4975 8
    endloop
  endfacet
  facet normal 0 0 1
    outer loop
      vertex 80.8801 28.8263 8
      vertex 79.5314 27.7914 8
      vertex 79.6258 27.65 8
    endloop
  endfacet
  facet normal 0 0 1
    outer loop
      vertex 80.6213 29.1213 8
      vertex 79.4192 27.9192 8
      vertex 79.5314 27.7914 8
    endloop
  endfacet
  facet normal 0 0 1
    outer loop
      vertex 80.3263 29.3801 8
      vertex 79.2914 28.0314 8
      vertex 79.4192 27.9192 8
    endloop
  endfacet
  facet normal 0 0 1
    outer loop
      vertex 78.9975 28.201 8
      vertex 79.648 29.7716 8
      vertex 79.2765 29.8978 8
    endloop
  endfacet
  facet normal 0 0 1
    outer loop
      vertex 80 29.5981 8
      vertex 79.15 28.1258 8
      vertex 79.2914 28.0314 8
    endloop
  endfacet
  facet normal 0 0 1
    outer loop
      vertex 79.648 29.7716 8
      vertex 78.9975 28.201 8
      vertex 79.15 28.1258 8
    endloop
  endfacet
  facet normal 0 0 1
    outer loop
      vertex 78.8365 28.2557 8
      vertex 79.2765 29.8978 8
      vertex 78.8916 29.9743 8
    endloop
  endfacet
  facet normal 0 0 1
    outer loop
      vertex 79.2765 29.8978 8
      vertex 78.8365 28.2557 8
      vertex 78.9975 28.201 8
    endloop
  endfacet
  facet normal 0 0 1
    outer loop
      vertex 78.8916 29.9743 8
      vertex 78.6697 28.2889 8
      vertex 78.8365 28.2557 8
    endloop
  endfacet
  facet normal 0 0 1
    outer loop
      vertex 78.5 30 8
      vertex 78.6697 28.2889 8
      vertex 78.8916 29.9743 8
    endloop
  endfacet
  facet normal 0 0 1
    outer loop
      vertex 78.5 30 8
      vertex 78.5 28.3 8
      vertex 78.6697 28.2889 8
    endloop
  endfacet
  facet normal 0 0 1
    outer loop
      vertex 78.5 30 8
      vertex 78.3303 28.2889 8
      vertex 78.5 28.3 8
    endloop
  endfacet
  facet normal -0 0 1
    outer loop
      vertex 78.1084 29.9743 8
      vertex 78.3303 28.2889 8
      vertex 78.5 30 8
    endloop
  endfacet
  facet normal 0 0 1
    outer loop
      vertex 78.3303 28.2889 8
      vertex 78.1084 29.9743 8
      vertex 78.1635 28.2557 8
    endloop
  endfacet
  facet normal -0 0 1
    outer loop
      vertex 77.7235 29.8978 8
      vertex 78.1635 28.2557 8
      vertex 78.1084 29.9743 8
    endloop
  endfacet
  facet normal 0 0 1
    outer loop
      vertex 78.1635 28.2557 8
      vertex 77.7235 29.8978 8
      vertex 78.0025 28.201 8
    endloop
  endfacet
  facet normal -0 0 1
    outer loop
      vertex 77.352 29.7716 8
      vertex 78.0025 28.201 8
      vertex 77.7235 29.8978 8
    endloop
  endfacet
  facet normal 0 0 1
    outer loop
      vertex 78.0025 28.201 8
      vertex 77.352 29.7716 8
      vertex 77.85 28.1258 8
    endloop
  endfacet
  facet normal -0 0 1
    outer loop
      vertex 77 29.5981 8
      vertex 77.85 28.1258 8
      vertex 77.352 29.7716 8
    endloop
  endfacet
  facet normal 0 0 1
    outer loop
      vertex 77.85 28.1258 8
      vertex 77 29.5981 8
      vertex 77.7086 28.0314 8
    endloop
  endfacet
  facet normal -0 0 1
    outer loop
      vertex 76.6737 29.3801 8
      vertex 77.7086 28.0314 8
      vertex 77 29.5981 8
    endloop
  endfacet
  facet normal 0 0 1
    outer loop
      vertex 77.7086 28.0314 8
      vertex 76.6737 29.3801 8
      vertex 77.5808 27.9192 8
    endloop
  endfacet
  facet normal -0 0 1
    outer loop
      vertex 76.3787 29.1213 8
      vertex 77.5808 27.9192 8
      vertex 76.6737 29.3801 8
    endloop
  endfacet
  facet normal 0 0 1
    outer loop
      vertex 77.5808 27.9192 8
      vertex 76.3787 29.1213 8
      vertex 77.4686 27.7914 8
    endloop
  endfacet
  facet normal -0 0 1
    outer loop
      vertex 76.1199 28.8263 8
      vertex 77.4686 27.7914 8
      vertex 76.3787 29.1213 8
    endloop
  endfacet
  facet normal 0 0 1
    outer loop
      vertex 77.4686 27.7914 8
      vertex 76.1199 28.8263 8
      vertex 77.3742 27.65 8
    endloop
  endfacet
  facet normal -0 0 1
    outer loop
      vertex 75.9019 28.5 8
      vertex 77.3742 27.65 8
      vertex 76.1199 28.8263 8
    endloop
  endfacet
  facet normal 0 0 1
    outer loop
      vertex 81.0981 25.5 8
      vertex 79.6258 26.35 8
      vertex 80.8801 25.1737 8
    endloop
  endfacet
  facet normal -0 0 1
    outer loop
      vertex 79.5314 26.2086 8
      vertex 80.8801 25.1737 8
      vertex 79.6258 26.35 8
    endloop
  endfacet
  facet normal 0 0 1
    outer loop
      vertex 80.8801 25.1737 8
      vertex 79.5314 26.2086 8
      vertex 80.6213 24.8787 8
    endloop
  endfacet
  facet normal -0 0 1
    outer loop
      vertex 79.4192 26.0808 8
      vertex 80.6213 24.8787 8
      vertex 79.5314 26.2086 8
    endloop
  endfacet
  facet normal 0 0 1
    outer loop
      vertex 80.6213 24.8787 8
      vertex 79.4192 26.0808 8
      vertex 80.3263 24.6199 8
    endloop
  endfacet
  facet normal -0 0 1
    outer loop
      vertex 79.2914 25.9686 8
      vertex 80.3263 24.6199 8
      vertex 79.4192 26.0808 8
    endloop
  endfacet
  facet normal 0 0 1
    outer loop
      vertex 80.3263 24.6199 8
      vertex 79.2914 25.9686 8
      vertex 80 24.4019 8
    endloop
  endfacet
  facet normal -0 0 1
    outer loop
      vertex 79.15 25.8742 8
      vertex 80 24.4019 8
      vertex 79.2914 25.9686 8
    endloop
  endfacet
  facet normal 0 0 1
    outer loop
      vertex 80 24.4019 8
      vertex 79.15 25.8742 8
      vertex 79.648 24.2284 8
    endloop
  endfacet
  facet normal -0 0 1
    outer loop
      vertex 78.9975 25.799 8
      vertex 79.648 24.2284 8
      vertex 79.15 25.8742 8
    endloop
  endfacet
  facet normal 0 0 1
    outer loop
      vertex 79.648 24.2284 8
      vertex 78.9975 25.799 8
      vertex 79.2765 24.1022 8
    endloop
  endfacet
  facet normal -0 0 1
    outer loop
      vertex 78.8365 25.7443 8
      vertex 79.2765 24.1022 8
      vertex 78.9975 25.799 8
    endloop
  endfacet
  facet normal 0 0 1
    outer loop
      vertex 79.2765 24.1022 8
      vertex 78.8365 25.7443 8
      vertex 78.8916 24.0257 8
    endloop
  endfacet
  facet normal -0 0 1
    outer loop
      vertex 78.6697 25.7111 8
      vertex 78.8916 24.0257 8
      vertex 78.8365 25.7443 8
    endloop
  endfacet
  facet normal -0 0 1
    outer loop
      vertex 78.5 25.7 8
      vertex 78.8916 24.0257 8
      vertex 78.6697 25.7111 8
    endloop
  endfacet
  facet normal 0 0 1
    outer loop
      vertex 78.5 25.7 8
      vertex 78.5 24 8
      vertex 78.8916 24.0257 8
    endloop
  endfacet
  facet normal 0 0 1
    outer loop
      vertex 78.3303 25.7111 8
      vertex 78.5 24 8
      vertex 78.5 25.7 8
    endloop
  endfacet
  facet normal 0 0 1
    outer loop
      vertex 78.1084 24.0257 8
      vertex 78.3303 25.7111 8
      vertex 78.1635 25.7443 8
    endloop
  endfacet
  facet normal 0 0 1
    outer loop
      vertex 78.3303 25.7111 8
      vertex 78.1084 24.0257 8
      vertex 78.5 24 8
    endloop
  endfacet
  facet normal 0 0 1
    outer loop
      vertex 77.7235 24.1022 8
      vertex 78.1635 25.7443 8
      vertex 78.0025 25.799 8
    endloop
  endfacet
  facet normal 0 0 1
    outer loop
      vertex 77.352 24.2284 8
      vertex 78.0025 25.799 8
      vertex 77.85 25.8742 8
    endloop
  endfacet
  facet normal 0 0 1
    outer loop
      vertex 78.1635 25.7443 8
      vertex 77.7235 24.1022 8
      vertex 78.1084 24.0257 8
    endloop
  endfacet
  facet normal 0 0 1
    outer loop
      vertex 77 24.4019 8
      vertex 77.85 25.8742 8
      vertex 77.7086 25.9686 8
    endloop
  endfacet
  facet normal 0 0 1
    outer loop
      vertex 76.6737 24.6199 8
      vertex 77.7086 25.9686 8
      vertex 77.5808 26.0808 8
    endloop
  endfacet
  facet normal 0 0 1
    outer loop
      vertex 76.3787 24.8787 8
      vertex 77.5808 26.0808 8
      vertex 77.4686 26.2086 8
    endloop
  endfacet
  facet normal 0 0 1
    outer loop
      vertex 76.1199 25.1737 8
      vertex 77.4686 26.2086 8
      vertex 77.3742 26.35 8
    endloop
  endfacet
  facet normal 0 0 1
    outer loop
      vertex 78.0025 25.799 8
      vertex 77.352 24.2284 8
      vertex 77.7235 24.1022 8
    endloop
  endfacet
  facet normal 0 0 1
    outer loop
      vertex 75.9019 25.5 8
      vertex 77.3742 26.35 8
      vertex 77.299 26.5025 8
    endloop
  endfacet
  facet normal 0 0 1
    outer loop
      vertex 75.7284 25.852 8
      vertex 77.299 26.5025 8
      vertex 77.2443 26.6635 8
    endloop
  endfacet
  facet normal 0 0 1
    outer loop
      vertex 75.6022 26.2235 8
      vertex 77.2443 26.6635 8
      vertex 77.2111 26.8303 8
    endloop
  endfacet
  facet normal 0 0 1
    outer loop
      vertex 75.5257 26.6084 8
      vertex 77.2111 26.8303 8
      vertex 77.2 27 8
    endloop
  endfacet
  facet normal 0 0 1
    outer loop
      vertex 77.3742 27.65 8
      vertex 75.9019 28.5 8
      vertex 77.299 27.4975 8
    endloop
  endfacet
  facet normal 0 0 1
    outer loop
      vertex 77.85 25.8742 8
      vertex 77 24.4019 8
      vertex 77.352 24.2284 8
    endloop
  endfacet
  facet normal -0 0 1
    outer loop
      vertex 75.7284 28.148 8
      vertex 77.299 27.4975 8
      vertex 75.9019 28.5 8
    endloop
  endfacet
  facet normal 0 0 1
    outer loop
      vertex 77.7086 25.9686 8
      vertex 76.6737 24.6199 8
      vertex 77 24.4019 8
    endloop
  endfacet
  facet normal 0 0 1
    outer loop
      vertex 77.299 27.4975 8
      vertex 75.7284 28.148 8
      vertex 77.2443 27.3365 8
    endloop
  endfacet
  facet normal 0 0 1
    outer loop
      vertex 77.5808 26.0808 8
      vertex 76.3787 24.8787 8
      vertex 76.6737 24.6199 8
    endloop
  endfacet
  facet normal -0 0 1
    outer loop
      vertex 75.6022 27.7765 8
      vertex 77.2443 27.3365 8
      vertex 75.7284 28.148 8
    endloop
  endfacet
  facet normal 0 0 1
    outer loop
      vertex 77.4686 26.2086 8
      vertex 76.1199 25.1737 8
      vertex 76.3787 24.8787 8
    endloop
  endfacet
  facet normal 0 0 1
    outer loop
      vertex 77.2443 27.3365 8
      vertex 75.6022 27.7765 8
      vertex 77.2111 27.1697 8
    endloop
  endfacet
  facet normal 0 0 1
    outer loop
      vertex 77.3742 26.35 8
      vertex 75.9019 25.5 8
      vertex 76.1199 25.1737 8
    endloop
  endfacet
  facet normal -0 0 1
    outer loop
      vertex 75.5257 27.3916 8
      vertex 77.2111 27.1697 8
      vertex 75.6022 27.7765 8
    endloop
  endfacet
  facet normal 0 0 1
    outer loop
      vertex 77.299 26.5025 8
      vertex 75.7284 25.852 8
      vertex 75.9019 25.5 8
    endloop
  endfacet
  facet normal 0 0 1
    outer loop
      vertex 77.2111 27.1697 8
      vertex 75.5257 27.3916 8
      vertex 77.2 27 8
    endloop
  endfacet
  facet normal 0 0 1
    outer loop
      vertex 77.2443 26.6635 8
      vertex 75.6022 26.2235 8
      vertex 75.7284 25.852 8
    endloop
  endfacet
  facet normal 0 0 1
    outer loop
      vertex 75.5 27 8
      vertex 77.2 27 8
      vertex 75.5257 27.3916 8
    endloop
  endfacet
  facet normal 0 0 1
    outer loop
      vertex 77.2111 26.8303 8
      vertex 75.5257 26.6084 8
      vertex 75.6022 26.2235 8
    endloop
  endfacet
  facet normal 0 0 1
    outer loop
      vertex 77.2 27 8
      vertex 75.5 27 8
      vertex 75.5257 26.6084 8
    endloop
  endfacet
  facet normal 0.980815 -0.19494 0
    outer loop
      vertex 81.3978 26.2235 8
      vertex 81.4743 26.6084 2
      vertex 81.4743 26.6084 8
    endloop
  endfacet
  facet normal 0.980815 -0.19494 0
    outer loop
      vertex 81.4743 26.6084 2
      vertex 81.3978 26.2235 8
      vertex 81.3978 26.2235 2
    endloop
  endfacet
  facet normal 0.997853 -0.0654873 0
    outer loop
      vertex 81.4743 26.6084 8
      vertex 81.5 27 2
      vertex 81.5 27 8
    endloop
  endfacet
  facet normal 0.997853 -0.0654873 0
    outer loop
      vertex 81.5 27 2
      vertex 81.4743 26.6084 8
      vertex 81.4743 26.6084 2
    endloop
  endfacet
  facet normal 0.831501 -0.555523 0
    outer loop
      vertex 80.8801 25.1737 8
      vertex 81.0981 25.5 2
      vertex 81.0981 25.5 8
    endloop
  endfacet
  facet normal 0.831501 -0.555523 0
    outer loop
      vertex 81.0981 25.5 2
      vertex 80.8801 25.1737 8
      vertex 80.8801 25.1737 2
    endloop
  endfacet
  facet normal -0.997868 -0.0652701 0
    outer loop
      vertex 79.8 27 2
      vertex 79.7889 27.1697 8
      vertex 79.7889 27.1697 2
    endloop
  endfacet
  facet normal -0.997868 -0.0652701 0
    outer loop
      vertex 79.7889 27.1697 8
      vertex 79.8 27 2
      vertex 79.8 27 8
    endloop
  endfacet
  facet normal 0.997868 -0.0652701 0
    outer loop
      vertex 77.2 27 8
      vertex 77.2111 27.1697 2
      vertex 77.2111 27.1697 8
    endloop
  endfacet
  facet normal 0.997868 -0.0652701 0
    outer loop
      vertex 77.2111 27.1697 2
      vertex 77.2 27 8
      vertex 77.2 27 2
    endloop
  endfacet
  facet normal -0.0652701 -0.997868 0
    outer loop
      vertex 78.5 28.3 2
      vertex 78.6697 28.2889 8
      vertex 78.5 28.3 8
    endloop
  endfacet
  facet normal -0.0652701 -0.997868 -0
    outer loop
      vertex 78.6697 28.2889 8
      vertex 78.5 28.3 2
      vertex 78.6697 28.2889 2
    endloop
  endfacet
  facet normal 0.751483 0.659753 0
    outer loop
      vertex 77.5808 26.0808 8
      vertex 77.4686 26.2086 2
      vertex 77.4686 26.2086 8
    endloop
  endfacet
  facet normal 0.751483 0.659753 0
    outer loop
      vertex 77.4686 26.2086 2
      vertex 77.5808 26.0808 8
      vertex 77.5808 26.0808 2
    endloop
  endfacet
  facet normal -0.659753 -0.751483 0
    outer loop
      vertex 79.2914 28.0314 2
      vertex 79.4192 27.9192 8
      vertex 79.2914 28.0314 8
    endloop
  endfacet
  facet normal -0.659753 -0.751483 -0
    outer loop
      vertex 79.4192 27.9192 8
      vertex 79.2914 28.0314 2
      vertex 79.4192 27.9192 2
    endloop
  endfacet
  facet normal 0.659753 -0.751483 0
    outer loop
      vertex 77.5808 27.9192 2
      vertex 77.7086 28.0314 8
      vertex 77.5808 27.9192 8
    endloop
  endfacet
  facet normal 0.659753 -0.751483 0
    outer loop
      vertex 77.7086 28.0314 8
      vertex 77.5808 27.9192 2
      vertex 77.7086 28.0314 2
    endloop
  endfacet
  facet normal 0.321692 -0.946844 0
    outer loop
      vertex 78.0025 28.201 2
      vertex 78.1635 28.2557 8
      vertex 78.0025 28.201 8
    endloop
  endfacet
  facet normal 0.321692 -0.946844 0
    outer loop
      vertex 78.1635 28.2557 8
      vertex 78.0025 28.201 2
      vertex 78.1635 28.2557 2
    endloop
  endfacet
  facet normal -0.896884 -0.442267 0
    outer loop
      vertex 79.701 27.4975 2
      vertex 79.6258 27.65 8
      vertex 79.6258 27.65 2
    endloop
  endfacet
  facet normal -0.896884 -0.442267 0
    outer loop
      vertex 79.6258 27.65 8
      vertex 79.701 27.4975 2
      vertex 79.701 27.4975 8
    endloop
  endfacet
  facet normal -0.831688 -0.555243 0
    outer loop
      vertex 79.6258 27.65 2
      vertex 79.5314 27.7914 8
      vertex 79.5314 27.7914 2
    endloop
  endfacet
  facet normal -0.831688 -0.555243 0
    outer loop
      vertex 79.5314 27.7914 8
      vertex 79.6258 27.65 2
      vertex 79.6258 27.65 8
    endloop
  endfacet
  facet normal -0.442267 -0.896884 0
    outer loop
      vertex 78.9975 28.201 2
      vertex 79.15 28.1258 8
      vertex 78.9975 28.201 8
    endloop
  endfacet
  facet normal -0.442267 -0.896884 -0
    outer loop
      vertex 79.15 28.1258 8
      vertex 78.9975 28.201 2
      vertex 79.15 28.1258 2
    endloop
  endfacet
  facet normal -0.321692 -0.946844 0
    outer loop
      vertex 78.8365 28.2557 2
      vertex 78.9975 28.201 8
      vertex 78.8365 28.2557 8
    endloop
  endfacet
  facet normal -0.321692 -0.946844 -0
    outer loop
      vertex 78.9975 28.201 8
      vertex 78.8365 28.2557 2
      vertex 78.9975 28.201 2
    endloop
  endfacet
  facet normal -0.555243 -0.831688 0
    outer loop
      vertex 79.15 28.1258 2
      vertex 79.2914 28.0314 8
      vertex 79.15 28.1258 8
    endloop
  endfacet
  facet normal -0.555243 -0.831688 -0
    outer loop
      vertex 79.2914 28.0314 8
      vertex 79.15 28.1258 2
      vertex 79.2914 28.0314 2
    endloop
  endfacet
  facet normal 0.896884 -0.442267 0
    outer loop
      vertex 77.299 27.4975 8
      vertex 77.3742 27.65 2
      vertex 77.3742 27.65 8
    endloop
  endfacet
  facet normal 0.896884 -0.442267 0
    outer loop
      vertex 77.3742 27.65 2
      vertex 77.299 27.4975 8
      vertex 77.299 27.4975 2
    endloop
  endfacet
  facet normal 0.751483 -0.659753 0
    outer loop
      vertex 77.4686 27.7914 8
      vertex 77.5808 27.9192 2
      vertex 77.5808 27.9192 8
    endloop
  endfacet
  facet normal 0.751483 -0.659753 0
    outer loop
      vertex 77.5808 27.9192 2
      vertex 77.4686 27.7914 8
      vertex 77.4686 27.7914 2
    endloop
  endfacet
  facet normal 0.946844 -0.321692 0
    outer loop
      vertex 77.2443 27.3365 8
      vertex 77.299 27.4975 2
      vertex 77.299 27.4975 8
    endloop
  endfacet
  facet normal 0.946844 -0.321692 0
    outer loop
      vertex 77.299 27.4975 2
      vertex 77.2443 27.3365 8
      vertex 77.2443 27.3365 2
    endloop
  endfacet
  facet normal 0.195211 -0.980761 0
    outer loop
      vertex 78.1635 28.2557 2
      vertex 78.3303 28.2889 8
      vertex 78.1635 28.2557 8
    endloop
  endfacet
  facet normal 0.195211 -0.980761 0
    outer loop
      vertex 78.3303 28.2889 8
      vertex 78.1635 28.2557 2
      vertex 78.3303 28.2889 2
    endloop
  endfacet
  facet normal 0.659753 0.751483 -0
    outer loop
      vertex 77.7086 25.9686 2
      vertex 77.5808 26.0808 8
      vertex 77.7086 25.9686 8
    endloop
  endfacet
  facet normal 0.659753 0.751483 0
    outer loop
      vertex 77.5808 26.0808 8
      vertex 77.7086 25.9686 2
      vertex 77.5808 26.0808 2
    endloop
  endfacet
  facet normal 0.321692 0.946844 -0
    outer loop
      vertex 78.1635 25.7443 2
      vertex 78.0025 25.799 8
      vertex 78.1635 25.7443 8
    endloop
  endfacet
  facet normal 0.321692 0.946844 0
    outer loop
      vertex 78.0025 25.799 8
      vertex 78.1635 25.7443 2
      vertex 78.0025 25.799 2
    endloop
  endfacet
  facet normal -0.946844 -0.321692 0
    outer loop
      vertex 79.7557 27.3365 2
      vertex 79.701 27.4975 8
      vertex 79.701 27.4975 2
    endloop
  endfacet
  facet normal -0.946844 -0.321692 0
    outer loop
      vertex 79.701 27.4975 8
      vertex 79.7557 27.3365 2
      vertex 79.7557 27.3365 8
    endloop
  endfacet
  facet normal -0.980761 -0.195211 0
    outer loop
      vertex 79.7889 27.1697 2
      vertex 79.7557 27.3365 8
      vertex 79.7557 27.3365 2
    endloop
  endfacet
  facet normal -0.980761 -0.195211 0
    outer loop
      vertex 79.7557 27.3365 8
      vertex 79.7889 27.1697 2
      vertex 79.7889 27.1697 8
    endloop
  endfacet
  facet normal -0.751483 -0.659753 0
    outer loop
      vertex 79.5314 27.7914 2
      vertex 79.4192 27.9192 8
      vertex 79.4192 27.9192 2
    endloop
  endfacet
  facet normal -0.751483 -0.659753 0
    outer loop
      vertex 79.4192 27.9192 8
      vertex 79.5314 27.7914 2
      vertex 79.5314 27.7914 8
    endloop
  endfacet
  facet normal -0.195211 -0.980761 0
    outer loop
      vertex 78.6697 28.2889 2
      vertex 78.8365 28.2557 8
      vertex 78.6697 28.2889 8
    endloop
  endfacet
  facet normal -0.195211 -0.980761 -0
    outer loop
      vertex 78.8365 28.2557 8
      vertex 78.6697 28.2889 2
      vertex 78.8365 28.2557 2
    endloop
  endfacet
  facet normal 0.831688 -0.555243 0
    outer loop
      vertex 77.3742 27.65 8
      vertex 77.4686 27.7914 2
      vertex 77.4686 27.7914 8
    endloop
  endfacet
  facet normal 0.831688 -0.555243 0
    outer loop
      vertex 77.4686 27.7914 2
      vertex 77.3742 27.65 8
      vertex 77.3742 27.65 2
    endloop
  endfacet
  facet normal 0.980761 -0.195211 0
    outer loop
      vertex 77.2111 27.1697 8
      vertex 77.2443 27.3365 2
      vertex 77.2443 27.3365 8
    endloop
  endfacet
  facet normal 0.980761 -0.195211 0
    outer loop
      vertex 77.2443 27.3365 2
      vertex 77.2111 27.1697 8
      vertex 77.2111 27.1697 2
    endloop
  endfacet
  facet normal 0.442267 -0.896884 0
    outer loop
      vertex 77.85 28.1258 2
      vertex 78.0025 28.201 8
      vertex 77.85 28.1258 8
    endloop
  endfacet
  facet normal 0.442267 -0.896884 0
    outer loop
      vertex 78.0025 28.201 8
      vertex 77.85 28.1258 2
      vertex 78.0025 28.201 2
    endloop
  endfacet
  facet normal 0.555243 -0.831688 0
    outer loop
      vertex 77.7086 28.0314 2
      vertex 77.85 28.1258 8
      vertex 77.7086 28.0314 8
    endloop
  endfacet
  facet normal 0.555243 -0.831688 0
    outer loop
      vertex 77.85 28.1258 8
      vertex 77.7086 28.0314 2
      vertex 77.85 28.1258 2
    endloop
  endfacet
  facet normal 0.0652701 -0.997868 0
    outer loop
      vertex 78.3303 28.2889 2
      vertex 78.5 28.3 8
      vertex 78.3303 28.2889 8
    endloop
  endfacet
  facet normal 0.0652701 -0.997868 0
    outer loop
      vertex 78.5 28.3 8
      vertex 78.3303 28.2889 2
      vertex 78.5 28.3 2
    endloop
  endfacet
  facet normal -0.0652701 0.997868 0
    outer loop
      vertex 78.6697 25.7111 2
      vertex 78.5 25.7 8
      vertex 78.6697 25.7111 8
    endloop
  endfacet
  facet normal -0.0652701 0.997868 0
    outer loop
      vertex 78.5 25.7 8
      vertex 78.6697 25.7111 2
      vertex 78.5 25.7 2
    endloop
  endfacet
  facet normal -0.321692 0.946844 0
    outer loop
      vertex 78.9975 25.799 2
      vertex 78.8365 25.7443 8
      vertex 78.9975 25.799 8
    endloop
  endfacet
  facet normal -0.321692 0.946844 0
    outer loop
      vertex 78.8365 25.7443 8
      vertex 78.9975 25.799 2
      vertex 78.8365 25.7443 2
    endloop
  endfacet
  facet normal -0.659753 0.751483 0
    outer loop
      vertex 79.4192 26.0808 2
      vertex 79.2914 25.9686 8
      vertex 79.4192 26.0808 8
    endloop
  endfacet
  facet normal -0.659753 0.751483 0
    outer loop
      vertex 79.2914 25.9686 8
      vertex 79.4192 26.0808 2
      vertex 79.2914 25.9686 2
    endloop
  endfacet
  facet normal -0.442267 0.896884 0
    outer loop
      vertex 79.15 25.8742 2
      vertex 78.9975 25.799 8
      vertex 79.15 25.8742 8
    endloop
  endfacet
  facet normal -0.442267 0.896884 0
    outer loop
      vertex 78.9975 25.799 8
      vertex 79.15 25.8742 2
      vertex 78.9975 25.799 2
    endloop
  endfacet
  facet normal -0.946844 0.321692 0
    outer loop
      vertex 79.701 26.5025 2
      vertex 79.7557 26.6635 8
      vertex 79.7557 26.6635 2
    endloop
  endfacet
  facet normal -0.946844 0.321692 0
    outer loop
      vertex 79.7557 26.6635 8
      vertex 79.701 26.5025 2
      vertex 79.701 26.5025 8
    endloop
  endfacet
  facet normal -0.831688 0.555243 0
    outer loop
      vertex 79.5314 26.2086 2
      vertex 79.6258 26.35 8
      vertex 79.6258 26.35 2
    endloop
  endfacet
  facet normal -0.831688 0.555243 0
    outer loop
      vertex 79.6258 26.35 8
      vertex 79.5314 26.2086 2
      vertex 79.5314 26.2086 8
    endloop
  endfacet
  facet normal 0.555243 0.831688 -0
    outer loop
      vertex 77.85 25.8742 2
      vertex 77.7086 25.9686 8
      vertex 77.85 25.8742 8
    endloop
  endfacet
  facet normal 0.555243 0.831688 0
    outer loop
      vertex 77.7086 25.9686 8
      vertex 77.85 25.8742 2
      vertex 77.7086 25.9686 2
    endloop
  endfacet
  facet normal 0.195211 0.980761 -0
    outer loop
      vertex 78.3303 25.7111 2
      vertex 78.1635 25.7443 8
      vertex 78.3303 25.7111 8
    endloop
  endfacet
  facet normal 0.195211 0.980761 0
    outer loop
      vertex 78.1635 25.7443 8
      vertex 78.3303 25.7111 2
      vertex 78.1635 25.7443 2
    endloop
  endfacet
  facet normal 0.896884 0.442267 0
    outer loop
      vertex 77.3742 26.35 8
      vertex 77.299 26.5025 2
      vertex 77.299 26.5025 8
    endloop
  endfacet
  facet normal 0.896884 0.442267 0
    outer loop
      vertex 77.299 26.5025 2
      vertex 77.3742 26.35 8
      vertex 77.3742 26.35 2
    endloop
  endfacet
  facet normal 0.946844 0.321692 0
    outer loop
      vertex 77.299 26.5025 8
      vertex 77.2443 26.6635 2
      vertex 77.2443 26.6635 8
    endloop
  endfacet
  facet normal 0.946844 0.321692 0
    outer loop
      vertex 77.2443 26.6635 2
      vertex 77.299 26.5025 8
      vertex 77.299 26.5025 2
    endloop
  endfacet
  facet normal 0.997868 0.0652701 0
    outer loop
      vertex 77.2111 26.8303 8
      vertex 77.2 27 2
      vertex 77.2 27 8
    endloop
  endfacet
  facet normal 0.997868 0.0652701 0
    outer loop
      vertex 77.2 27 2
      vertex 77.2111 26.8303 8
      vertex 77.2111 26.8303 2
    endloop
  endfacet
  facet normal -0.195211 0.980761 0
    outer loop
      vertex 78.8365 25.7443 2
      vertex 78.6697 25.7111 8
      vertex 78.8365 25.7443 8
    endloop
  endfacet
  facet normal -0.195211 0.980761 0
    outer loop
      vertex 78.6697 25.7111 8
      vertex 78.8365 25.7443 2
      vertex 78.6697 25.7111 2
    endloop
  endfacet
  facet normal -0.751483 0.659753 0
    outer loop
      vertex 79.4192 26.0808 2
      vertex 79.5314 26.2086 8
      vertex 79.5314 26.2086 2
    endloop
  endfacet
  facet normal -0.751483 0.659753 0
    outer loop
      vertex 79.5314 26.2086 8
      vertex 79.4192 26.0808 2
      vertex 79.4192 26.0808 8
    endloop
  endfacet
  facet normal -0.555243 0.831688 0
    outer loop
      vertex 79.2914 25.9686 2
      vertex 79.15 25.8742 8
      vertex 79.2914 25.9686 8
    endloop
  endfacet
  facet normal -0.555243 0.831688 0
    outer loop
      vertex 79.15 25.8742 8
      vertex 79.2914 25.9686 2
      vertex 79.15 25.8742 2
    endloop
  endfacet
  facet normal -0.980761 0.195211 0
    outer loop
      vertex 79.7557 26.6635 2
      vertex 79.7889 26.8303 8
      vertex 79.7889 26.8303 2
    endloop
  endfacet
  facet normal -0.980761 0.195211 0
    outer loop
      vertex 79.7889 26.8303 8
      vertex 79.7557 26.6635 2
      vertex 79.7557 26.6635 8
    endloop
  endfacet
  facet normal -0.896884 0.442267 0
    outer loop
      vertex 79.6258 26.35 2
      vertex 79.701 26.5025 8
      vertex 79.701 26.5025 2
    endloop
  endfacet
  facet normal -0.896884 0.442267 0
    outer loop
      vertex 79.701 26.5025 8
      vertex 79.6258 26.35 2
      vertex 79.6258 26.35 8
    endloop
  endfacet
  facet normal 0.442267 0.896884 -0
    outer loop
      vertex 78.0025 25.799 2
      vertex 77.85 25.8742 8
      vertex 78.0025 25.799 8
    endloop
  endfacet
  facet normal 0.442267 0.896884 0
    outer loop
      vertex 77.85 25.8742 8
      vertex 78.0025 25.799 2
      vertex 77.85 25.8742 2
    endloop
  endfacet
  facet normal 0.0652701 0.997868 -0
    outer loop
      vertex 78.5 25.7 2
      vertex 78.3303 25.7111 8
      vertex 78.5 25.7 8
    endloop
  endfacet
  facet normal 0.0652701 0.997868 0
    outer loop
      vertex 78.3303 25.7111 8
      vertex 78.5 25.7 2
      vertex 78.3303 25.7111 2
    endloop
  endfacet
  facet normal 0.831688 0.555243 0
    outer loop
      vertex 77.4686 26.2086 8
      vertex 77.3742 26.35 2
      vertex 77.3742 26.35 8
    endloop
  endfacet
  facet normal 0.831688 0.555243 0
    outer loop
      vertex 77.3742 26.35 2
      vertex 77.4686 26.2086 8
      vertex 77.4686 26.2086 2
    endloop
  endfacet
  facet normal 0.980761 0.195211 0
    outer loop
      vertex 77.2443 26.6635 8
      vertex 77.2111 26.8303 2
      vertex 77.2111 26.8303 8
    endloop
  endfacet
  facet normal 0.980761 0.195211 0
    outer loop
      vertex 77.2111 26.8303 2
      vertex 77.2443 26.6635 8
      vertex 77.2443 26.6635 2
    endloop
  endfacet
  facet normal -0.997868 0.0652701 0
    outer loop
      vertex 79.7889 26.8303 2
      vertex 79.8 27 8
      vertex 79.8 27 2
    endloop
  endfacet
  facet normal -0.997868 0.0652701 0
    outer loop
      vertex 79.8 27 8
      vertex 79.7889 26.8303 2
      vertex 79.7889 26.8303 8
    endloop
  endfacet
  facet normal 0 0.946921 0.321467
    outer loop
      vertex -82.9 -4.59851 7.22847
      vertex -85.3 -4.68219 7.47496
      vertex -82.9 -4.68219 7.47496
    endloop
  endfacet
  facet normal 0 0.946921 0.321467
    outer loop
      vertex -85.3 -4.68219 7.47496
      vertex -82.9 -4.59851 7.22847
      vertex -85.3 -4.59851 7.22847
    endloop
  endfacet
  facet normal 0 0.997858 0.0654226
    outer loop
      vertex -82.9 -4.73297 7.73026
      vertex -85.3 -4.75 7.99001
      vertex -82.9 -4.75 7.99001
    endloop
  endfacet
  facet normal 0 0.997858 0.0654226
    outer loop
      vertex -85.3 -4.75 7.99001
      vertex -82.9 -4.73297 7.73026
      vertex -85.3 -4.73297 7.73026
    endloop
  endfacet
  facet normal 0 -0.980787 -0.195082
    outer loop
      vertex -85.3 4.73297 8.26974
      vertex -82.9 4.68219 8.52504
      vertex -85.3 4.68219 8.52504
    endloop
  endfacet
  facet normal 0 -0.980787 -0.195082
    outer loop
      vertex -82.9 4.68219 8.52504
      vertex -85.3 4.73297 8.26974
      vertex -82.9 4.73297 8.26974
    endloop
  endfacet
  facet normal 0 0.980787 0.195082
    outer loop
      vertex -82.9 -4.68219 7.47496
      vertex -85.3 -4.73297 7.73026
      vertex -82.9 -4.73297 7.73026
    endloop
  endfacet
  facet normal 0 0.980787 0.195082
    outer loop
      vertex -85.3 -4.73297 7.73026
      vertex -82.9 -4.68219 7.47496
      vertex -85.3 -4.68219 7.47496
    endloop
  endfacet
  facet normal -0 0.195082 0.980787
    outer loop
      vertex -85.3 -3.01974 6.01703
      vertex -82.9 -3.27504 6.06781
      vertex -82.9 -3.01974 6.01703
    endloop
  endfacet
  facet normal 0 0.195082 0.980787
    outer loop
      vertex -82.9 -3.27504 6.06781
      vertex -85.3 -3.01974 6.01703
      vertex -85.3 -3.27504 6.06781
    endloop
  endfacet
  facet normal 0 0.751812 -0.659377
    outer loop
      vertex -82.9 -4.33876 9.22144
      vertex -85.3 -4.16713 9.41713
      vertex -82.9 -4.16713 9.41713
    endloop
  endfacet
  facet normal 0 0.751812 -0.659377
    outer loop
      vertex -85.3 -4.16713 9.41713
      vertex -82.9 -4.33876 9.22144
      vertex -85.3 -4.33876 9.22144
    endloop
  endfacet
  facet normal -0 0.0654226 0.997858
    outer loop
      vertex -85.3 -2.75999 6
      vertex -82.9 -3.01974 6.01703
      vertex -82.9 -2.75999 6
    endloop
  endfacet
  facet normal 0 0.0654226 0.997858
    outer loop
      vertex -82.9 -3.01974 6.01703
      vertex -85.3 -2.75999 6
      vertex -85.3 -3.01974 6.01703
    endloop
  endfacet
  facet normal -0 0.659377 0.751812
    outer loop
      vertex -85.3 -3.97144 6.41124
      vertex -82.9 -4.16713 6.58287
      vertex -82.9 -3.97144 6.41124
    endloop
  endfacet
  facet normal 0 0.659377 0.751812
    outer loop
      vertex -82.9 -4.16713 6.58287
      vertex -85.3 -3.97144 6.41124
      vertex -85.3 -4.16713 6.58287
    endloop
  endfacet
  facet normal 0 0.946921 -0.321467
    outer loop
      vertex -82.9 -4.68219 8.52504
      vertex -85.3 -4.59851 8.77153
      vertex -82.9 -4.59851 8.77153
    endloop
  endfacet
  facet normal 0 0.946921 -0.321467
    outer loop
      vertex -85.3 -4.59851 8.77153
      vertex -82.9 -4.68219 8.52504
      vertex -85.3 -4.68219 8.52504
    endloop
  endfacet
  facet normal 0 -0.659377 -0.751812
    outer loop
      vertex -85.3 3.97144 9.58876
      vertex -82.9 4.16713 9.41713
      vertex -82.9 3.97144 9.58876
    endloop
  endfacet
  facet normal -0 -0.659377 -0.751812
    outer loop
      vertex -82.9 4.16713 9.41713
      vertex -85.3 3.97144 9.58876
      vertex -85.3 4.16713 9.41713
    endloop
  endfacet
  facet normal 0 0.555384 -0.831594
    outer loop
      vertex -85.3 -3.97144 9.58876
      vertex -82.9 -3.95461 9.6
      vertex -82.9 -3.97144 9.58876
    endloop
  endfacet
  facet normal 0 0.555384 -0.831594
    outer loop
      vertex -82.9 -3.95461 9.6
      vertex -85.3 -3.97144 9.58876
      vertex -85.3 -3.95461 9.6
    endloop
  endfacet
  facet normal 0 0.831483 -0.555551
    outer loop
      vertex -82.9 -4.48338 9.00499
      vertex -85.3 -4.33876 9.22144
      vertex -82.9 -4.33876 9.22144
    endloop
  endfacet
  facet normal 0 0.831483 -0.555551
    outer loop
      vertex -85.3 -4.33876 9.22144
      vertex -82.9 -4.48338 9.00499
      vertex -85.3 -4.48338 9.00499
    endloop
  endfacet
  facet normal -0 0 1
    outer loop
      vertex -85.3 2.75999 6
      vertex -82.9 -2.75999 6
      vertex -82.9 2.75999 6
    endloop
  endfacet
  facet normal 0 0 1
    outer loop
      vertex -82.9 -2.75999 6
      vertex -85.3 2.75999 6
      vertex -85.3 -2.75999 6
    endloop
  endfacet
  facet normal 0 0.997858 -0.0654226
    outer loop
      vertex -82.9 -4.75 8.00999
      vertex -85.3 -4.73297 8.26974
      vertex -82.9 -4.73297 8.26974
    endloop
  endfacet
  facet normal 0 0.997858 -0.0654226
    outer loop
      vertex -85.3 -4.73297 8.26974
      vertex -82.9 -4.75 8.00999
      vertex -85.3 -4.75 8.00999
    endloop
  endfacet
  facet normal 0 -0.831483 -0.555551
    outer loop
      vertex -85.3 4.48338 9.00499
      vertex -82.9 4.33876 9.22144
      vertex -85.3 4.33876 9.22144
    endloop
  endfacet
  facet normal 0 -0.831483 -0.555551
    outer loop
      vertex -82.9 4.33876 9.22144
      vertex -85.3 4.48338 9.00499
      vertex -82.9 4.48338 9.00499
    endloop
  endfacet
  facet normal 0 -0.751812 -0.659377
    outer loop
      vertex -85.3 4.33876 9.22144
      vertex -82.9 4.16713 9.41713
      vertex -85.3 4.16713 9.41713
    endloop
  endfacet
  facet normal 0 -0.751812 -0.659377
    outer loop
      vertex -82.9 4.16713 9.41713
      vertex -85.3 4.33876 9.22144
      vertex -82.9 4.33876 9.22144
    endloop
  endfacet
  facet normal 0 -0.555384 -0.831594
    outer loop
      vertex -85.3 3.95461 9.6
      vertex -82.9 3.97144 9.58876
      vertex -82.9 3.95461 9.6
    endloop
  endfacet
  facet normal -0 -0.555384 -0.831594
    outer loop
      vertex -82.9 3.97144 9.58876
      vertex -85.3 3.95461 9.6
      vertex -85.3 3.97144 9.58876
    endloop
  endfacet
  facet normal 0 0.659377 -0.751812
    outer loop
      vertex -85.3 -4.16713 9.41713
      vertex -82.9 -3.97144 9.58876
      vertex -82.9 -4.16713 9.41713
    endloop
  endfacet
  facet normal 0 0.659377 -0.751812
    outer loop
      vertex -82.9 -3.97144 9.58876
      vertex -85.3 -4.16713 9.41713
      vertex -85.3 -3.97144 9.58876
    endloop
  endfacet
  facet normal 0 0.896872 -0.44229
    outer loop
      vertex -82.9 -4.59851 8.77153
      vertex -85.3 -4.48338 9.00499
      vertex -82.9 -4.48338 9.00499
    endloop
  endfacet
  facet normal 0 0.896872 -0.44229
    outer loop
      vertex -85.3 -4.48338 9.00499
      vertex -82.9 -4.59851 8.77153
      vertex -85.3 -4.59851 8.77153
    endloop
  endfacet
  facet normal 0 0.980787 -0.195082
    outer loop
      vertex -82.9 -4.73297 8.26974
      vertex -85.3 -4.68219 8.52504
      vertex -82.9 -4.68219 8.52504
    endloop
  endfacet
  facet normal 0 0.980787 -0.195082
    outer loop
      vertex -85.3 -4.68219 8.52504
      vertex -82.9 -4.73297 8.26974
      vertex -85.3 -4.73297 8.26974
    endloop
  endfacet
  facet normal 0 1 -0
    outer loop
      vertex -82.9 -4.75 7.99001
      vertex -85.3 -4.75 8.00999
      vertex -82.9 -4.75 8.00999
    endloop
  endfacet
  facet normal 0 1 0
    outer loop
      vertex -85.3 -4.75 8.00999
      vertex -82.9 -4.75 7.99001
      vertex -85.3 -4.75 7.99001
    endloop
  endfacet
  facet normal 0 -0.195082 0.980787
    outer loop
      vertex -85.3 3.27504 6.06781
      vertex -82.9 3.01974 6.01703
      vertex -82.9 3.27504 6.06781
    endloop
  endfacet
  facet normal 0 -0.195082 0.980787
    outer loop
      vertex -82.9 3.01974 6.01703
      vertex -85.3 3.27504 6.06781
      vertex -85.3 3.01974 6.01703
    endloop
  endfacet
  facet normal 0 -0.44229 0.896872
    outer loop
      vertex -85.3 3.75499 6.26662
      vertex -82.9 3.52153 6.15149
      vertex -82.9 3.75499 6.26662
    endloop
  endfacet
  facet normal 0 -0.44229 0.896872
    outer loop
      vertex -82.9 3.52153 6.15149
      vertex -85.3 3.75499 6.26662
      vertex -85.3 3.52153 6.15149
    endloop
  endfacet
  facet normal 0 -0.831483 0.555551
    outer loop
      vertex -85.3 4.33876 6.77856
      vertex -82.9 4.48338 6.99501
      vertex -85.3 4.48338 6.99501
    endloop
  endfacet
  facet normal 0 -0.831483 0.555551
    outer loop
      vertex -82.9 4.48338 6.99501
      vertex -85.3 4.33876 6.77856
      vertex -82.9 4.33876 6.77856
    endloop
  endfacet
  facet normal 0 -0.659377 0.751812
    outer loop
      vertex -85.3 4.16713 6.58287
      vertex -82.9 3.97144 6.41124
      vertex -82.9 4.16713 6.58287
    endloop
  endfacet
  facet normal 0 -0.659377 0.751812
    outer loop
      vertex -82.9 3.97144 6.41124
      vertex -85.3 4.16713 6.58287
      vertex -85.3 3.97144 6.41124
    endloop
  endfacet
  facet normal 0 -0.896872 0.44229
    outer loop
      vertex -85.3 4.48338 6.99501
      vertex -82.9 4.59851 7.22847
      vertex -85.3 4.59851 7.22847
    endloop
  endfacet
  facet normal 0 -0.896872 0.44229
    outer loop
      vertex -82.9 4.59851 7.22847
      vertex -85.3 4.48338 6.99501
      vertex -82.9 4.48338 6.99501
    endloop
  endfacet
  facet normal 0 -0.980787 0.195082
    outer loop
      vertex -85.3 4.68219 7.47496
      vertex -82.9 4.73297 7.73026
      vertex -85.3 4.73297 7.73026
    endloop
  endfacet
  facet normal 0 -0.980787 0.195082
    outer loop
      vertex -82.9 4.73297 7.73026
      vertex -85.3 4.68219 7.47496
      vertex -82.9 4.68219 7.47496
    endloop
  endfacet
  facet normal 0 -0.997858 0.0654226
    outer loop
      vertex -85.3 4.73297 7.73026
      vertex -82.9 4.75 7.99001
      vertex -85.3 4.75 7.99001
    endloop
  endfacet
  facet normal 0 -0.997858 0.0654226
    outer loop
      vertex -82.9 4.75 7.99001
      vertex -85.3 4.73297 7.73026
      vertex -82.9 4.73297 7.73026
    endloop
  endfacet
  facet normal 0 -0.997858 -0.0654226
    outer loop
      vertex -85.3 4.75 8.00999
      vertex -82.9 4.73297 8.26974
      vertex -85.3 4.73297 8.26974
    endloop
  endfacet
  facet normal 0 -0.997858 -0.0654226
    outer loop
      vertex -82.9 4.73297 8.26974
      vertex -85.3 4.75 8.00999
      vertex -82.9 4.75 8.00999
    endloop
  endfacet
  facet normal 0 -0.0654226 0.997858
    outer loop
      vertex -85.3 3.01974 6.01703
      vertex -82.9 2.75999 6
      vertex -82.9 3.01974 6.01703
    endloop
  endfacet
  facet normal 0 -0.0654226 0.997858
    outer loop
      vertex -82.9 2.75999 6
      vertex -85.3 3.01974 6.01703
      vertex -85.3 2.75999 6
    endloop
  endfacet
  facet normal -0 0.555551 0.831483
    outer loop
      vertex -85.3 -3.75499 6.26662
      vertex -82.9 -3.97144 6.41124
      vertex -82.9 -3.75499 6.26662
    endloop
  endfacet
  facet normal 0 0.555551 0.831483
    outer loop
      vertex -82.9 -3.97144 6.41124
      vertex -85.3 -3.75499 6.26662
      vertex -85.3 -3.97144 6.41124
    endloop
  endfacet
  facet normal -0 0.321467 0.946921
    outer loop
      vertex -85.3 -3.27504 6.06781
      vertex -82.9 -3.52153 6.15149
      vertex -82.9 -3.27504 6.06781
    endloop
  endfacet
  facet normal 0 0.321467 0.946921
    outer loop
      vertex -82.9 -3.52153 6.15149
      vertex -85.3 -3.27504 6.06781
      vertex -85.3 -3.52153 6.15149
    endloop
  endfacet
  facet normal 0 0.751812 0.659377
    outer loop
      vertex -82.9 -4.16713 6.58287
      vertex -85.3 -4.33876 6.77856
      vertex -82.9 -4.33876 6.77856
    endloop
  endfacet
  facet normal 0 0.751812 0.659377
    outer loop
      vertex -85.3 -4.33876 6.77856
      vertex -82.9 -4.16713 6.58287
      vertex -85.3 -4.16713 6.58287
    endloop
  endfacet
  facet normal 0 0.896872 0.44229
    outer loop
      vertex -82.9 -4.48338 6.99501
      vertex -85.3 -4.59851 7.22847
      vertex -82.9 -4.59851 7.22847
    endloop
  endfacet
  facet normal 0 0.896872 0.44229
    outer loop
      vertex -85.3 -4.59851 7.22847
      vertex -82.9 -4.48338 6.99501
      vertex -85.3 -4.48338 6.99501
    endloop
  endfacet
  facet normal 0 -0.896872 -0.44229
    outer loop
      vertex -85.3 4.59851 8.77153
      vertex -82.9 4.48338 9.00499
      vertex -85.3 4.48338 9.00499
    endloop
  endfacet
  facet normal 0 -0.896872 -0.44229
    outer loop
      vertex -82.9 4.48338 9.00499
      vertex -85.3 4.59851 8.77153
      vertex -82.9 4.59851 8.77153
    endloop
  endfacet
  facet normal 0 -0.946921 -0.321467
    outer loop
      vertex -85.3 4.68219 8.52504
      vertex -82.9 4.59851 8.77153
      vertex -85.3 4.59851 8.77153
    endloop
  endfacet
  facet normal 0 -0.946921 -0.321467
    outer loop
      vertex -82.9 4.59851 8.77153
      vertex -85.3 4.68219 8.52504
      vertex -82.9 4.68219 8.52504
    endloop
  endfacet
  facet normal 0 -0.321467 0.946921
    outer loop
      vertex -85.3 3.52153 6.15149
      vertex -82.9 3.27504 6.06781
      vertex -82.9 3.52153 6.15149
    endloop
  endfacet
  facet normal 0 -0.321467 0.946921
    outer loop
      vertex -82.9 3.27504 6.06781
      vertex -85.3 3.52153 6.15149
      vertex -85.3 3.27504 6.06781
    endloop
  endfacet
  facet normal 0 -0.555551 0.831483
    outer loop
      vertex -85.3 3.97144 6.41124
      vertex -82.9 3.75499 6.26662
      vertex -82.9 3.97144 6.41124
    endloop
  endfacet
  facet normal 0 -0.555551 0.831483
    outer loop
      vertex -82.9 3.75499 6.26662
      vertex -85.3 3.97144 6.41124
      vertex -85.3 3.75499 6.26662
    endloop
  endfacet
  facet normal 0 -0.751812 0.659377
    outer loop
      vertex -85.3 4.16713 6.58287
      vertex -82.9 4.33876 6.77856
      vertex -85.3 4.33876 6.77856
    endloop
  endfacet
  facet normal 0 -0.751812 0.659377
    outer loop
      vertex -82.9 4.33876 6.77856
      vertex -85.3 4.16713 6.58287
      vertex -82.9 4.16713 6.58287
    endloop
  endfacet
  facet normal 0 -0.946921 0.321467
    outer loop
      vertex -85.3 4.59851 7.22847
      vertex -82.9 4.68219 7.47496
      vertex -85.3 4.68219 7.47496
    endloop
  endfacet
  facet normal 0 -0.946921 0.321467
    outer loop
      vertex -82.9 4.68219 7.47496
      vertex -85.3 4.59851 7.22847
      vertex -82.9 4.59851 7.22847
    endloop
  endfacet
  facet normal 0 -1 0
    outer loop
      vertex -85.3 4.75 7.99001
      vertex -82.9 4.75 8.00999
      vertex -85.3 4.75 8.00999
    endloop
  endfacet
  facet normal 0 -1 -0
    outer loop
      vertex -82.9 4.75 8.00999
      vertex -85.3 4.75 7.99001
      vertex -82.9 4.75 7.99001
    endloop
  endfacet
  facet normal -0 0.44229 0.896872
    outer loop
      vertex -85.3 -3.52153 6.15149
      vertex -82.9 -3.75499 6.26662
      vertex -82.9 -3.52153 6.15149
    endloop
  endfacet
  facet normal 0 0.44229 0.896872
    outer loop
      vertex -82.9 -3.75499 6.26662
      vertex -85.3 -3.52153 6.15149
      vertex -85.3 -3.75499 6.26662
    endloop
  endfacet
  facet normal 0 0.831483 0.555551
    outer loop
      vertex -82.9 -4.33876 6.77856
      vertex -85.3 -4.48338 6.99501
      vertex -82.9 -4.48338 6.99501
    endloop
  endfacet
  facet normal 0 0.831483 0.555551
    outer loop
      vertex -85.3 -4.48338 6.99501
      vertex -82.9 -4.33876 6.77856
      vertex -85.3 -4.33876 6.77856
    endloop
  endfacet
  facet normal 0 0.896846 0.442343
    outer loop
      vertex 85.3 -6.30037 7.24501
      vertex 82.9 -6.38658 7.4198
      vertex 85.3 -6.38658 7.4198
    endloop
  endfacet
  facet normal 0 0.896846 0.442343
    outer loop
      vertex 82.9 -6.38658 7.4198
      vertex 85.3 -6.30037 7.24501
      vertex 82.9 -6.30037 7.24501
    endloop
  endfacet
  facet normal -0 0.659365 0.751823
    outer loop
      vertex 82.9 -5.91705 6.80791
      vertex 85.3 -6.06358 6.93642
      vertex 85.3 -5.91705 6.80791
    endloop
  endfacet
  facet normal 0 0.659365 0.751823
    outer loop
      vertex 85.3 -6.06358 6.93642
      vertex 82.9 -5.91705 6.80791
      vertex 82.9 -6.06358 6.93642
    endloop
  endfacet
  facet normal -0 0.555552 0.831482
    outer loop
      vertex 82.9 -5.75499 6.69963
      vertex 85.3 -5.91705 6.80791
      vertex 85.3 -5.75499 6.69963
    endloop
  endfacet
  facet normal 0 0.555552 0.831482
    outer loop
      vertex 85.3 -5.91705 6.80791
      vertex 82.9 -5.75499 6.69963
      vertex 82.9 -5.91705 6.80791
    endloop
  endfacet
  facet normal 0 0.831482 0.555552
    outer loop
      vertex 85.3 -6.19209 7.08295
      vertex 82.9 -6.30037 7.24501
      vertex 85.3 -6.30037 7.24501
    endloop
  endfacet
  facet normal 0 0.831482 0.555552
    outer loop
      vertex 82.9 -6.30037 7.24501
      vertex 85.3 -6.19209 7.08295
      vertex 82.9 -6.19209 7.08295
    endloop
  endfacet
  facet normal 0 -0.751823 -0.659365
    outer loop
      vertex 82.9 6.19209 8.91705
      vertex 85.3 6.06358 9.06358
      vertex 82.9 6.06358 9.06358
    endloop
  endfacet
  facet normal 0 -0.751823 -0.659365
    outer loop
      vertex 85.3 6.06358 9.06358
      vertex 82.9 6.19209 8.91705
      vertex 85.3 6.19209 8.91705
    endloop
  endfacet
  facet normal 0 0.751823 0.659365
    outer loop
      vertex 85.3 -6.06358 6.93642
      vertex 82.9 -6.19209 7.08295
      vertex 85.3 -6.19209 7.08295
    endloop
  endfacet
  facet normal 0 0.751823 0.659365
    outer loop
      vertex 82.9 -6.19209 7.08295
      vertex 85.3 -6.06358 6.93642
      vertex 82.9 -6.06358 6.93642
    endloop
  endfacet
  facet normal 0 -0.19508 0.980787
    outer loop
      vertex 82.9 5.39563 6.55078
      vertex 85.3 5.20448 6.51276
      vertex 85.3 5.39563 6.55078
    endloop
  endfacet
  facet normal 0 -0.19508 0.980787
    outer loop
      vertex 85.3 5.20448 6.51276
      vertex 82.9 5.39563 6.55078
      vertex 82.9 5.20448 6.51276
    endloop
  endfacet
  facet normal 0 -0.19508 -0.980787
    outer loop
      vertex 82.9 5.20448 9.48724
      vertex 85.3 5.39563 9.44922
      vertex 85.3 5.20448 9.48724
    endloop
  endfacet
  facet normal -0 -0.19508 -0.980787
    outer loop
      vertex 85.3 5.39563 9.44922
      vertex 82.9 5.20448 9.48724
      vertex 82.9 5.39563 9.44922
    endloop
  endfacet
  facet normal 0 -0.0654667 -0.997855
    outer loop
      vertex 82.9 5.00999 9.5
      vertex 85.3 5.20448 9.48724
      vertex 85.3 5.00999 9.5
    endloop
  endfacet
  facet normal -0 -0.0654667 -0.997855
    outer loop
      vertex 85.3 5.20448 9.48724
      vertex 82.9 5.00999 9.5
      vertex 82.9 5.20448 9.48724
    endloop
  endfacet
  facet normal 0 0.980787 -0.19508
    outer loop
      vertex 85.3 -6.48724 8.20448
      vertex 82.9 -6.44922 8.39563
      vertex 85.3 -6.44922 8.39563
    endloop
  endfacet
  facet normal 0 0.980787 -0.19508
    outer loop
      vertex 82.9 -6.44922 8.39563
      vertex 85.3 -6.48724 8.20448
      vertex 82.9 -6.48724 8.20448
    endloop
  endfacet
  facet normal 0 0.0654667 -0.997855
    outer loop
      vertex 82.9 -5.20448 9.48724
      vertex 85.3 -5.00999 9.5
      vertex 85.3 -5.20448 9.48724
    endloop
  endfacet
  facet normal 0 0.0654667 -0.997855
    outer loop
      vertex 85.3 -5.00999 9.5
      vertex 82.9 -5.20448 9.48724
      vertex 82.9 -5.00999 9.5
    endloop
  endfacet
  facet normal -0 0 1
    outer loop
      vertex 82.9 5.00999 6.5
      vertex 85.3 -5.00999 6.5
      vertex 85.3 5.00999 6.5
    endloop
  endfacet
  facet normal 0 0 1
    outer loop
      vertex 85.3 -5.00999 6.5
      vertex 82.9 5.00999 6.5
      vertex 82.9 -5.00999 6.5
    endloop
  endfacet
  facet normal 0 0.896846 -0.442343
    outer loop
      vertex 85.3 -6.38658 8.5802
      vertex 82.9 -6.30037 8.75499
      vertex 85.3 -6.30037 8.75499
    endloop
  endfacet
  facet normal 0 0.896846 -0.442343
    outer loop
      vertex 82.9 -6.30037 8.75499
      vertex 85.3 -6.38658 8.5802
      vertex 82.9 -6.38658 8.5802
    endloop
  endfacet
  facet normal 0 0.321379 -0.946951
    outer loop
      vertex 82.9 -5.5802 9.38658
      vertex 85.3 -5.39563 9.44922
      vertex 85.3 -5.5802 9.38658
    endloop
  endfacet
  facet normal 0 0.321379 -0.946951
    outer loop
      vertex 85.3 -5.39563 9.44922
      vertex 82.9 -5.5802 9.38658
      vertex 82.9 -5.39563 9.44922
    endloop
  endfacet
  facet normal 0 0 -1
    outer loop
      vertex 82.9 -5.00999 9.5
      vertex 85.3 5.00999 9.5
      vertex 85.3 -5.00999 9.5
    endloop
  endfacet
  facet normal -0 0 -1
    outer loop
      vertex 85.3 5.00999 9.5
      vertex 82.9 -5.00999 9.5
      vertex 82.9 5.00999 9.5
    endloop
  endfacet
  facet normal 0 -0.442343 -0.896846
    outer loop
      vertex 82.9 5.5802 9.38658
      vertex 85.3 5.75499 9.30037
      vertex 85.3 5.5802 9.38658
    endloop
  endfacet
  facet normal -0 -0.442343 -0.896846
    outer loop
      vertex 85.3 5.75499 9.30037
      vertex 82.9 5.5802 9.38658
      vertex 82.9 5.75499 9.30037
    endloop
  endfacet
  facet normal 0 0.997855 -0.0654667
    outer loop
      vertex 85.3 -6.5 8.00999
      vertex 82.9 -6.48724 8.20448
      vertex 85.3 -6.48724 8.20448
    endloop
  endfacet
  facet normal 0 0.997855 -0.0654667
    outer loop
      vertex 82.9 -6.48724 8.20448
      vertex 85.3 -6.5 8.00999
      vertex 82.9 -6.5 8.00999
    endloop
  endfacet
  facet normal 0 0.946951 -0.321379
    outer loop
      vertex 85.3 -6.44922 8.39563
      vertex 82.9 -6.38658 8.5802
      vertex 85.3 -6.38658 8.5802
    endloop
  endfacet
  facet normal 0 0.946951 -0.321379
    outer loop
      vertex 82.9 -6.38658 8.5802
      vertex 85.3 -6.44922 8.39563
      vertex 82.9 -6.44922 8.39563
    endloop
  endfacet
  facet normal 0 1 -0
    outer loop
      vertex 85.3 -6.5 7.99001
      vertex 82.9 -6.5 8.00999
      vertex 85.3 -6.5 8.00999
    endloop
  endfacet
  facet normal 0 1 0
    outer loop
      vertex 82.9 -6.5 8.00999
      vertex 85.3 -6.5 7.99001
      vertex 82.9 -6.5 7.99001
    endloop
  endfacet
  facet normal 0 0.980787 0.19508
    outer loop
      vertex 85.3 -6.44922 7.60437
      vertex 82.9 -6.48724 7.79552
      vertex 85.3 -6.48724 7.79552
    endloop
  endfacet
  facet normal 0 0.980787 0.19508
    outer loop
      vertex 82.9 -6.48724 7.79552
      vertex 85.3 -6.44922 7.60437
      vertex 82.9 -6.44922 7.60437
    endloop
  endfacet
  facet normal 0 0.997855 0.0654667
    outer loop
      vertex 85.3 -6.48724 7.79552
      vertex 82.9 -6.5 7.99001
      vertex 85.3 -6.5 7.99001
    endloop
  endfacet
  facet normal 0 0.997855 0.0654667
    outer loop
      vertex 82.9 -6.5 7.99001
      vertex 85.3 -6.48724 7.79552
      vertex 82.9 -6.48724 7.79552
    endloop
  endfacet
  facet normal 0 0.946951 0.321379
    outer loop
      vertex 85.3 -6.38658 7.4198
      vertex 82.9 -6.44922 7.60437
      vertex 85.3 -6.44922 7.60437
    endloop
  endfacet
  facet normal 0 0.946951 0.321379
    outer loop
      vertex 82.9 -6.44922 7.60437
      vertex 85.3 -6.38658 7.4198
      vertex 82.9 -6.38658 7.4198
    endloop
  endfacet
  facet normal 0 0.555552 -0.831482
    outer loop
      vertex 82.9 -5.91705 9.19209
      vertex 85.3 -5.75499 9.30037
      vertex 85.3 -5.91705 9.19209
    endloop
  endfacet
  facet normal 0 0.555552 -0.831482
    outer loop
      vertex 85.3 -5.75499 9.30037
      vertex 82.9 -5.91705 9.19209
      vertex 82.9 -5.75499 9.30037
    endloop
  endfacet
  facet normal 0 -0.831482 -0.555552
    outer loop
      vertex 82.9 6.30037 8.75499
      vertex 85.3 6.19209 8.91705
      vertex 82.9 6.19209 8.91705
    endloop
  endfacet
  facet normal 0 -0.831482 -0.555552
    outer loop
      vertex 85.3 6.19209 8.91705
      vertex 82.9 6.30037 8.75499
      vertex 85.3 6.30037 8.75499
    endloop
  endfacet
  facet normal 0 -0.751823 0.659365
    outer loop
      vertex 82.9 6.06358 6.93642
      vertex 85.3 6.19209 7.08295
      vertex 82.9 6.19209 7.08295
    endloop
  endfacet
  facet normal 0 -0.751823 0.659365
    outer loop
      vertex 85.3 6.19209 7.08295
      vertex 82.9 6.06358 6.93642
      vertex 85.3 6.06358 6.93642
    endloop
  endfacet
  facet normal 0 -0.946951 0.321379
    outer loop
      vertex 82.9 6.38658 7.4198
      vertex 85.3 6.44922 7.60437
      vertex 82.9 6.44922 7.60437
    endloop
  endfacet
  facet normal 0 -0.946951 0.321379
    outer loop
      vertex 85.3 6.44922 7.60437
      vertex 82.9 6.38658 7.4198
      vertex 85.3 6.38658 7.4198
    endloop
  endfacet
  facet normal 0 -0.0654667 0.997855
    outer loop
      vertex 82.9 5.20448 6.51276
      vertex 85.3 5.00999 6.5
      vertex 85.3 5.20448 6.51276
    endloop
  endfacet
  facet normal 0 -0.0654667 0.997855
    outer loop
      vertex 85.3 5.00999 6.5
      vertex 82.9 5.20448 6.51276
      vertex 82.9 5.00999 6.5
    endloop
  endfacet
  facet normal 0 -0.659365 0.751823
    outer loop
      vertex 82.9 6.06358 6.93642
      vertex 85.3 5.91705 6.80791
      vertex 85.3 6.06358 6.93642
    endloop
  endfacet
  facet normal 0 -0.659365 0.751823
    outer loop
      vertex 85.3 5.91705 6.80791
      vertex 82.9 6.06358 6.93642
      vertex 82.9 5.91705 6.80791
    endloop
  endfacet
  facet normal 0 -0.321379 0.946951
    outer loop
      vertex 82.9 5.5802 6.61342
      vertex 85.3 5.39563 6.55078
      vertex 85.3 5.5802 6.61342
    endloop
  endfacet
  facet normal 0 -0.321379 0.946951
    outer loop
      vertex 85.3 5.39563 6.55078
      vertex 82.9 5.5802 6.61342
      vertex 82.9 5.39563 6.55078
    endloop
  endfacet
  facet normal 0 0.19508 -0.980787
    outer loop
      vertex 82.9 -5.39563 9.44922
      vertex 85.3 -5.20448 9.48724
      vertex 85.3 -5.39563 9.44922
    endloop
  endfacet
  facet normal 0 0.19508 -0.980787
    outer loop
      vertex 85.3 -5.20448 9.48724
      vertex 82.9 -5.39563 9.44922
      vertex 82.9 -5.20448 9.48724
    endloop
  endfacet
  facet normal 0 0.442343 -0.896846
    outer loop
      vertex 82.9 -5.75499 9.30037
      vertex 85.3 -5.5802 9.38658
      vertex 85.3 -5.75499 9.30037
    endloop
  endfacet
  facet normal 0 0.442343 -0.896846
    outer loop
      vertex 85.3 -5.5802 9.38658
      vertex 82.9 -5.75499 9.30037
      vertex 82.9 -5.5802 9.38658
    endloop
  endfacet
  facet normal 0 -0.980787 -0.19508
    outer loop
      vertex 82.9 6.48724 8.20448
      vertex 85.3 6.44922 8.39563
      vertex 82.9 6.44922 8.39563
    endloop
  endfacet
  facet normal 0 -0.980787 -0.19508
    outer loop
      vertex 85.3 6.44922 8.39563
      vertex 82.9 6.48724 8.20448
      vertex 85.3 6.48724 8.20448
    endloop
  endfacet
  facet normal 0 -0.896846 -0.442343
    outer loop
      vertex 82.9 6.38658 8.5802
      vertex 85.3 6.30037 8.75499
      vertex 82.9 6.30037 8.75499
    endloop
  endfacet
  facet normal 0 -0.896846 -0.442343
    outer loop
      vertex 85.3 6.30037 8.75499
      vertex 82.9 6.38658 8.5802
      vertex 85.3 6.38658 8.5802
    endloop
  endfacet
  facet normal 0 -0.946951 -0.321379
    outer loop
      vertex 82.9 6.44922 8.39563
      vertex 85.3 6.38658 8.5802
      vertex 82.9 6.38658 8.5802
    endloop
  endfacet
  facet normal 0 -0.946951 -0.321379
    outer loop
      vertex 85.3 6.38658 8.5802
      vertex 82.9 6.44922 8.39563
      vertex 85.3 6.44922 8.39563
    endloop
  endfacet
  facet normal 0 -0.980787 0.19508
    outer loop
      vertex 82.9 6.44922 7.60437
      vertex 85.3 6.48724 7.79552
      vertex 82.9 6.48724 7.79552
    endloop
  endfacet
  facet normal 0 -0.980787 0.19508
    outer loop
      vertex 85.3 6.48724 7.79552
      vertex 82.9 6.44922 7.60437
      vertex 85.3 6.44922 7.60437
    endloop
  endfacet
  facet normal 0 -0.831482 0.555552
    outer loop
      vertex 82.9 6.19209 7.08295
      vertex 85.3 6.30037 7.24501
      vertex 82.9 6.30037 7.24501
    endloop
  endfacet
  facet normal 0 -0.831482 0.555552
    outer loop
      vertex 85.3 6.30037 7.24501
      vertex 82.9 6.19209 7.08295
      vertex 85.3 6.19209 7.08295
    endloop
  endfacet
  facet normal -0 0.19508 0.980787
    outer loop
      vertex 82.9 -5.20448 6.51276
      vertex 85.3 -5.39563 6.55078
      vertex 85.3 -5.20448 6.51276
    endloop
  endfacet
  facet normal 0 0.19508 0.980787
    outer loop
      vertex 85.3 -5.39563 6.55078
      vertex 82.9 -5.20448 6.51276
      vertex 82.9 -5.39563 6.55078
    endloop
  endfacet
  facet normal -0 0.0654667 0.997855
    outer loop
      vertex 82.9 -5.00999 6.5
      vertex 85.3 -5.20448 6.51276
      vertex 85.3 -5.00999 6.5
    endloop
  endfacet
  facet normal 0 0.0654667 0.997855
    outer loop
      vertex 85.3 -5.20448 6.51276
      vertex 82.9 -5.00999 6.5
      vertex 82.9 -5.20448 6.51276
    endloop
  endfacet
  facet normal -0 0.442343 0.896846
    outer loop
      vertex 82.9 -5.5802 6.61342
      vertex 85.3 -5.75499 6.69963
      vertex 85.3 -5.5802 6.61342
    endloop
  endfacet
  facet normal 0 0.442343 0.896846
    outer loop
      vertex 85.3 -5.75499 6.69963
      vertex 82.9 -5.5802 6.61342
      vertex 82.9 -5.75499 6.69963
    endloop
  endfacet
  facet normal 0 -0.321379 -0.946951
    outer loop
      vertex 82.9 5.39563 9.44922
      vertex 85.3 5.5802 9.38658
      vertex 85.3 5.39563 9.44922
    endloop
  endfacet
  facet normal -0 -0.321379 -0.946951
    outer loop
      vertex 85.3 5.5802 9.38658
      vertex 82.9 5.39563 9.44922
      vertex 82.9 5.5802 9.38658
    endloop
  endfacet
  facet normal 0 -0.555552 -0.831482
    outer loop
      vertex 82.9 5.75499 9.30037
      vertex 85.3 5.91705 9.19209
      vertex 85.3 5.75499 9.30037
    endloop
  endfacet
  facet normal -0 -0.555552 -0.831482
    outer loop
      vertex 85.3 5.91705 9.19209
      vertex 82.9 5.75499 9.30037
      vertex 82.9 5.91705 9.19209
    endloop
  endfacet
  facet normal 0 -0.659365 -0.751823
    outer loop
      vertex 82.9 5.91705 9.19209
      vertex 85.3 6.06358 9.06358
      vertex 85.3 5.91705 9.19209
    endloop
  endfacet
  facet normal -0 -0.659365 -0.751823
    outer loop
      vertex 85.3 6.06358 9.06358
      vertex 82.9 5.91705 9.19209
      vertex 82.9 6.06358 9.06358
    endloop
  endfacet
  facet normal 0 0.831482 -0.555552
    outer loop
      vertex 85.3 -6.30037 8.75499
      vertex 82.9 -6.19209 8.91705
      vertex 85.3 -6.19209 8.91705
    endloop
  endfacet
  facet normal 0 0.831482 -0.555552
    outer loop
      vertex 82.9 -6.19209 8.91705
      vertex 85.3 -6.30037 8.75499
      vertex 82.9 -6.30037 8.75499
    endloop
  endfacet
  facet normal 0 0.751823 -0.659365
    outer loop
      vertex 85.3 -6.19209 8.91705
      vertex 82.9 -6.06358 9.06358
      vertex 85.3 -6.06358 9.06358
    endloop
  endfacet
  facet normal 0 0.751823 -0.659365
    outer loop
      vertex 82.9 -6.06358 9.06358
      vertex 85.3 -6.19209 8.91705
      vertex 82.9 -6.19209 8.91705
    endloop
  endfacet
  facet normal 0 0.659365 -0.751823
    outer loop
      vertex 82.9 -6.06358 9.06358
      vertex 85.3 -5.91705 9.19209
      vertex 85.3 -6.06358 9.06358
    endloop
  endfacet
  facet normal 0 0.659365 -0.751823
    outer loop
      vertex 85.3 -5.91705 9.19209
      vertex 82.9 -6.06358 9.06358
      vertex 82.9 -5.91705 9.19209
    endloop
  endfacet
  facet normal 0 -0.997855 -0.0654667
    outer loop
      vertex 82.9 6.5 8.00999
      vertex 85.3 6.48724 8.20448
      vertex 82.9 6.48724 8.20448
    endloop
  endfacet
  facet normal 0 -0.997855 -0.0654667
    outer loop
      vertex 85.3 6.48724 8.20448
      vertex 82.9 6.5 8.00999
      vertex 85.3 6.5 8.00999
    endloop
  endfacet
  facet normal -0 0.321379 0.946951
    outer loop
      vertex 82.9 -5.39563 6.55078
      vertex 85.3 -5.5802 6.61342
      vertex 85.3 -5.39563 6.55078
    endloop
  endfacet
  facet normal 0 0.321379 0.946951
    outer loop
      vertex 85.3 -5.5802 6.61342
      vertex 82.9 -5.39563 6.55078
      vertex 82.9 -5.5802 6.61342
    endloop
  endfacet
  facet normal 0 -0.555552 0.831482
    outer loop
      vertex 82.9 5.91705 6.80791
      vertex 85.3 5.75499 6.69963
      vertex 85.3 5.91705 6.80791
    endloop
  endfacet
  facet normal 0 -0.555552 0.831482
    outer loop
      vertex 85.3 5.75499 6.69963
      vertex 82.9 5.91705 6.80791
      vertex 82.9 5.75499 6.69963
    endloop
  endfacet
  facet normal 0 -0.442343 0.896846
    outer loop
      vertex 82.9 5.75499 6.69963
      vertex 85.3 5.5802 6.61342
      vertex 85.3 5.75499 6.69963
    endloop
  endfacet
  facet normal 0 -0.442343 0.896846
    outer loop
      vertex 85.3 5.5802 6.61342
      vertex 82.9 5.75499 6.69963
      vertex 82.9 5.5802 6.61342
    endloop
  endfacet
  facet normal 0 -1 0
    outer loop
      vertex 82.9 6.5 7.99001
      vertex 85.3 6.5 8.00999
      vertex 82.9 6.5 8.00999
    endloop
  endfacet
  facet normal 0 -1 -0
    outer loop
      vertex 85.3 6.5 8.00999
      vertex 82.9 6.5 7.99001
      vertex 85.3 6.5 7.99001
    endloop
  endfacet
  facet normal 0 -0.997855 0.0654667
    outer loop
      vertex 82.9 6.48724 7.79552
      vertex 85.3 6.5 7.99001
      vertex 82.9 6.5 7.99001
    endloop
  endfacet
  facet normal 0 -0.997855 0.0654667
    outer loop
      vertex 85.3 6.5 7.99001
      vertex 82.9 6.48724 7.79552
      vertex 85.3 6.48724 7.79552
    endloop
  endfacet
  facet normal 0 -0.896846 0.442343
    outer loop
      vertex 82.9 6.30037 7.24501
      vertex 85.3 6.38658 7.4198
      vertex 82.9 6.38658 7.4198
    endloop
  endfacet
  facet normal 0 -0.896846 0.442343
    outer loop
      vertex 85.3 6.38658 7.4198
      vertex 82.9 6.30037 7.24501
      vertex 85.3 6.30037 7.24501
    endloop
  endfacet
endsolid OpenSCAD_Model
