solid OpenSCAD_Model
  facet normal 0.322337 -0.946625 0
    outer loop
      vertex 82.2553 -31.1796 -3
      vertex 82.3296 -31.1543 0
      vertex 82.2553 -31.1796 0
    endloop
  endfacet
  facet normal 0.322337 -0.946625 0
    outer loop
      vertex 82.3296 -31.1543 0
      vertex 82.2553 -31.1796 -3
      vertex 82.3296 -31.1543 -3
    endloop
  endfacet
  facet normal 0.0649964 -0.997886 0
    outer loop
      vertex 82.1 -31.2 -3
      vertex 82.1783 -31.1949 0
      vertex 82.1 -31.2 0
    endloop
  endfacet
  facet normal 0.0649964 -0.997886 0
    outer loop
      vertex 82.1783 -31.1949 0
      vertex 82.1 -31.2 -3
      vertex 82.1783 -31.1949 -3
    endloop
  endfacet
  facet normal -0.194891 0.980825 0
    outer loop
      vertex -82.1783 31.1949 -3
      vertex -82.2553 31.1796 0
      vertex -82.1783 31.1949 0
    endloop
  endfacet
  facet normal -0.194891 0.980825 0
    outer loop
      vertex -82.2553 31.1796 0
      vertex -82.1783 31.1949 -3
      vertex -82.2553 31.1796 -3
    endloop
  endfacet
  facet normal 0.194891 -0.980825 0
    outer loop
      vertex 82.1783 -31.1949 -3
      vertex 82.2553 -31.1796 0
      vertex 82.1783 -31.1949 0
    endloop
  endfacet
  facet normal 0.194891 -0.980825 0
    outer loop
      vertex 82.2553 -31.1796 0
      vertex 82.1783 -31.1949 -3
      vertex 82.2553 -31.1796 -3
    endloop
  endfacet
  facet normal 0.44211 0.896961 -0
    outer loop
      vertex 82.4 31.1196 -3
      vertex 82.3296 31.1543 0
      vertex 82.4 31.1196 0
    endloop
  endfacet
  facet normal 0.44211 0.896961 0
    outer loop
      vertex 82.3296 31.1543 0
      vertex 82.4 31.1196 -3
      vertex 82.3296 31.1543 -3
    endloop
  endfacet
  facet normal -0.997886 0.0649964 0
    outer loop
      vertex -82.7 30.6 -3
      vertex -82.6949 30.6783 0
      vertex -82.6949 30.6783 -3
    endloop
  endfacet
  facet normal -0.997886 0.0649964 0
    outer loop
      vertex -82.6949 30.6783 0
      vertex -82.7 30.6 -3
      vertex -82.7 30.6 0
    endloop
  endfacet
  facet normal 0 0 -1
    outer loop
      vertex 82.6949 -30.6783 0
      vertex 85.3 -30.8 0
      vertex 85.2743 -31.1916 0
    endloop
  endfacet
  facet normal 0 0 -1
    outer loop
      vertex 85.3 -30.8 0
      vertex 82.7 -30.6 0
      vertex 85.3 30.8 0
    endloop
  endfacet
  facet normal 0 0 -1
    outer loop
      vertex 82.6796 -30.7553 0
      vertex 85.2743 -31.1916 0
      vertex 85.1978 -31.5764 0
    endloop
  endfacet
  facet normal 0 0 -1
    outer loop
      vertex 82.7 30.6 0
      vertex 85.3 30.8 0
      vertex 82.7 -30.6 0
    endloop
  endfacet
  facet normal 0 0 -1
    outer loop
      vertex 82.6543 -30.8296 0
      vertex 85.1978 -31.5764 0
      vertex 85.0716 -31.948 0
    endloop
  endfacet
  facet normal 0 0 -1
    outer loop
      vertex 82.6949 30.6783 0
      vertex 85.3 30.8 0
      vertex 82.7 30.6 0
    endloop
  endfacet
  facet normal 0 0 -1
    outer loop
      vertex 82.6196 -30.9 0
      vertex 85.0716 -31.948 0
      vertex 84.8981 -32.3 0
    endloop
  endfacet
  facet normal -0 0 -1
    outer loop
      vertex 85.3 30.8 0
      vertex 82.6949 30.6783 0
      vertex 85.2743 31.1916 0
    endloop
  endfacet
  facet normal 0 0 -1
    outer loop
      vertex 82.576 -30.9652 0
      vertex 84.8981 -32.3 0
      vertex 84.6801 -32.6263 0
    endloop
  endfacet
  facet normal 0 0 -1
    outer loop
      vertex 82.6796 30.7553 0
      vertex 85.2743 31.1916 0
      vertex 82.6949 30.6783 0
    endloop
  endfacet
  facet normal 0 0 -1
    outer loop
      vertex 82.5243 -31.0243 0
      vertex 84.6801 -32.6263 0
      vertex 84.4213 -32.9213 0
    endloop
  endfacet
  facet normal -0 0 -1
    outer loop
      vertex 85.2743 31.1916 0
      vertex 82.6796 30.7553 0
      vertex 85.1978 31.5764 0
    endloop
  endfacet
  facet normal 0 0 -1
    outer loop
      vertex 82.5243 -31.0243 0
      vertex 84.4213 -32.9213 0
      vertex 84.1263 -33.1801 0
    endloop
  endfacet
  facet normal 0 0 -1
    outer loop
      vertex 82.6543 30.8296 0
      vertex 85.1978 31.5764 0
      vertex 82.6796 30.7553 0
    endloop
  endfacet
  facet normal 0 0 -1
    outer loop
      vertex 82.4652 -31.076 0
      vertex 84.1263 -33.1801 0
      vertex 83.8 -33.3981 0
    endloop
  endfacet
  facet normal -0 0 -1
    outer loop
      vertex 85.1978 31.5764 0
      vertex 82.6543 30.8296 0
      vertex 85.0716 31.948 0
    endloop
  endfacet
  facet normal 0 0 -1
    outer loop
      vertex 82.4 -31.1196 0
      vertex 83.8 -33.3981 0
      vertex 83.448 -33.5716 0
    endloop
  endfacet
  facet normal 0 0 -1
    outer loop
      vertex 82.6196 30.9 0
      vertex 85.0716 31.948 0
      vertex 82.6543 30.8296 0
    endloop
  endfacet
  facet normal 0 0 -1
    outer loop
      vertex 82.3296 -31.1543 0
      vertex 83.448 -33.5716 0
      vertex 83.0764 -33.6978 0
    endloop
  endfacet
  facet normal -0 0 -1
    outer loop
      vertex 85.0716 31.948 0
      vertex 82.6196 30.9 0
      vertex 84.8981 32.3 0
    endloop
  endfacet
  facet normal 0 0 -1
    outer loop
      vertex 82.576 30.9652 0
      vertex 84.8981 32.3 0
      vertex 82.6196 30.9 0
    endloop
  endfacet
  facet normal 0 0 -1
    outer loop
      vertex 85.3 -30.8 0
      vertex 82.6949 -30.6783 0
      vertex 82.7 -30.6 0
    endloop
  endfacet
  facet normal 0 0 -1
    outer loop
      vertex 82.2553 -31.1796 0
      vertex 83.0764 -33.6978 0
      vertex 82.6916 -33.7743 0
    endloop
  endfacet
  facet normal 0 0 -1
    outer loop
      vertex 85.2743 -31.1916 0
      vertex 82.6796 -30.7553 0
      vertex 82.6949 -30.6783 0
    endloop
  endfacet
  facet normal 0 0 -1
    outer loop
      vertex 85.1978 -31.5764 0
      vertex 82.6543 -30.8296 0
      vertex 82.6796 -30.7553 0
    endloop
  endfacet
  facet normal 0 0 -1
    outer loop
      vertex 85.0716 -31.948 0
      vertex 82.6196 -30.9 0
      vertex 82.6543 -30.8296 0
    endloop
  endfacet
  facet normal 0 0 -1
    outer loop
      vertex 84.8981 -32.3 0
      vertex 82.576 -30.9652 0
      vertex 82.6196 -30.9 0
    endloop
  endfacet
  facet normal 0 0 -1
    outer loop
      vertex 84.6801 -32.6263 0
      vertex 82.5243 -31.0243 0
      vertex 82.576 -30.9652 0
    endloop
  endfacet
  facet normal 0 0 -1
    outer loop
      vertex 84.1263 -33.1801 0
      vertex 82.4652 -31.076 0
      vertex 82.5243 -31.0243 0
    endloop
  endfacet
  facet normal 0 0 -1
    outer loop
      vertex 83.8 -33.3981 0
      vertex 82.4 -31.1196 0
      vertex 82.4652 -31.076 0
    endloop
  endfacet
  facet normal 0 0 -1
    outer loop
      vertex 83.448 -33.5716 0
      vertex 82.3296 -31.1543 0
      vertex 82.4 -31.1196 0
    endloop
  endfacet
  facet normal 0 0 -1
    outer loop
      vertex 82.1783 -31.1949 0
      vertex 82.6916 -33.7743 0
      vertex 82.3 -33.8 0
    endloop
  endfacet
  facet normal 0 0 -1
    outer loop
      vertex 83.0764 -33.6978 0
      vertex 82.2553 -31.1796 0
      vertex 82.3296 -31.1543 0
    endloop
  endfacet
  facet normal 0 0 -1
    outer loop
      vertex 82.6916 -33.7743 0
      vertex 82.1783 -31.1949 0
      vertex 82.2553 -31.1796 0
    endloop
  endfacet
  facet normal 0 0 -1
    outer loop
      vertex 82.3 -33.8 0
      vertex 82.1 -31.2 0
      vertex 82.1783 -31.1949 0
    endloop
  endfacet
  facet normal 0 0 -1
    outer loop
      vertex 82.3 -33.8 0
      vertex -82.1 -31.2 0
      vertex 82.1 -31.2 0
    endloop
  endfacet
  facet normal 0 0 -1
    outer loop
      vertex -82.3 -33.8 0
      vertex -82.1 -31.2 0
      vertex 82.3 -33.8 0
    endloop
  endfacet
  facet normal 0 0 -1
    outer loop
      vertex -82.3 -33.8 0
      vertex -82.1783 -31.1949 0
      vertex -82.1 -31.2 0
    endloop
  endfacet
  facet normal 0 0 -1
    outer loop
      vertex -82.6916 -33.7743 0
      vertex -82.1783 -31.1949 0
      vertex -82.3 -33.8 0
    endloop
  endfacet
  facet normal -0 0 -1
    outer loop
      vertex -82.1783 -31.1949 0
      vertex -82.6916 -33.7743 0
      vertex -82.2553 -31.1796 0
    endloop
  endfacet
  facet normal 0 0 -1
    outer loop
      vertex -83.0764 -33.6978 0
      vertex -82.2553 -31.1796 0
      vertex -82.6916 -33.7743 0
    endloop
  endfacet
  facet normal -0 0 -1
    outer loop
      vertex -82.2553 -31.1796 0
      vertex -83.0764 -33.6978 0
      vertex -82.3296 -31.1543 0
    endloop
  endfacet
  facet normal 0 0 -1
    outer loop
      vertex -83.448 -33.5716 0
      vertex -82.3296 -31.1543 0
      vertex -83.0764 -33.6978 0
    endloop
  endfacet
  facet normal -0 0 -1
    outer loop
      vertex -82.3296 -31.1543 0
      vertex -83.448 -33.5716 0
      vertex -82.4 -31.1196 0
    endloop
  endfacet
  facet normal 0 0 -1
    outer loop
      vertex -83.8 -33.3981 0
      vertex -82.4 -31.1196 0
      vertex -83.448 -33.5716 0
    endloop
  endfacet
  facet normal -0 0 -1
    outer loop
      vertex -82.4 -31.1196 0
      vertex -83.8 -33.3981 0
      vertex -82.4652 -31.076 0
    endloop
  endfacet
  facet normal 0 0 -1
    outer loop
      vertex -84.1263 -33.1801 0
      vertex -82.4652 -31.076 0
      vertex -83.8 -33.3981 0
    endloop
  endfacet
  facet normal -0 0 -1
    outer loop
      vertex -82.4652 -31.076 0
      vertex -84.1263 -33.1801 0
      vertex -82.5243 -31.0243 0
    endloop
  endfacet
  facet normal 0 0 -1
    outer loop
      vertex -84.4213 -32.9213 0
      vertex -82.5243 -31.0243 0
      vertex -84.1263 -33.1801 0
    endloop
  endfacet
  facet normal 0 0 -1
    outer loop
      vertex -84.6801 -32.6263 0
      vertex -82.5243 -31.0243 0
      vertex -84.4213 -32.9213 0
    endloop
  endfacet
  facet normal 0 0 -1
    outer loop
      vertex -84.8981 -32.3 0
      vertex -82.576 -30.9652 0
      vertex -84.6801 -32.6263 0
    endloop
  endfacet
  facet normal -0 0 -1
    outer loop
      vertex -82.5243 -31.0243 0
      vertex -84.6801 -32.6263 0
      vertex -82.576 -30.9652 0
    endloop
  endfacet
  facet normal -0 0 -1
    outer loop
      vertex 84.8981 32.3 0
      vertex 82.576 30.9652 0
      vertex 84.6801 32.6263 0
    endloop
  endfacet
  facet normal 0 0 -1
    outer loop
      vertex 82.5243 31.0243 0
      vertex 84.6801 32.6263 0
      vertex 82.576 30.9652 0
    endloop
  endfacet
  facet normal -0 0 -1
    outer loop
      vertex 84.6801 32.6263 0
      vertex 82.5243 31.0243 0
      vertex 84.4213 32.9213 0
    endloop
  endfacet
  facet normal -0 0 -1
    outer loop
      vertex 84.4213 32.9213 0
      vertex 82.5243 31.0243 0
      vertex 84.1263 33.1801 0
    endloop
  endfacet
  facet normal 0 0 -1
    outer loop
      vertex 82.4652 31.076 0
      vertex 84.1263 33.1801 0
      vertex 82.5243 31.0243 0
    endloop
  endfacet
  facet normal -0 0 -1
    outer loop
      vertex 84.1263 33.1801 0
      vertex 82.4652 31.076 0
      vertex 83.8 33.3981 0
    endloop
  endfacet
  facet normal 0 0 -1
    outer loop
      vertex 82.4 31.1196 0
      vertex 83.8 33.3981 0
      vertex 82.4652 31.076 0
    endloop
  endfacet
  facet normal -0 0 -1
    outer loop
      vertex 83.8 33.3981 0
      vertex 82.4 31.1196 0
      vertex 83.448 33.5716 0
    endloop
  endfacet
  facet normal 0 0 -1
    outer loop
      vertex 82.3296 31.1543 0
      vertex 83.448 33.5716 0
      vertex 82.4 31.1196 0
    endloop
  endfacet
  facet normal -0 0 -1
    outer loop
      vertex 83.448 33.5716 0
      vertex 82.3296 31.1543 0
      vertex 83.0764 33.6978 0
    endloop
  endfacet
  facet normal 0 0 -1
    outer loop
      vertex 82.2553 31.1796 0
      vertex 83.0764 33.6978 0
      vertex 82.3296 31.1543 0
    endloop
  endfacet
  facet normal -0 0 -1
    outer loop
      vertex 83.0764 33.6978 0
      vertex 82.2553 31.1796 0
      vertex 82.6916 33.7743 0
    endloop
  endfacet
  facet normal 0 0 -1
    outer loop
      vertex 82.1783 31.1949 0
      vertex 82.6916 33.7743 0
      vertex 82.2553 31.1796 0
    endloop
  endfacet
  facet normal -0 0 -1
    outer loop
      vertex 82.6916 33.7743 0
      vertex 82.1783 31.1949 0
      vertex 82.3 33.8 0
    endloop
  endfacet
  facet normal 0 0 -1
    outer loop
      vertex 82.1 31.2 0
      vertex 82.3 33.8 0
      vertex 82.1783 31.1949 0
    endloop
  endfacet
  facet normal 0 0 -1
    outer loop
      vertex -82.1 31.2 0
      vertex 82.3 33.8 0
      vertex 82.1 31.2 0
    endloop
  endfacet
  facet normal 0 0 -1
    outer loop
      vertex -82.1 31.2 0
      vertex -82.3 33.8 0
      vertex 82.3 33.8 0
    endloop
  endfacet
  facet normal 0 0 -1
    outer loop
      vertex -82.1783 31.1949 0
      vertex -82.3 33.8 0
      vertex -82.1 31.2 0
    endloop
  endfacet
  facet normal 0 0 -1
    outer loop
      vertex -82.6916 33.7743 0
      vertex -82.1783 31.1949 0
      vertex -82.2553 31.1796 0
    endloop
  endfacet
  facet normal 0 0 -1
    outer loop
      vertex -83.0764 33.6978 0
      vertex -82.2553 31.1796 0
      vertex -82.3296 31.1543 0
    endloop
  endfacet
  facet normal 0 0 -1
    outer loop
      vertex -83.448 33.5716 0
      vertex -82.3296 31.1543 0
      vertex -82.4 31.1196 0
    endloop
  endfacet
  facet normal 0 0 -1
    outer loop
      vertex -83.8 33.3981 0
      vertex -82.4 31.1196 0
      vertex -82.4652 31.076 0
    endloop
  endfacet
  facet normal 0 0 -1
    outer loop
      vertex -84.1263 33.1801 0
      vertex -82.4652 31.076 0
      vertex -82.5243 31.0243 0
    endloop
  endfacet
  facet normal 0 0 -1
    outer loop
      vertex -84.6801 32.6263 0
      vertex -82.5243 31.0243 0
      vertex -82.576 30.9652 0
    endloop
  endfacet
  facet normal 0 0 -1
    outer loop
      vertex -84.8981 32.3 0
      vertex -82.576 30.9652 0
      vertex -82.6196 30.9 0
    endloop
  endfacet
  facet normal 0 0 -1
    outer loop
      vertex -85.0716 31.948 0
      vertex -82.6196 30.9 0
      vertex -82.6543 30.8296 0
    endloop
  endfacet
  facet normal 0 0 -1
    outer loop
      vertex -85.1978 31.5764 0
      vertex -82.6543 30.8296 0
      vertex -82.6796 30.7553 0
    endloop
  endfacet
  facet normal 0 0 -1
    outer loop
      vertex -82.1783 31.1949 0
      vertex -82.6916 33.7743 0
      vertex -82.3 33.8 0
    endloop
  endfacet
  facet normal 0 0 -1
    outer loop
      vertex -85.2743 31.1916 0
      vertex -82.6796 30.7553 0
      vertex -82.6949 30.6783 0
    endloop
  endfacet
  facet normal 0 0 -1
    outer loop
      vertex -85.3 30.8 0
      vertex -82.6949 30.6783 0
      vertex -82.7 30.6 0
    endloop
  endfacet
  facet normal -0 0 -1
    outer loop
      vertex -82.7 -30.6 0
      vertex -85.3 -30.8 0
      vertex -82.7 30.6 0
    endloop
  endfacet
  facet normal 0 0 -1
    outer loop
      vertex -85.3 30.8 0
      vertex -82.7 30.6 0
      vertex -85.3 -30.8 0
    endloop
  endfacet
  facet normal -0 0 -1
    outer loop
      vertex -82.576 -30.9652 0
      vertex -84.8981 -32.3 0
      vertex -82.6196 -30.9 0
    endloop
  endfacet
  facet normal 0 0 -1
    outer loop
      vertex -82.6949 30.6783 0
      vertex -85.3 30.8 0
      vertex -85.2743 31.1916 0
    endloop
  endfacet
  facet normal 0 0 -1
    outer loop
      vertex -85.0716 -31.948 0
      vertex -82.6196 -30.9 0
      vertex -84.8981 -32.3 0
    endloop
  endfacet
  facet normal 0 0 -1
    outer loop
      vertex -82.2553 31.1796 0
      vertex -83.0764 33.6978 0
      vertex -82.6916 33.7743 0
    endloop
  endfacet
  facet normal -0 0 -1
    outer loop
      vertex -82.6196 -30.9 0
      vertex -85.0716 -31.948 0
      vertex -82.6543 -30.8296 0
    endloop
  endfacet
  facet normal 0 0 -1
    outer loop
      vertex -82.3296 31.1543 0
      vertex -83.448 33.5716 0
      vertex -83.0764 33.6978 0
    endloop
  endfacet
  facet normal 0 0 -1
    outer loop
      vertex -85.1978 -31.5764 0
      vertex -82.6543 -30.8296 0
      vertex -85.0716 -31.948 0
    endloop
  endfacet
  facet normal 0 0 -1
    outer loop
      vertex -82.4 31.1196 0
      vertex -83.8 33.3981 0
      vertex -83.448 33.5716 0
    endloop
  endfacet
  facet normal -0 0 -1
    outer loop
      vertex -82.6543 -30.8296 0
      vertex -85.1978 -31.5764 0
      vertex -82.6796 -30.7553 0
    endloop
  endfacet
  facet normal 0 0 -1
    outer loop
      vertex -82.4652 31.076 0
      vertex -84.1263 33.1801 0
      vertex -83.8 33.3981 0
    endloop
  endfacet
  facet normal 0 0 -1
    outer loop
      vertex -85.2743 -31.1916 0
      vertex -82.6796 -30.7553 0
      vertex -85.1978 -31.5764 0
    endloop
  endfacet
  facet normal 0 0 -1
    outer loop
      vertex -82.5243 31.0243 0
      vertex -84.4213 32.9213 0
      vertex -84.1263 33.1801 0
    endloop
  endfacet
  facet normal -0 0 -1
    outer loop
      vertex -82.6796 -30.7553 0
      vertex -85.2743 -31.1916 0
      vertex -82.6949 -30.6783 0
    endloop
  endfacet
  facet normal 0 0 -1
    outer loop
      vertex -82.5243 31.0243 0
      vertex -84.6801 32.6263 0
      vertex -84.4213 32.9213 0
    endloop
  endfacet
  facet normal 0 0 -1
    outer loop
      vertex -85.3 -30.8 0
      vertex -82.6949 -30.6783 0
      vertex -85.2743 -31.1916 0
    endloop
  endfacet
  facet normal 0 0 -1
    outer loop
      vertex -82.576 30.9652 0
      vertex -84.8981 32.3 0
      vertex -84.6801 32.6263 0
    endloop
  endfacet
  facet normal -0 0 -1
    outer loop
      vertex -82.6949 -30.6783 0
      vertex -85.3 -30.8 0
      vertex -82.7 -30.6 0
    endloop
  endfacet
  facet normal 0 0 -1
    outer loop
      vertex -82.6196 30.9 0
      vertex -85.0716 31.948 0
      vertex -84.8981 32.3 0
    endloop
  endfacet
  facet normal 0 0 -1
    outer loop
      vertex -82.6543 30.8296 0
      vertex -85.1978 31.5764 0
      vertex -85.0716 31.948 0
    endloop
  endfacet
  facet normal 0 0 -1
    outer loop
      vertex -82.6796 30.7553 0
      vertex -85.2743 31.1916 0
      vertex -85.1978 31.5764 0
    endloop
  endfacet
  facet normal 0 0 -1
    outer loop
      vertex 80.2 -28.8 0
      vertex 80.3 -28.7 0
      vertex 80.2991 -28.713 0
    endloop
  endfacet
  facet normal 0 0 -1
    outer loop
      vertex 80.3 -28.7 0
      vertex 74 0 0
      vertex 80.3 28.7 0
    endloop
  endfacet
  facet normal 0 0 -1
    outer loop
      vertex 80.2 -28.8 0
      vertex 80.2991 -28.713 0
      vertex 80.2966 -28.7259 0
    endloop
  endfacet
  facet normal 0 0 -1
    outer loop
      vertex 73.9658 0.522104 0
      vertex 80.3 28.7 0
      vertex 74 0 0
    endloop
  endfacet
  facet normal 0 0 -1
    outer loop
      vertex 80.2 -28.8 0
      vertex 80.2966 -28.7259 0
      vertex 80.2924 -28.7383 0
    endloop
  endfacet
  facet normal 0 0 -1
    outer loop
      vertex 73.8637 1.03528 0
      vertex 80.3 28.7 0
      vertex 73.9658 0.522104 0
    endloop
  endfacet
  facet normal 0 0 -1
    outer loop
      vertex 80.2 -28.8 0
      vertex 80.2924 -28.7383 0
      vertex 80.2866 -28.75 0
    endloop
  endfacet
  facet normal 0 0 -1
    outer loop
      vertex 73.6955 1.53073 0
      vertex 80.3 28.7 0
      vertex 73.8637 1.03528 0
    endloop
  endfacet
  facet normal 0 0 -1
    outer loop
      vertex 80.2 -28.8 0
      vertex 80.2866 -28.75 0
      vertex 80.2793 -28.7609 0
    endloop
  endfacet
  facet normal 0 0 -1
    outer loop
      vertex 73.4641 2 0
      vertex 80.3 28.7 0
      vertex 73.6955 1.53073 0
    endloop
  endfacet
  facet normal 0 0 -1
    outer loop
      vertex 80.2 -28.8 0
      vertex 80.2793 -28.7609 0
      vertex 80.2707 -28.7707 0
    endloop
  endfacet
  facet normal 0 0 -1
    outer loop
      vertex 73.1734 2.43505 0
      vertex 80.3 28.7 0
      vertex 73.4641 2 0
    endloop
  endfacet
  facet normal 0 0 -1
    outer loop
      vertex 80.2 -28.8 0
      vertex 80.2707 -28.7707 0
      vertex 80.2609 -28.7793 0
    endloop
  endfacet
  facet normal 0 0 -1
    outer loop
      vertex 72.8284 2.82843 0
      vertex 80.3 28.7 0
      vertex 73.1734 2.43505 0
    endloop
  endfacet
  facet normal 0 0 -1
    outer loop
      vertex 80.2 -28.8 0
      vertex 80.2609 -28.7793 0
      vertex 80.25 -28.7866 0
    endloop
  endfacet
  facet normal 0 0 -1
    outer loop
      vertex 72.435 3.17341 0
      vertex 80.3 28.7 0
      vertex 72.8284 2.82843 0
    endloop
  endfacet
  facet normal 0 0 -1
    outer loop
      vertex 80.2 -28.8 0
      vertex 80.25 -28.7866 0
      vertex 80.2383 -28.7924 0
    endloop
  endfacet
  facet normal 0 0 -1
    outer loop
      vertex 72 3.4641 0
      vertex 80.3 28.7 0
      vertex 72.435 3.17341 0
    endloop
  endfacet
  facet normal 0 0 -1
    outer loop
      vertex 80.2 -28.8 0
      vertex 80.2383 -28.7924 0
      vertex 80.2259 -28.7966 0
    endloop
  endfacet
  facet normal 0 0 -1
    outer loop
      vertex 71.5307 3.69552 0
      vertex 80.3 28.7 0
      vertex 72 3.4641 0
    endloop
  endfacet
  facet normal 0 0 -1
    outer loop
      vertex 80.2 -28.8 0
      vertex 80.2259 -28.7966 0
      vertex 80.213 -28.7991 0
    endloop
  endfacet
  facet normal 0 0 -1
    outer loop
      vertex 71.0353 3.8637 0
      vertex 80.3 28.7 0
      vertex 71.5307 3.69552 0
    endloop
  endfacet
  facet normal 0 0 -1
    outer loop
      vertex 59.3659 -16.6588 0
      vertex 80.3 -28.7 0
      vertex 80.2 -28.8 0
    endloop
  endfacet
  facet normal 0 0 -1
    outer loop
      vertex 70.5221 3.96578 0
      vertex 80.3 28.7 0
      vertex 71.0353 3.8637 0
    endloop
  endfacet
  facet normal 0 0 -1
    outer loop
      vertex 70 4 0
      vertex 80.3 28.7 0
      vertex 70.5221 3.96578 0
    endloop
  endfacet
  facet normal 0 0 -1
    outer loop
      vertex 80.3 -28.7 0
      vertex 73.9658 -0.522104 0
      vertex 74 0 0
    endloop
  endfacet
  facet normal 0 0 -1
    outer loop
      vertex 80.3 -28.7 0
      vertex 73.8637 -1.03528 0
      vertex 73.9658 -0.522104 0
    endloop
  endfacet
  facet normal 0 0 -1
    outer loop
      vertex 80.3 -28.7 0
      vertex 73.6955 -1.53073 0
      vertex 73.8637 -1.03528 0
    endloop
  endfacet
  facet normal 0 0 -1
    outer loop
      vertex 80.3 -28.7 0
      vertex 73.4641 -2 0
      vertex 73.6955 -1.53073 0
    endloop
  endfacet
  facet normal 0 0 -1
    outer loop
      vertex 80.3 -28.7 0
      vertex 73.1734 -2.43505 0
      vertex 73.4641 -2 0
    endloop
  endfacet
  facet normal 0 0 -1
    outer loop
      vertex 80.3 -28.7 0
      vertex 72.8284 -2.82843 0
      vertex 73.1734 -2.43505 0
    endloop
  endfacet
  facet normal 0 0 -1
    outer loop
      vertex 80.3 -28.7 0
      vertex 72.435 -3.17341 0
      vertex 72.8284 -2.82843 0
    endloop
  endfacet
  facet normal 0 0 -1
    outer loop
      vertex 80.3 -28.7 0
      vertex 72 -3.4641 0
      vertex 72.435 -3.17341 0
    endloop
  endfacet
  facet normal 0 0 -1
    outer loop
      vertex 80.3 -28.7 0
      vertex 71.5307 -3.69552 0
      vertex 72 -3.4641 0
    endloop
  endfacet
  facet normal 0 0 -1
    outer loop
      vertex 80.3 -28.7 0
      vertex 71.0353 -3.8637 0
      vertex 71.5307 -3.69552 0
    endloop
  endfacet
  facet normal 0 0 -1
    outer loop
      vertex 80.3 -28.7 0
      vertex 70.5221 -3.96578 0
      vertex 71.0353 -3.8637 0
    endloop
  endfacet
  facet normal 0 0 -1
    outer loop
      vertex 80.3 -28.7 0
      vertex 59.4 -16.4 0
      vertex 70.5221 -3.96578 0
    endloop
  endfacet
  facet normal 0 0 -1
    outer loop
      vertex 70.5221 -3.96578 0
      vertex 59.4 -16.4 0
      vertex 70 -4 0
    endloop
  endfacet
  facet normal -0 0 -1
    outer loop
      vertex 70 -4 0
      vertex 59.4 -16.4 0
      vertex 69.4779 -3.96578 0
    endloop
  endfacet
  facet normal -0 0 -1
    outer loop
      vertex 69.4779 -3.96578 0
      vertex 59.4 -16.4 0
      vertex 68.9647 -3.8637 0
    endloop
  endfacet
  facet normal -0 0 -1
    outer loop
      vertex 68.9647 -3.8637 0
      vertex 59.4 -16.4 0
      vertex 68.4693 -3.69552 0
    endloop
  endfacet
  facet normal -0 0 -1
    outer loop
      vertex 68.4693 -3.69552 0
      vertex 59.4 -16.4 0
      vertex 68 -3.4641 0
    endloop
  endfacet
  facet normal -0 0 -1
    outer loop
      vertex 68 -3.4641 0
      vertex 59.4 -16.4 0
      vertex 67.565 -3.17341 0
    endloop
  endfacet
  facet normal -0 0 -1
    outer loop
      vertex 67.565 -3.17341 0
      vertex 59.4 -16.4 0
      vertex 67.1716 -2.82843 0
    endloop
  endfacet
  facet normal -0 0 -1
    outer loop
      vertex 67.1716 -2.82843 0
      vertex 59.4 -16.4 0
      vertex 66.8266 -2.43505 0
    endloop
  endfacet
  facet normal -0 0 -1
    outer loop
      vertex 66.0342 -0.522104 0
      vertex 59.4 -16.4 0
      vertex 66 0 0
    endloop
  endfacet
  facet normal -0 0 -1
    outer loop
      vertex 66.1363 -1.03528 0
      vertex 59.4 -16.4 0
      vertex 66.0342 -0.522104 0
    endloop
  endfacet
  facet normal -0 0 -1
    outer loop
      vertex 66.3045 -1.53073 0
      vertex 59.4 -16.4 0
      vertex 66.1363 -1.03528 0
    endloop
  endfacet
  facet normal -0 0 -1
    outer loop
      vertex 66.5359 -2 0
      vertex 59.4 -16.4 0
      vertex 66.3045 -1.53073 0
    endloop
  endfacet
  facet normal -0 0 -1
    outer loop
      vertex 66.8266 -2.43505 0
      vertex 59.4 -16.4 0
      vertex 66.5359 -2 0
    endloop
  endfacet
  facet normal 0 0 -1
    outer loop
      vertex 80.3 -28.7 0
      vertex 59.3914 -16.5305 0
      vertex 59.4 -16.4 0
    endloop
  endfacet
  facet normal 0 0 -1
    outer loop
      vertex 80.3 -28.7 0
      vertex 59.3659 -16.6588 0
      vertex 59.3914 -16.5305 0
    endloop
  endfacet
  facet normal 0 0 -1
    outer loop
      vertex 80.2 -28.8 0
      vertex 59.3239 -16.7827 0
      vertex 59.3659 -16.6588 0
    endloop
  endfacet
  facet normal 0 0 -1
    outer loop
      vertex 80.2 -28.8 0
      vertex 59.266 -16.9 0
      vertex 59.3239 -16.7827 0
    endloop
  endfacet
  facet normal 0 0 -1
    outer loop
      vertex 80.2 -28.8 0
      vertex 59.1933 -17.0088 0
      vertex 59.266 -16.9 0
    endloop
  endfacet
  facet normal 0 0 -1
    outer loop
      vertex 80.2 -28.8 0
      vertex 59.1071 -17.1071 0
      vertex 59.1933 -17.0088 0
    endloop
  endfacet
  facet normal 0 0 -1
    outer loop
      vertex 80.2 -28.8 0
      vertex 59.0088 -17.1933 0
      vertex 59.1071 -17.1071 0
    endloop
  endfacet
  facet normal 0 0 -1
    outer loop
      vertex 80.2 -28.8 0
      vertex 58.9 -17.266 0
      vertex 59.0088 -17.1933 0
    endloop
  endfacet
  facet normal 0 0 -1
    outer loop
      vertex 80.2 -28.8 0
      vertex 58.7827 -17.3239 0
      vertex 58.9 -17.266 0
    endloop
  endfacet
  facet normal 0 0 -1
    outer loop
      vertex 80.2 -28.8 0
      vertex 58.6588 -17.3659 0
      vertex 58.7827 -17.3239 0
    endloop
  endfacet
  facet normal 0 0 -1
    outer loop
      vertex 80.2 -28.8 0
      vertex 58.5305 -17.3914 0
      vertex 58.6588 -17.3659 0
    endloop
  endfacet
  facet normal 0 0 -1
    outer loop
      vertex 80.2 -28.8 0
      vertex 58.4 -17.4 0
      vertex 58.5305 -17.3914 0
    endloop
  endfacet
  facet normal 0 0 -1
    outer loop
      vertex -80.2 -28.8 0
      vertex 58.4 -17.4 0
      vertex 80.2 -28.8 0
    endloop
  endfacet
  facet normal -0 0 -1
    outer loop
      vertex 58.4 -17.4 0
      vertex -80.2 -28.8 0
      vertex -78.4 -17.4 0
    endloop
  endfacet
  facet normal -0 0 -1
    outer loop
      vertex -79.3914 -16.5305 0
      vertex -80.3 -28.7 0
      vertex -79.4 -16.4 0
    endloop
  endfacet
  facet normal -0 0 -1
    outer loop
      vertex -79.3659 -16.6588 0
      vertex -80.3 -28.7 0
      vertex -79.3914 -16.5305 0
    endloop
  endfacet
  facet normal -0 0 -1
    outer loop
      vertex -79.3239 -16.7827 0
      vertex -80.3 -28.7 0
      vertex -79.3659 -16.6588 0
    endloop
  endfacet
  facet normal -0 0 -1
    outer loop
      vertex -79.266 -16.9 0
      vertex -80.3 -28.7 0
      vertex -79.3239 -16.7827 0
    endloop
  endfacet
  facet normal -0 0 -1
    outer loop
      vertex -79.1933 -17.0088 0
      vertex -80.3 -28.7 0
      vertex -79.266 -16.9 0
    endloop
  endfacet
  facet normal -0 0 -1
    outer loop
      vertex -79.1071 -17.1071 0
      vertex -80.3 -28.7 0
      vertex -79.1933 -17.0088 0
    endloop
  endfacet
  facet normal -0 0 -1
    outer loop
      vertex -79.0088 -17.1933 0
      vertex -80.3 -28.7 0
      vertex -79.1071 -17.1071 0
    endloop
  endfacet
  facet normal -0 0 -1
    outer loop
      vertex -78.9 -17.266 0
      vertex -80.3 -28.7 0
      vertex -79.0088 -17.1933 0
    endloop
  endfacet
  facet normal -0 0 -1
    outer loop
      vertex -78.7827 -17.3239 0
      vertex -80.3 -28.7 0
      vertex -78.9 -17.266 0
    endloop
  endfacet
  facet normal -0 0 -1
    outer loop
      vertex -78.6588 -17.3659 0
      vertex -80.3 -28.7 0
      vertex -78.7827 -17.3239 0
    endloop
  endfacet
  facet normal -0 0 -1
    outer loop
      vertex -78.5305 -17.3914 0
      vertex -80.3 -28.7 0
      vertex -78.6588 -17.3659 0
    endloop
  endfacet
  facet normal -0 0 -1
    outer loop
      vertex -78.4 -17.4 0
      vertex -80.3 -28.7 0
      vertex -78.5305 -17.3914 0
    endloop
  endfacet
  facet normal 0 0 -1
    outer loop
      vertex -80.3 -28.7 0
      vertex -78.4 -17.4 0
      vertex -80.2 -28.8 0
    endloop
  endfacet
  facet normal 0 -0 -1
    outer loop
      vertex 80.2 28.8 0
      vertex 80.3 28.7 0
      vertex 70 4 0
    endloop
  endfacet
  facet normal 0 0 -1
    outer loop
      vertex 80.2991 28.713 0
      vertex 80.2 28.8 0
      vertex 80.2966 28.7259 0
    endloop
  endfacet
  facet normal 0 0 -1
    outer loop
      vertex 80.2924 28.7383 0
      vertex 80.2 28.8 0
      vertex 80.2866 28.75 0
    endloop
  endfacet
  facet normal 0 0 -1
    outer loop
      vertex 80.2866 28.75 0
      vertex 80.2 28.8 0
      vertex 80.2793 28.7609 0
    endloop
  endfacet
  facet normal 0 0 -1
    outer loop
      vertex 80.2707 28.7707 0
      vertex 80.2 28.8 0
      vertex 80.2609 28.7793 0
    endloop
  endfacet
  facet normal 0 0 -1
    outer loop
      vertex 80.25 28.7866 0
      vertex 80.2 28.8 0
      vertex 80.2383 28.7924 0
    endloop
  endfacet
  facet normal 0 0 -1
    outer loop
      vertex 80.2383 28.7924 0
      vertex 80.2 28.8 0
      vertex 80.2259 28.7966 0
    endloop
  endfacet
  facet normal 0 0 -1
    outer loop
      vertex 80.2259 28.7966 0
      vertex 80.2 28.8 0
      vertex 80.213 28.7991 0
    endloop
  endfacet
  facet normal 0 0 -1
    outer loop
      vertex 80.2609 28.7793 0
      vertex 80.2 28.8 0
      vertex 80.25 28.7866 0
    endloop
  endfacet
  facet normal 0 0 -1
    outer loop
      vertex 80.2793 28.7609 0
      vertex 80.2 28.8 0
      vertex 80.2707 28.7707 0
    endloop
  endfacet
  facet normal 0 0 -1
    outer loop
      vertex 80.2966 28.7259 0
      vertex 80.2 28.8 0
      vertex 80.2924 28.7383 0
    endloop
  endfacet
  facet normal 0 0 -1
    outer loop
      vertex 80.3 28.7 0
      vertex 80.2 28.8 0
      vertex 80.2991 28.713 0
    endloop
  endfacet
  facet normal 0 0 -1
    outer loop
      vertex 59.4 28.4 0
      vertex 70 4 0
      vertex 69.4779 3.96578 0
    endloop
  endfacet
  facet normal 0 0 -1
    outer loop
      vertex 59.4 28.4 0
      vertex 69.4779 3.96578 0
      vertex 68.9647 3.8637 0
    endloop
  endfacet
  facet normal 0 0 -1
    outer loop
      vertex 59.4 28.4 0
      vertex 68.9647 3.8637 0
      vertex 68.4693 3.69552 0
    endloop
  endfacet
  facet normal 0 0 -1
    outer loop
      vertex 59.4 28.4 0
      vertex 68.4693 3.69552 0
      vertex 68 3.4641 0
    endloop
  endfacet
  facet normal 0 0 -1
    outer loop
      vertex 59.4 28.4 0
      vertex 68 3.4641 0
      vertex 67.565 3.17341 0
    endloop
  endfacet
  facet normal 0 0 -1
    outer loop
      vertex 59.4 28.4 0
      vertex 67.565 3.17341 0
      vertex 67.1716 2.82843 0
    endloop
  endfacet
  facet normal 0 0 -1
    outer loop
      vertex 59.4 28.4 0
      vertex 67.1716 2.82843 0
      vertex 66.8266 2.43505 0
    endloop
  endfacet
  facet normal 0 0 -1
    outer loop
      vertex 59.4 28.4 0
      vertex 66.8266 2.43505 0
      vertex 66.5359 2 0
    endloop
  endfacet
  facet normal 0 0 -1
    outer loop
      vertex 59.4 -16.4 0
      vertex 66.0342 0.522104 0
      vertex 66 0 0
    endloop
  endfacet
  facet normal 0 0 -1
    outer loop
      vertex 59.4 28.4 0
      vertex 66.0342 0.522104 0
      vertex 59.4 -16.4 0
    endloop
  endfacet
  facet normal 0 0 -1
    outer loop
      vertex 66.0342 0.522104 0
      vertex 59.4 28.4 0
      vertex 66.1363 1.03528 0
    endloop
  endfacet
  facet normal 0 0 -1
    outer loop
      vertex 66.1363 1.03528 0
      vertex 59.4 28.4 0
      vertex 66.3045 1.53073 0
    endloop
  endfacet
  facet normal 0 0 -1
    outer loop
      vertex 59.4 28.4 0
      vertex 66.5359 2 0
      vertex 66.3045 1.53073 0
    endloop
  endfacet
  facet normal 0 0 -1
    outer loop
      vertex 70 4 0
      vertex 59.4 28.4 0
      vertex 80.2 28.8 0
    endloop
  endfacet
  facet normal 0 0 -1
    outer loop
      vertex 59.3914 28.5305 0
      vertex 80.2 28.8 0
      vertex 59.4 28.4 0
    endloop
  endfacet
  facet normal 0 0 -1
    outer loop
      vertex 59.3659 28.6588 0
      vertex 80.2 28.8 0
      vertex 59.3914 28.5305 0
    endloop
  endfacet
  facet normal 0 0 -1
    outer loop
      vertex 59.3239 28.7827 0
      vertex 80.2 28.8 0
      vertex 59.3659 28.6588 0
    endloop
  endfacet
  facet normal -0 0 -1
    outer loop
      vertex 80.2 28.8 0
      vertex 59.3239 28.7827 0
      vertex 59.3153 28.8 0
    endloop
  endfacet
  facet normal 0 0 -1
    outer loop
      vertex -79.3239 28.7827 0
      vertex -80.2 28.8 0
      vertex -79.3153 28.8 0
    endloop
  endfacet
  facet normal 0 0 -1
    outer loop
      vertex -79.3659 28.6588 0
      vertex -80.2 28.8 0
      vertex -79.3239 28.7827 0
    endloop
  endfacet
  facet normal 0 0 -1
    outer loop
      vertex -79.3914 28.5305 0
      vertex -80.2 28.8 0
      vertex -79.3659 28.6588 0
    endloop
  endfacet
  facet normal 0 0 -1
    outer loop
      vertex -79.4 28.4 0
      vertex -80.2 28.8 0
      vertex -79.3914 28.5305 0
    endloop
  endfacet
  facet normal 0 0 -1
    outer loop
      vertex -80.3 28.7 0
      vertex -79.4 -16.4 0
      vertex -80.3 -28.7 0
    endloop
  endfacet
  facet normal 0 0 -1
    outer loop
      vertex -80.3 -28.7 0
      vertex -80.2 -28.8 0
      vertex -80.213 -28.7991 0
    endloop
  endfacet
  facet normal 0 0 -1
    outer loop
      vertex -79.4 -16.4 0
      vertex -80.3 28.7 0
      vertex -79.4 28.4 0
    endloop
  endfacet
  facet normal 0 0 -1
    outer loop
      vertex -80.3 -28.7 0
      vertex -80.213 -28.7991 0
      vertex -80.2259 -28.7966 0
    endloop
  endfacet
  facet normal 0 0 -1
    outer loop
      vertex -79.4 28.4 0
      vertex -80.3 28.7 0
      vertex -80.2 28.8 0
    endloop
  endfacet
  facet normal 0 0 -1
    outer loop
      vertex -80.3 -28.7 0
      vertex -80.2259 -28.7966 0
      vertex -80.2383 -28.7924 0
    endloop
  endfacet
  facet normal 0 0 -1
    outer loop
      vertex -80.2 28.8 0
      vertex -80.3 28.7 0
      vertex -80.213 28.7991 0
    endloop
  endfacet
  facet normal 0 0 -1
    outer loop
      vertex -80.3 -28.7 0
      vertex -80.2383 -28.7924 0
      vertex -80.25 -28.7866 0
    endloop
  endfacet
  facet normal 0 0 -1
    outer loop
      vertex -80.213 28.7991 0
      vertex -80.3 28.7 0
      vertex -80.2259 28.7966 0
    endloop
  endfacet
  facet normal 0 0 -1
    outer loop
      vertex -80.3 -28.7 0
      vertex -80.25 -28.7866 0
      vertex -80.2609 -28.7793 0
    endloop
  endfacet
  facet normal 0 0 -1
    outer loop
      vertex -80.2259 28.7966 0
      vertex -80.3 28.7 0
      vertex -80.2383 28.7924 0
    endloop
  endfacet
  facet normal 0 0 -1
    outer loop
      vertex -80.3 -28.7 0
      vertex -80.2609 -28.7793 0
      vertex -80.2707 -28.7707 0
    endloop
  endfacet
  facet normal 0 0 -1
    outer loop
      vertex -80.2383 28.7924 0
      vertex -80.3 28.7 0
      vertex -80.25 28.7866 0
    endloop
  endfacet
  facet normal 0 0 -1
    outer loop
      vertex -80.3 -28.7 0
      vertex -80.2707 -28.7707 0
      vertex -80.2793 -28.7609 0
    endloop
  endfacet
  facet normal 0 0 -1
    outer loop
      vertex -80.25 28.7866 0
      vertex -80.3 28.7 0
      vertex -80.2609 28.7793 0
    endloop
  endfacet
  facet normal 0 0 -1
    outer loop
      vertex -80.3 -28.7 0
      vertex -80.2793 -28.7609 0
      vertex -80.2866 -28.75 0
    endloop
  endfacet
  facet normal 0 0 -1
    outer loop
      vertex -80.2609 28.7793 0
      vertex -80.3 28.7 0
      vertex -80.2707 28.7707 0
    endloop
  endfacet
  facet normal 0 0 -1
    outer loop
      vertex -80.3 -28.7 0
      vertex -80.2866 -28.75 0
      vertex -80.2924 -28.7383 0
    endloop
  endfacet
  facet normal 0 0 -1
    outer loop
      vertex -80.2707 28.7707 0
      vertex -80.3 28.7 0
      vertex -80.2793 28.7609 0
    endloop
  endfacet
  facet normal 0 0 -1
    outer loop
      vertex -80.3 -28.7 0
      vertex -80.2924 -28.7383 0
      vertex -80.2966 -28.7259 0
    endloop
  endfacet
  facet normal 0 0 -1
    outer loop
      vertex -80.2793 28.7609 0
      vertex -80.3 28.7 0
      vertex -80.2866 28.75 0
    endloop
  endfacet
  facet normal 0 0 -1
    outer loop
      vertex -80.3 -28.7 0
      vertex -80.2966 -28.7259 0
      vertex -80.2991 -28.713 0
    endloop
  endfacet
  facet normal 0 0 -1
    outer loop
      vertex -80.2866 28.75 0
      vertex -80.3 28.7 0
      vertex -80.2924 28.7383 0
    endloop
  endfacet
  facet normal 0 0 -1
    outer loop
      vertex -80.2924 28.7383 0
      vertex -80.3 28.7 0
      vertex -80.2966 28.7259 0
    endloop
  endfacet
  facet normal 0 0 -1
    outer loop
      vertex -80.2966 28.7259 0
      vertex -80.3 28.7 0
      vertex -80.2991 28.713 0
    endloop
  endfacet
  facet normal 0 0 -1
    outer loop
      vertex 58.4 -17.4 0
      vertex 59.4 -16.4 0
      vertex 59.3914 -16.5305 0
    endloop
  endfacet
  facet normal 0 0 -1
    outer loop
      vertex 59.4 -16.4 0
      vertex 49.7 -11.5 0
      vertex 59.4 28.4 0
    endloop
  endfacet
  facet normal 0 0 -1
    outer loop
      vertex 58.4 -17.4 0
      vertex 59.3914 -16.5305 0
      vertex 59.3659 -16.6588 0
    endloop
  endfacet
  facet normal 0 0 -1
    outer loop
      vertex 49.7 23.5 0
      vertex 59.4 28.4 0
      vertex 49.7 -11.5 0
    endloop
  endfacet
  facet normal 0 0 -1
    outer loop
      vertex 58.4 -17.4 0
      vertex 59.3659 -16.6588 0
      vertex 59.3239 -16.7827 0
    endloop
  endfacet
  facet normal 0 0 -1
    outer loop
      vertex 49.6914 23.6305 0
      vertex 59.4 28.4 0
      vertex 49.7 23.5 0
    endloop
  endfacet
  facet normal 0 0 -1
    outer loop
      vertex 49.6659 23.7588 0
      vertex 59.4 28.4 0
      vertex 49.6914 23.6305 0
    endloop
  endfacet
  facet normal 0 0 -1
    outer loop
      vertex 58.4 -17.4 0
      vertex 59.3239 -16.7827 0
      vertex 59.266 -16.9 0
    endloop
  endfacet
  facet normal 0 0 -1
    outer loop
      vertex 59.4 28.4 0
      vertex 58.4 29.4 0
      vertex 59.3914 28.5305 0
    endloop
  endfacet
  facet normal 0 0 -1
    outer loop
      vertex 58.4 -17.4 0
      vertex 59.266 -16.9 0
      vertex 59.1933 -17.0088 0
    endloop
  endfacet
  facet normal 0 0 -1
    outer loop
      vertex 59.3914 28.5305 0
      vertex 58.4 29.4 0
      vertex 59.3659 28.6588 0
    endloop
  endfacet
  facet normal 0 0 -1
    outer loop
      vertex 58.4 -17.4 0
      vertex 59.1933 -17.0088 0
      vertex 59.1071 -17.1071 0
    endloop
  endfacet
  facet normal -0 -0 -1
    outer loop
      vertex 59.3153 28.8 0
      vertex 59.3659 28.6588 0
      vertex 58.4 29.4 0
    endloop
  endfacet
  facet normal 0 0 -1
    outer loop
      vertex 58.4 -17.4 0
      vertex 59.1071 -17.1071 0
      vertex 59.0088 -17.1933 0
    endloop
  endfacet
  facet normal 0 0 -1
    outer loop
      vertex 59.3153 28.8 0
      vertex 58.4 29.4 0
      vertex 59.266 28.9 0
    endloop
  endfacet
  facet normal 0 0 -1
    outer loop
      vertex 58.4 -17.4 0
      vertex 59.0088 -17.1933 0
      vertex 58.9 -17.266 0
    endloop
  endfacet
  facet normal 0 0 -1
    outer loop
      vertex 59.266 28.9 0
      vertex 58.4 29.4 0
      vertex 59.1933 29.0088 0
    endloop
  endfacet
  facet normal 0 0 -1
    outer loop
      vertex 58.4 -17.4 0
      vertex 58.9 -17.266 0
      vertex 58.7827 -17.3239 0
    endloop
  endfacet
  facet normal 0 0 -1
    outer loop
      vertex 59.1933 29.0088 0
      vertex 58.4 29.4 0
      vertex 59.1071 29.1071 0
    endloop
  endfacet
  facet normal 0 0 -1
    outer loop
      vertex 58.4 -17.4 0
      vertex 58.7827 -17.3239 0
      vertex 58.6588 -17.3659 0
    endloop
  endfacet
  facet normal 0 0 -1
    outer loop
      vertex 59.1071 29.1071 0
      vertex 58.4 29.4 0
      vertex 59.0088 29.1933 0
    endloop
  endfacet
  facet normal 0 0 -1
    outer loop
      vertex 58.4 -17.4 0
      vertex 58.6588 -17.3659 0
      vertex 58.5305 -17.3914 0
    endloop
  endfacet
  facet normal 0 0 -1
    outer loop
      vertex 59.0088 29.1933 0
      vertex 58.4 29.4 0
      vertex 58.9 29.266 0
    endloop
  endfacet
  facet normal 0 0 -1
    outer loop
      vertex 49.6659 -11.7588 0
      vertex 59.4 -16.4 0
      vertex 58.4 -17.4 0
    endloop
  endfacet
  facet normal 0 0 -1
    outer loop
      vertex 58.9 29.266 0
      vertex 58.4 29.4 0
      vertex 58.7827 29.3239 0
    endloop
  endfacet
  facet normal 0 0 -1
    outer loop
      vertex 58.7827 29.3239 0
      vertex 58.4 29.4 0
      vertex 58.6588 29.3659 0
    endloop
  endfacet
  facet normal 0 0 -1
    outer loop
      vertex 59.4 -16.4 0
      vertex 49.6914 -11.6305 0
      vertex 49.7 -11.5 0
    endloop
  endfacet
  facet normal 0 0 -1
    outer loop
      vertex 59.4 -16.4 0
      vertex 49.6659 -11.7588 0
      vertex 49.6914 -11.6305 0
    endloop
  endfacet
  facet normal 0 0 -1
    outer loop
      vertex 58.4 -17.4 0
      vertex 49.6239 -11.8827 0
      vertex 49.6659 -11.7588 0
    endloop
  endfacet
  facet normal 0 0 -1
    outer loop
      vertex 58.4 -17.4 0
      vertex 49.566 -12 0
      vertex 49.6239 -11.8827 0
    endloop
  endfacet
  facet normal 0 0 -1
    outer loop
      vertex 58.4 -17.4 0
      vertex 49.4933 -12.1088 0
      vertex 49.566 -12 0
    endloop
  endfacet
  facet normal 0 0 -1
    outer loop
      vertex 58.4 -17.4 0
      vertex 49.4071 -12.2071 0
      vertex 49.4933 -12.1088 0
    endloop
  endfacet
  facet normal 0 0 -1
    outer loop
      vertex 58.4 -17.4 0
      vertex 49.3088 -12.2934 0
      vertex 49.4071 -12.2071 0
    endloop
  endfacet
  facet normal 0 0 -1
    outer loop
      vertex 58.4 -17.4 0
      vertex 49.2 -12.366 0
      vertex 49.3088 -12.2934 0
    endloop
  endfacet
  facet normal 0 0 -1
    outer loop
      vertex 58.4 -17.4 0
      vertex 49.0827 -12.4239 0
      vertex 49.2 -12.366 0
    endloop
  endfacet
  facet normal 0 0 -1
    outer loop
      vertex 58.4 -17.4 0
      vertex 48.9588 -12.4659 0
      vertex 49.0827 -12.4239 0
    endloop
  endfacet
  facet normal 0 0 -1
    outer loop
      vertex 58.4 -17.4 0
      vertex 48.8305 -12.4914 0
      vertex 48.9588 -12.4659 0
    endloop
  endfacet
  facet normal 0 0 -1
    outer loop
      vertex 58.4 -17.4 0
      vertex 48.7 -12.5 0
      vertex 48.8305 -12.4914 0
    endloop
  endfacet
  facet normal 0 0 -1
    outer loop
      vertex 58.4 -17.4 0
      vertex -68.7 -12.5 0
      vertex 48.7 -12.5 0
    endloop
  endfacet
  facet normal -0 0 -1
    outer loop
      vertex -69.6914 -11.6305 0
      vertex -79.4 -16.4 0
      vertex -69.7 -11.5 0
    endloop
  endfacet
  facet normal -0 0 -1
    outer loop
      vertex -69.6659 -11.7588 0
      vertex -79.4 -16.4 0
      vertex -69.6914 -11.6305 0
    endloop
  endfacet
  facet normal 0 0 -1
    outer loop
      vertex -79.4 -16.4 0
      vertex -69.6659 -11.7588 0
      vertex -78.4 -17.4 0
    endloop
  endfacet
  facet normal -0 0 -1
    outer loop
      vertex -69.6239 -11.8827 0
      vertex -78.4 -17.4 0
      vertex -69.6659 -11.7588 0
    endloop
  endfacet
  facet normal -0 0 -1
    outer loop
      vertex -69.566 -12 0
      vertex -78.4 -17.4 0
      vertex -69.6239 -11.8827 0
    endloop
  endfacet
  facet normal -0 0 -1
    outer loop
      vertex -69.4933 -12.1088 0
      vertex -78.4 -17.4 0
      vertex -69.566 -12 0
    endloop
  endfacet
  facet normal -0 0 -1
    outer loop
      vertex -69.4071 -12.2071 0
      vertex -78.4 -17.4 0
      vertex -69.4933 -12.1088 0
    endloop
  endfacet
  facet normal -0 0 -1
    outer loop
      vertex -69.3088 -12.2934 0
      vertex -78.4 -17.4 0
      vertex -69.4071 -12.2071 0
    endloop
  endfacet
  facet normal -0 0 -1
    outer loop
      vertex -69.2 -12.366 0
      vertex -78.4 -17.4 0
      vertex -69.3088 -12.2934 0
    endloop
  endfacet
  facet normal -0 0 -1
    outer loop
      vertex -69.0827 -12.4239 0
      vertex -78.4 -17.4 0
      vertex -69.2 -12.366 0
    endloop
  endfacet
  facet normal -0 0 -1
    outer loop
      vertex -68.9588 -12.4659 0
      vertex -78.4 -17.4 0
      vertex -69.0827 -12.4239 0
    endloop
  endfacet
  facet normal -0 0 -1
    outer loop
      vertex -68.8305 -12.4914 0
      vertex -78.4 -17.4 0
      vertex -68.9588 -12.4659 0
    endloop
  endfacet
  facet normal -0 0 -1
    outer loop
      vertex -68.7 -12.5 0
      vertex -78.4 -17.4 0
      vertex -68.8305 -12.4914 0
    endloop
  endfacet
  facet normal 0 0 -1
    outer loop
      vertex -78.4 -17.4 0
      vertex -68.7 -12.5 0
      vertex 58.4 -17.4 0
    endloop
  endfacet
  facet normal 0 0 -1
    outer loop
      vertex 58.6588 29.3659 0
      vertex 58.4 29.4 0
      vertex 58.5305 29.3914 0
    endloop
  endfacet
  facet normal 0 0 -1
    outer loop
      vertex 59.3659 28.6588 0
      vertex 59.3153 28.8 0
      vertex 59.3239 28.7827 0
    endloop
  endfacet
  facet normal -0 0 -1
    outer loop
      vertex 59.4 28.4 0
      vertex 49.6659 23.7588 0
      vertex 58.4 29.4 0
    endloop
  endfacet
  facet normal 0 0 -1
    outer loop
      vertex 49.6239 23.8827 0
      vertex 58.4 29.4 0
      vertex 49.6659 23.7588 0
    endloop
  endfacet
  facet normal 0 0 -1
    outer loop
      vertex 49.566 24 0
      vertex 58.4 29.4 0
      vertex 49.6239 23.8827 0
    endloop
  endfacet
  facet normal 0 0 -1
    outer loop
      vertex 49.4933 24.1088 0
      vertex 58.4 29.4 0
      vertex 49.566 24 0
    endloop
  endfacet
  facet normal 0 0 -1
    outer loop
      vertex 49.4071 24.2071 0
      vertex 58.4 29.4 0
      vertex 49.4933 24.1088 0
    endloop
  endfacet
  facet normal 0 0 -1
    outer loop
      vertex 49.3088 24.2934 0
      vertex 58.4 29.4 0
      vertex 49.4071 24.2071 0
    endloop
  endfacet
  facet normal 0 0 -1
    outer loop
      vertex 49.2 24.366 0
      vertex 58.4 29.4 0
      vertex 49.3088 24.2934 0
    endloop
  endfacet
  facet normal 0 0 -1
    outer loop
      vertex 49.0827 24.4239 0
      vertex 58.4 29.4 0
      vertex 49.2 24.366 0
    endloop
  endfacet
  facet normal 0 0 -1
    outer loop
      vertex 48.9588 24.4659 0
      vertex 58.4 29.4 0
      vertex 49.0827 24.4239 0
    endloop
  endfacet
  facet normal 0 0 -1
    outer loop
      vertex 48.8305 24.4914 0
      vertex 58.4 29.4 0
      vertex 48.9588 24.4659 0
    endloop
  endfacet
  facet normal 0 0 -1
    outer loop
      vertex 48.7 24.5 0
      vertex 58.4 29.4 0
      vertex 48.8305 24.4914 0
    endloop
  endfacet
  facet normal 0 0 -1
    outer loop
      vertex -68.7 24.5 0
      vertex 58.4 29.4 0
      vertex 48.7 24.5 0
    endloop
  endfacet
  facet normal -0 0 -1
    outer loop
      vertex -69.7 -11.5 0
      vertex -79.4 -16.4 0
      vertex -69.7 23.5 0
    endloop
  endfacet
  facet normal 0 0 -1
    outer loop
      vertex -79.4 28.4 0
      vertex -69.7 23.5 0
      vertex -79.4 -16.4 0
    endloop
  endfacet
  facet normal 0 0 -1
    outer loop
      vertex -68.7 24.5 0
      vertex -78.4 29.4 0
      vertex 58.4 29.4 0
    endloop
  endfacet
  facet normal 0 0 -1
    outer loop
      vertex -68.8305 24.4914 0
      vertex -78.4 29.4 0
      vertex -68.7 24.5 0
    endloop
  endfacet
  facet normal 0 0 -1
    outer loop
      vertex -68.9588 24.4659 0
      vertex -78.4 29.4 0
      vertex -68.8305 24.4914 0
    endloop
  endfacet
  facet normal 0 0 -1
    outer loop
      vertex -69.0827 24.4239 0
      vertex -78.4 29.4 0
      vertex -68.9588 24.4659 0
    endloop
  endfacet
  facet normal 0 0 -1
    outer loop
      vertex -69.2 24.366 0
      vertex -78.4 29.4 0
      vertex -69.0827 24.4239 0
    endloop
  endfacet
  facet normal 0 0 -1
    outer loop
      vertex -69.3088 24.2934 0
      vertex -78.4 29.4 0
      vertex -69.2 24.366 0
    endloop
  endfacet
  facet normal 0 0 -1
    outer loop
      vertex -69.4071 24.2071 0
      vertex -78.4 29.4 0
      vertex -69.3088 24.2934 0
    endloop
  endfacet
  facet normal 0 0 -1
    outer loop
      vertex -69.4933 24.1088 0
      vertex -78.4 29.4 0
      vertex -69.4071 24.2071 0
    endloop
  endfacet
  facet normal 0 0 -1
    outer loop
      vertex -69.566 24 0
      vertex -78.4 29.4 0
      vertex -69.4933 24.1088 0
    endloop
  endfacet
  facet normal 0 0 -1
    outer loop
      vertex -69.6239 23.8827 0
      vertex -78.4 29.4 0
      vertex -69.566 24 0
    endloop
  endfacet
  facet normal 0 0 -1
    outer loop
      vertex -69.6659 23.7588 0
      vertex -78.4 29.4 0
      vertex -69.6239 23.8827 0
    endloop
  endfacet
  facet normal 0 0 -1
    outer loop
      vertex -69.7 23.5 0
      vertex -79.4 28.4 0
      vertex -69.6914 23.6305 0
    endloop
  endfacet
  facet normal 0 0 -1
    outer loop
      vertex -79.4 -16.4 0
      vertex -78.4 -17.4 0
      vertex -78.5305 -17.3914 0
    endloop
  endfacet
  facet normal 0 0 -1
    outer loop
      vertex -69.6914 23.6305 0
      vertex -79.4 28.4 0
      vertex -69.6659 23.7588 0
    endloop
  endfacet
  facet normal 0 0 -1
    outer loop
      vertex -79.4 -16.4 0
      vertex -78.5305 -17.3914 0
      vertex -78.6588 -17.3659 0
    endloop
  endfacet
  facet normal 0 0 -1
    outer loop
      vertex -69.6659 23.7588 0
      vertex -79.4 28.4 0
      vertex -78.4 29.4 0
    endloop
  endfacet
  facet normal 0 0 -1
    outer loop
      vertex -79.4 -16.4 0
      vertex -78.6588 -17.3659 0
      vertex -78.7827 -17.3239 0
    endloop
  endfacet
  facet normal 0 0 -1
    outer loop
      vertex -78.4 29.4 0
      vertex -79.4 28.4 0
      vertex -78.5305 29.3914 0
    endloop
  endfacet
  facet normal 0 0 -1
    outer loop
      vertex -79.4 -16.4 0
      vertex -78.7827 -17.3239 0
      vertex -78.9 -17.266 0
    endloop
  endfacet
  facet normal 0 0 -1
    outer loop
      vertex -78.5305 29.3914 0
      vertex -79.4 28.4 0
      vertex -78.6588 29.3659 0
    endloop
  endfacet
  facet normal 0 0 -1
    outer loop
      vertex -79.4 -16.4 0
      vertex -78.9 -17.266 0
      vertex -79.0088 -17.1933 0
    endloop
  endfacet
  facet normal 0 0 -1
    outer loop
      vertex -78.6588 29.3659 0
      vertex -79.4 28.4 0
      vertex -78.7827 29.3239 0
    endloop
  endfacet
  facet normal 0 0 -1
    outer loop
      vertex -79.4 -16.4 0
      vertex -79.0088 -17.1933 0
      vertex -79.1071 -17.1071 0
    endloop
  endfacet
  facet normal 0 0 -1
    outer loop
      vertex -78.7827 29.3239 0
      vertex -79.4 28.4 0
      vertex -78.9 29.266 0
    endloop
  endfacet
  facet normal 0 0 -1
    outer loop
      vertex -79.4 -16.4 0
      vertex -79.1071 -17.1071 0
      vertex -79.1933 -17.0088 0
    endloop
  endfacet
  facet normal 0 0 -1
    outer loop
      vertex -78.9 29.266 0
      vertex -79.4 28.4 0
      vertex -79.0088 29.1933 0
    endloop
  endfacet
  facet normal 0 0 -1
    outer loop
      vertex -79.4 -16.4 0
      vertex -79.1933 -17.0088 0
      vertex -79.266 -16.9 0
    endloop
  endfacet
  facet normal 0 0 -1
    outer loop
      vertex -79.0088 29.1933 0
      vertex -79.4 28.4 0
      vertex -79.1071 29.1071 0
    endloop
  endfacet
  facet normal 0 -0 -1
    outer loop
      vertex -79.3153 28.8 0
      vertex -79.1933 29.0088 0
      vertex -79.4 28.4 0
    endloop
  endfacet
  facet normal 0 0 -1
    outer loop
      vertex -79.4 -16.4 0
      vertex -79.266 -16.9 0
      vertex -79.3239 -16.7827 0
    endloop
  endfacet
  facet normal 0 0 -1
    outer loop
      vertex -79.1071 29.1071 0
      vertex -79.4 28.4 0
      vertex -79.1933 29.0088 0
    endloop
  endfacet
  facet normal 0 0 -1
    outer loop
      vertex -79.4 -16.4 0
      vertex -79.3239 -16.7827 0
      vertex -79.3659 -16.6588 0
    endloop
  endfacet
  facet normal 0 0 -1
    outer loop
      vertex -79.1933 29.0088 0
      vertex -79.3153 28.8 0
      vertex -79.266 28.9 0
    endloop
  endfacet
  facet normal 0 0 -1
    outer loop
      vertex -79.4 -16.4 0
      vertex -79.3659 -16.6588 0
      vertex -79.3914 -16.5305 0
    endloop
  endfacet
  facet normal 0 -0 -1
    outer loop
      vertex -79.3659 28.6588 0
      vertex -79.3153 28.8 0
      vertex -79.4 28.4 0
    endloop
  endfacet
  facet normal 0 0 -1
    outer loop
      vertex -79.3153 28.8 0
      vertex -79.3659 28.6588 0
      vertex -79.3239 28.7827 0
    endloop
  endfacet
  facet normal 0 0 -1
    outer loop
      vertex -79.3659 28.6588 0
      vertex -79.4 28.4 0
      vertex -79.3914 28.5305 0
    endloop
  endfacet
  facet normal -1 0 0
    outer loop
      vertex -82.7 -30.6 -3
      vertex -82.7 30.6 0
      vertex -82.7 30.6 -3
    endloop
  endfacet
  facet normal -1 -0 0
    outer loop
      vertex -82.7 30.6 0
      vertex -82.7 -30.6 -3
      vertex -82.7 -30.6 0
    endloop
  endfacet
  facet normal -0.322337 -0.946625 0
    outer loop
      vertex -82.3296 -31.1543 -3
      vertex -82.2553 -31.1796 0
      vertex -82.3296 -31.1543 0
    endloop
  endfacet
  facet normal -0.322337 -0.946625 -0
    outer loop
      vertex -82.2553 -31.1796 0
      vertex -82.3296 -31.1543 -3
      vertex -82.2553 -31.1796 -3
    endloop
  endfacet
  facet normal 0 -1 0
    outer loop
      vertex -82.1 -31.2 -3
      vertex 82.1 -31.2 0
      vertex -82.1 -31.2 0
    endloop
  endfacet
  facet normal 0 -1 -0
    outer loop
      vertex 82.1 -31.2 0
      vertex -82.1 -31.2 -3
      vertex 82.1 -31.2 -3
    endloop
  endfacet
  facet normal 0.0649964 0.997886 -0
    outer loop
      vertex 82.1783 31.1949 -3
      vertex 82.1 31.2 0
      vertex 82.1783 31.1949 0
    endloop
  endfacet
  facet normal 0.0649964 0.997886 0
    outer loop
      vertex 82.1 31.2 0
      vertex 82.1783 31.1949 -3
      vertex 82.1 31.2 -3
    endloop
  endfacet
  facet normal 0.322337 0.946625 -0
    outer loop
      vertex 82.3296 31.1543 -3
      vertex 82.2553 31.1796 0
      vertex 82.3296 31.1543 0
    endloop
  endfacet
  facet normal 0.322337 0.946625 0
    outer loop
      vertex 82.2553 31.1796 0
      vertex 82.3296 31.1543 -3
      vertex 82.2553 31.1796 -3
    endloop
  endfacet
  facet normal 0 1 -0
    outer loop
      vertex 82.1 31.2 -3
      vertex -82.1 31.2 0
      vertex 82.1 31.2 0
    endloop
  endfacet
  facet normal 0 1 0
    outer loop
      vertex -82.1 31.2 0
      vertex 82.1 31.2 -3
      vertex -82.1 31.2 -3
    endloop
  endfacet
  facet normal 1 -0 0
    outer loop
      vertex 82.7 -30.6 0
      vertex 82.7 30.6 -3
      vertex 82.7 30.6 0
    endloop
  endfacet
  facet normal 1 0 0
    outer loop
      vertex 82.7 30.6 -3
      vertex 82.7 -30.6 0
      vertex 82.7 -30.6 -3
    endloop
  endfacet
  facet normal -0.752656 0.658414 0
    outer loop
      vertex -82.576 30.9652 -3
      vertex -82.5243 31.0243 0
      vertex -82.5243 31.0243 -3
    endloop
  endfacet
  facet normal -0.752656 0.658414 0
    outer loop
      vertex -82.5243 31.0243 0
      vertex -82.576 30.9652 -3
      vertex -82.576 30.9652 0
    endloop
  endfacet
  facet normal -0.194891 -0.980825 0
    outer loop
      vertex -82.2553 -31.1796 -3
      vertex -82.1783 -31.1949 0
      vertex -82.2553 -31.1796 0
    endloop
  endfacet
  facet normal -0.194891 -0.980825 -0
    outer loop
      vertex -82.1783 -31.1949 0
      vertex -82.2553 -31.1796 -3
      vertex -82.1783 -31.1949 -3
    endloop
  endfacet
  facet normal 0.194891 0.980825 -0
    outer loop
      vertex 82.2553 31.1796 -3
      vertex 82.1783 31.1949 0
      vertex 82.2553 31.1796 0
    endloop
  endfacet
  facet normal 0.194891 0.980825 0
    outer loop
      vertex 82.1783 31.1949 0
      vertex 82.2553 31.1796 -3
      vertex 82.1783 31.1949 -3
    endloop
  endfacet
  facet normal -0.0649964 0.997886 0
    outer loop
      vertex -82.1 31.2 -3
      vertex -82.1783 31.1949 0
      vertex -82.1 31.2 0
    endloop
  endfacet
  facet normal -0.0649964 0.997886 0
    outer loop
      vertex -82.1783 31.1949 0
      vertex -82.1 31.2 -3
      vertex -82.1783 31.1949 -3
    endloop
  endfacet
  facet normal -0.44211 0.896961 0
    outer loop
      vertex -82.3296 31.1543 -3
      vertex -82.4 31.1196 0
      vertex -82.3296 31.1543 0
    endloop
  endfacet
  facet normal -0.44211 0.896961 0
    outer loop
      vertex -82.4 31.1196 0
      vertex -82.3296 31.1543 -3
      vertex -82.4 31.1196 -3
    endloop
  endfacet
  facet normal -0.322337 0.946625 0
    outer loop
      vertex -82.2553 31.1796 -3
      vertex -82.3296 31.1543 0
      vertex -82.2553 31.1796 0
    endloop
  endfacet
  facet normal -0.322337 0.946625 0
    outer loop
      vertex -82.3296 31.1543 0
      vertex -82.2553 31.1796 -3
      vertex -82.3296 31.1543 -3
    endloop
  endfacet
  facet normal -0.946625 0.322337 0
    outer loop
      vertex -82.6796 30.7553 -3
      vertex -82.6543 30.8296 0
      vertex -82.6543 30.8296 -3
    endloop
  endfacet
  facet normal -0.946625 0.322337 0
    outer loop
      vertex -82.6543 30.8296 0
      vertex -82.6796 30.7553 -3
      vertex -82.6796 30.7553 0
    endloop
  endfacet
  facet normal -0.980825 0.194891 0
    outer loop
      vertex -82.6949 30.6783 -3
      vertex -82.6796 30.7553 0
      vertex -82.6796 30.7553 -3
    endloop
  endfacet
  facet normal -0.980825 0.194891 0
    outer loop
      vertex -82.6796 30.7553 0
      vertex -82.6949 30.6783 -3
      vertex -82.6949 30.6783 0
    endloop
  endfacet
  facet normal -0.831265 0.555877 0
    outer loop
      vertex -82.6196 30.9 -3
      vertex -82.576 30.9652 0
      vertex -82.576 30.9652 -3
    endloop
  endfacet
  facet normal -0.831265 0.555877 0
    outer loop
      vertex -82.576 30.9652 0
      vertex -82.6196 30.9 -3
      vertex -82.6196 30.9 0
    endloop
  endfacet
  facet normal 0 0 -1
    outer loop
      vertex 82.1 -31.2 -3
      vertex 82.7 -30.6 -3
      vertex 82.6949 -30.6783 -3
    endloop
  endfacet
  facet normal 0 0 -1
    outer loop
      vertex 82.7 -30.6 -3
      vertex 80.3 -28.7 -3
      vertex 82.7 30.6 -3
    endloop
  endfacet
  facet normal 0 0 -1
    outer loop
      vertex 82.1 -31.2 -3
      vertex 82.6949 -30.6783 -3
      vertex 82.6796 -30.7553 -3
    endloop
  endfacet
  facet normal 0 0 -1
    outer loop
      vertex 80.3 28.7 -3
      vertex 82.7 30.6 -3
      vertex 80.3 -28.7 -3
    endloop
  endfacet
  facet normal 0 0 -1
    outer loop
      vertex 82.1 -31.2 -3
      vertex 82.6796 -30.7553 -3
      vertex 82.6543 -30.8296 -3
    endloop
  endfacet
  facet normal 0 0 -1
    outer loop
      vertex 80.2991 28.713 -3
      vertex 82.7 30.6 -3
      vertex 80.3 28.7 -3
    endloop
  endfacet
  facet normal 0 0 -1
    outer loop
      vertex 82.1 -31.2 -3
      vertex 82.6543 -30.8296 -3
      vertex 82.6196 -30.9 -3
    endloop
  endfacet
  facet normal 0 0 -1
    outer loop
      vertex 80.2966 28.7259 -3
      vertex 82.7 30.6 -3
      vertex 80.2991 28.713 -3
    endloop
  endfacet
  facet normal 0 0 -1
    outer loop
      vertex 82.1 -31.2 -3
      vertex 82.6196 -30.9 -3
      vertex 82.576 -30.9652 -3
    endloop
  endfacet
  facet normal 0 0 -1
    outer loop
      vertex 80.2924 28.7383 -3
      vertex 82.7 30.6 -3
      vertex 80.2966 28.7259 -3
    endloop
  endfacet
  facet normal 0 0 -1
    outer loop
      vertex 82.1 -31.2 -3
      vertex 82.576 -30.9652 -3
      vertex 82.5243 -31.0243 -3
    endloop
  endfacet
  facet normal 0 0 -1
    outer loop
      vertex 80.2866 28.75 -3
      vertex 82.7 30.6 -3
      vertex 80.2924 28.7383 -3
    endloop
  endfacet
  facet normal 0 0 -1
    outer loop
      vertex 82.1 -31.2 -3
      vertex 82.5243 -31.0243 -3
      vertex 82.4652 -31.076 -3
    endloop
  endfacet
  facet normal 0 0 -1
    outer loop
      vertex 80.2793 28.7609 -3
      vertex 82.7 30.6 -3
      vertex 80.2866 28.75 -3
    endloop
  endfacet
  facet normal 0 0 -1
    outer loop
      vertex 82.1 -31.2 -3
      vertex 82.4652 -31.076 -3
      vertex 82.4 -31.1196 -3
    endloop
  endfacet
  facet normal 0 0 -1
    outer loop
      vertex 80.2707 28.7707 -3
      vertex 82.7 30.6 -3
      vertex 80.2793 28.7609 -3
    endloop
  endfacet
  facet normal 0 0 -1
    outer loop
      vertex 82.1 -31.2 -3
      vertex 82.4 -31.1196 -3
      vertex 82.3296 -31.1543 -3
    endloop
  endfacet
  facet normal 0 -0 -1
    outer loop
      vertex 82.1 31.2 -3
      vertex 82.7 30.6 -3
      vertex 80.2707 28.7707 -3
    endloop
  endfacet
  facet normal 0 0 -1
    outer loop
      vertex 82.1 -31.2 -3
      vertex 82.3296 -31.1543 -3
      vertex 82.2553 -31.1796 -3
    endloop
  endfacet
  facet normal 0 0 -1
    outer loop
      vertex 82.6949 30.6783 -3
      vertex 82.1 31.2 -3
      vertex 82.6796 30.7553 -3
    endloop
  endfacet
  facet normal 0 0 -1
    outer loop
      vertex 82.1 -31.2 -3
      vertex 82.2553 -31.1796 -3
      vertex 82.1783 -31.1949 -3
    endloop
  endfacet
  facet normal 0 0 -1
    outer loop
      vertex 82.6796 30.7553 -3
      vertex 82.1 31.2 -3
      vertex 82.6543 30.8296 -3
    endloop
  endfacet
  facet normal -0 0 -1
    outer loop
      vertex 82.7 -30.6 -3
      vertex 82.1 -31.2 -3
      vertex 80.2707 -28.7707 -3
    endloop
  endfacet
  facet normal 0 0 -1
    outer loop
      vertex 82.6196 30.9 -3
      vertex 82.1 31.2 -3
      vertex 82.576 30.9652 -3
    endloop
  endfacet
  facet normal 0 0 -1
    outer loop
      vertex 82.576 30.9652 -3
      vertex 82.1 31.2 -3
      vertex 82.5243 31.0243 -3
    endloop
  endfacet
  facet normal 0 0 -1
    outer loop
      vertex 82.7 -30.6 -3
      vertex 80.2991 -28.713 -3
      vertex 80.3 -28.7 -3
    endloop
  endfacet
  facet normal 0 0 -1
    outer loop
      vertex 82.7 -30.6 -3
      vertex 80.2966 -28.7259 -3
      vertex 80.2991 -28.713 -3
    endloop
  endfacet
  facet normal 0 0 -1
    outer loop
      vertex 82.7 -30.6 -3
      vertex 80.2924 -28.7383 -3
      vertex 80.2966 -28.7259 -3
    endloop
  endfacet
  facet normal 0 0 -1
    outer loop
      vertex 82.7 -30.6 -3
      vertex 80.2866 -28.75 -3
      vertex 80.2924 -28.7383 -3
    endloop
  endfacet
  facet normal 0 0 -1
    outer loop
      vertex 82.7 -30.6 -3
      vertex 80.2793 -28.7609 -3
      vertex 80.2866 -28.75 -3
    endloop
  endfacet
  facet normal 0 0 -1
    outer loop
      vertex 82.7 -30.6 -3
      vertex 80.2707 -28.7707 -3
      vertex 80.2793 -28.7609 -3
    endloop
  endfacet
  facet normal 0 0 -1
    outer loop
      vertex 82.1 -31.2 -3
      vertex 80.2609 -28.7793 -3
      vertex 80.2707 -28.7707 -3
    endloop
  endfacet
  facet normal 0 0 -1
    outer loop
      vertex 82.1 -31.2 -3
      vertex 80.25 -28.7866 -3
      vertex 80.2609 -28.7793 -3
    endloop
  endfacet
  facet normal 0 0 -1
    outer loop
      vertex 82.1 -31.2 -3
      vertex 80.2383 -28.7924 -3
      vertex 80.25 -28.7866 -3
    endloop
  endfacet
  facet normal 0 0 -1
    outer loop
      vertex 82.1 -31.2 -3
      vertex 80.2259 -28.7966 -3
      vertex 80.2383 -28.7924 -3
    endloop
  endfacet
  facet normal 0 0 -1
    outer loop
      vertex 82.1 -31.2 -3
      vertex 80.213 -28.7991 -3
      vertex 80.2259 -28.7966 -3
    endloop
  endfacet
  facet normal 0 0 -1
    outer loop
      vertex 82.1 -31.2 -3
      vertex 80.2 -28.8 -3
      vertex 80.213 -28.7991 -3
    endloop
  endfacet
  facet normal 0 0 -1
    outer loop
      vertex 82.1 -31.2 -3
      vertex -80.2 -28.8 -3
      vertex 80.2 -28.8 -3
    endloop
  endfacet
  facet normal -0 0 -1
    outer loop
      vertex -80.2991 -28.713 -3
      vertex -82.7 -30.6 -3
      vertex -80.3 -28.7 -3
    endloop
  endfacet
  facet normal -0 0 -1
    outer loop
      vertex -80.2966 -28.7259 -3
      vertex -82.7 -30.6 -3
      vertex -80.2991 -28.713 -3
    endloop
  endfacet
  facet normal -0 0 -1
    outer loop
      vertex -80.2924 -28.7383 -3
      vertex -82.7 -30.6 -3
      vertex -80.2966 -28.7259 -3
    endloop
  endfacet
  facet normal -0 0 -1
    outer loop
      vertex -80.2866 -28.75 -3
      vertex -82.7 -30.6 -3
      vertex -80.2924 -28.7383 -3
    endloop
  endfacet
  facet normal -0 0 -1
    outer loop
      vertex -80.2793 -28.7609 -3
      vertex -82.7 -30.6 -3
      vertex -80.2866 -28.75 -3
    endloop
  endfacet
  facet normal -0 0 -1
    outer loop
      vertex -80.2707 -28.7707 -3
      vertex -82.7 -30.6 -3
      vertex -80.2793 -28.7609 -3
    endloop
  endfacet
  facet normal 0 0 -1
    outer loop
      vertex -82.7 -30.6 -3
      vertex -80.2707 -28.7707 -3
      vertex -82.1 -31.2 -3
    endloop
  endfacet
  facet normal -0 0 -1
    outer loop
      vertex -80.2609 -28.7793 -3
      vertex -82.1 -31.2 -3
      vertex -80.2707 -28.7707 -3
    endloop
  endfacet
  facet normal -0 0 -1
    outer loop
      vertex -80.25 -28.7866 -3
      vertex -82.1 -31.2 -3
      vertex -80.2609 -28.7793 -3
    endloop
  endfacet
  facet normal -0 0 -1
    outer loop
      vertex -80.2383 -28.7924 -3
      vertex -82.1 -31.2 -3
      vertex -80.25 -28.7866 -3
    endloop
  endfacet
  facet normal -0 0 -1
    outer loop
      vertex -80.2259 -28.7966 -3
      vertex -82.1 -31.2 -3
      vertex -80.2383 -28.7924 -3
    endloop
  endfacet
  facet normal -0 0 -1
    outer loop
      vertex -80.213 -28.7991 -3
      vertex -82.1 -31.2 -3
      vertex -80.2259 -28.7966 -3
    endloop
  endfacet
  facet normal -0 0 -1
    outer loop
      vertex -80.2 -28.8 -3
      vertex -82.1 -31.2 -3
      vertex -80.213 -28.7991 -3
    endloop
  endfacet
  facet normal 0 0 -1
    outer loop
      vertex -82.1 -31.2 -3
      vertex -80.2 -28.8 -3
      vertex 82.1 -31.2 -3
    endloop
  endfacet
  facet normal 0 0 -1
    outer loop
      vertex 82.5243 31.0243 -3
      vertex 82.1 31.2 -3
      vertex 82.4652 31.076 -3
    endloop
  endfacet
  facet normal 0 0 -1
    outer loop
      vertex 82.4 31.1196 -3
      vertex 82.1 31.2 -3
      vertex 82.3296 31.1543 -3
    endloop
  endfacet
  facet normal 0 0 -1
    outer loop
      vertex 82.3296 31.1543 -3
      vertex 82.1 31.2 -3
      vertex 82.2553 31.1796 -3
    endloop
  endfacet
  facet normal 0 0 -1
    outer loop
      vertex 82.2553 31.1796 -3
      vertex 82.1 31.2 -3
      vertex 82.1783 31.1949 -3
    endloop
  endfacet
  facet normal 0 0 -1
    outer loop
      vertex 82.4652 31.076 -3
      vertex 82.1 31.2 -3
      vertex 82.4 31.1196 -3
    endloop
  endfacet
  facet normal 0 0 -1
    outer loop
      vertex 82.6543 30.8296 -3
      vertex 82.1 31.2 -3
      vertex 82.6196 30.9 -3
    endloop
  endfacet
  facet normal 0 0 -1
    outer loop
      vertex 82.7 30.6 -3
      vertex 82.1 31.2 -3
      vertex 82.6949 30.6783 -3
    endloop
  endfacet
  facet normal 0 0 -1
    outer loop
      vertex 80.2609 28.7793 -3
      vertex 82.1 31.2 -3
      vertex 80.2707 28.7707 -3
    endloop
  endfacet
  facet normal 0 0 -1
    outer loop
      vertex 80.25 28.7866 -3
      vertex 82.1 31.2 -3
      vertex 80.2609 28.7793 -3
    endloop
  endfacet
  facet normal 0 0 -1
    outer loop
      vertex 80.2383 28.7924 -3
      vertex 82.1 31.2 -3
      vertex 80.25 28.7866 -3
    endloop
  endfacet
  facet normal 0 0 -1
    outer loop
      vertex 80.2259 28.7966 -3
      vertex 82.1 31.2 -3
      vertex 80.2383 28.7924 -3
    endloop
  endfacet
  facet normal 0 0 -1
    outer loop
      vertex 80.213 28.7991 -3
      vertex 82.1 31.2 -3
      vertex 80.2259 28.7966 -3
    endloop
  endfacet
  facet normal 0 0 -1
    outer loop
      vertex 80.2 28.8 -3
      vertex 82.1 31.2 -3
      vertex 80.213 28.7991 -3
    endloop
  endfacet
  facet normal 0 0 -1
    outer loop
      vertex 59.266 28.9 -3
      vertex 80.2 28.8 -3
      vertex 59.3153 28.8 -3
    endloop
  endfacet
  facet normal 0 0 -1
    outer loop
      vertex 59.1933 29.0088 -3
      vertex 80.2 28.8 -3
      vertex 59.266 28.9 -3
    endloop
  endfacet
  facet normal 0 0 -1
    outer loop
      vertex 59.1071 29.1071 -3
      vertex 80.2 28.8 -3
      vertex 59.1933 29.0088 -3
    endloop
  endfacet
  facet normal 0 0 -1
    outer loop
      vertex 80.2 28.8 -3
      vertex 59.1071 29.1071 -3
      vertex 82.1 31.2 -3
    endloop
  endfacet
  facet normal 0 0 -1
    outer loop
      vertex 59.0088 29.1933 -3
      vertex 82.1 31.2 -3
      vertex 59.1071 29.1071 -3
    endloop
  endfacet
  facet normal 0 0 -1
    outer loop
      vertex 58.9 29.266 -3
      vertex 82.1 31.2 -3
      vertex 59.0088 29.1933 -3
    endloop
  endfacet
  facet normal 0 0 -1
    outer loop
      vertex 58.7827 29.3239 -3
      vertex 82.1 31.2 -3
      vertex 58.9 29.266 -3
    endloop
  endfacet
  facet normal 0 0 -1
    outer loop
      vertex 58.6588 29.3659 -3
      vertex 82.1 31.2 -3
      vertex 58.7827 29.3239 -3
    endloop
  endfacet
  facet normal 0 0 -1
    outer loop
      vertex 58.5305 29.3914 -3
      vertex 82.1 31.2 -3
      vertex 58.6588 29.3659 -3
    endloop
  endfacet
  facet normal 0 0 -1
    outer loop
      vertex 58.4 29.4 -3
      vertex 82.1 31.2 -3
      vertex 58.5305 29.3914 -3
    endloop
  endfacet
  facet normal 0 0 -1
    outer loop
      vertex -82.1 31.2 -3
      vertex 58.4 29.4 -3
      vertex -78.4 29.4 -3
    endloop
  endfacet
  facet normal 0 0 -1
    outer loop
      vertex -80.2 28.8 -3
      vertex -79.266 28.9 -3
      vertex -79.3153 28.8 -3
    endloop
  endfacet
  facet normal 0 0 -1
    outer loop
      vertex -80.2 28.8 -3
      vertex -79.1933 29.0088 -3
      vertex -79.266 28.9 -3
    endloop
  endfacet
  facet normal 0 0 -1
    outer loop
      vertex -80.2 28.8 -3
      vertex -79.1071 29.1071 -3
      vertex -79.1933 29.0088 -3
    endloop
  endfacet
  facet normal 0 0 -1
    outer loop
      vertex -80.2 28.8 -3
      vertex -79.0088 29.1933 -3
      vertex -79.1071 29.1071 -3
    endloop
  endfacet
  facet normal 0 0 -1
    outer loop
      vertex -82.1 31.2 -3
      vertex -79.0088 29.1933 -3
      vertex -80.2 28.8 -3
    endloop
  endfacet
  facet normal 0 0 -1
    outer loop
      vertex -79.0088 29.1933 -3
      vertex -82.1 31.2 -3
      vertex -78.9 29.266 -3
    endloop
  endfacet
  facet normal 0 0 -1
    outer loop
      vertex -82.1 31.2 -3
      vertex -80.2 28.8 -3
      vertex -80.213 28.7991 -3
    endloop
  endfacet
  facet normal 0 0 -1
    outer loop
      vertex -82.1 31.2 -3
      vertex -80.213 28.7991 -3
      vertex -80.2259 28.7966 -3
    endloop
  endfacet
  facet normal 0 0 -1
    outer loop
      vertex -82.1 31.2 -3
      vertex -80.2259 28.7966 -3
      vertex -80.2383 28.7924 -3
    endloop
  endfacet
  facet normal 0 0 -1
    outer loop
      vertex 58.4 29.4 -3
      vertex -82.1 31.2 -3
      vertex 82.1 31.2 -3
    endloop
  endfacet
  facet normal 0 0 -1
    outer loop
      vertex -78.5305 29.3914 -3
      vertex -82.1 31.2 -3
      vertex -78.4 29.4 -3
    endloop
  endfacet
  facet normal 0 0 -1
    outer loop
      vertex -78.6588 29.3659 -3
      vertex -82.1 31.2 -3
      vertex -78.5305 29.3914 -3
    endloop
  endfacet
  facet normal 0 0 -1
    outer loop
      vertex -78.7827 29.3239 -3
      vertex -82.1 31.2 -3
      vertex -78.6588 29.3659 -3
    endloop
  endfacet
  facet normal 0 0 -1
    outer loop
      vertex -78.9 29.266 -3
      vertex -82.1 31.2 -3
      vertex -78.7827 29.3239 -3
    endloop
  endfacet
  facet normal 0 0 -1
    outer loop
      vertex -80.25 28.7866 -3
      vertex -82.1 31.2 -3
      vertex -80.2383 28.7924 -3
    endloop
  endfacet
  facet normal 0 0 -1
    outer loop
      vertex -80.2609 28.7793 -3
      vertex -82.1 31.2 -3
      vertex -80.25 28.7866 -3
    endloop
  endfacet
  facet normal 0 0 -1
    outer loop
      vertex -80.2707 28.7707 -3
      vertex -82.1 31.2 -3
      vertex -80.2609 28.7793 -3
    endloop
  endfacet
  facet normal 0 0 -1
    outer loop
      vertex -82.7 30.6 -3
      vertex -80.2707 28.7707 -3
      vertex -80.2793 28.7609 -3
    endloop
  endfacet
  facet normal 0 0 -1
    outer loop
      vertex -82.7 30.6 -3
      vertex -80.2793 28.7609 -3
      vertex -80.2866 28.75 -3
    endloop
  endfacet
  facet normal 0 0 -1
    outer loop
      vertex -82.7 30.6 -3
      vertex -80.2866 28.75 -3
      vertex -80.2924 28.7383 -3
    endloop
  endfacet
  facet normal 0 0 -1
    outer loop
      vertex -82.7 30.6 -3
      vertex -80.2924 28.7383 -3
      vertex -80.2966 28.7259 -3
    endloop
  endfacet
  facet normal 0 0 -1
    outer loop
      vertex -82.7 30.6 -3
      vertex -80.2966 28.7259 -3
      vertex -80.2991 28.713 -3
    endloop
  endfacet
  facet normal 0 0 -1
    outer loop
      vertex -82.7 30.6 -3
      vertex -80.2991 28.713 -3
      vertex -80.3 28.7 -3
    endloop
  endfacet
  facet normal -0 0 -1
    outer loop
      vertex -80.3 -28.7 -3
      vertex -82.7 -30.6 -3
      vertex -80.3 28.7 -3
    endloop
  endfacet
  facet normal 0 0 -1
    outer loop
      vertex -82.7 -30.6 -3
      vertex -82.1 -31.2 -3
      vertex -82.1783 -31.1949 -3
    endloop
  endfacet
  facet normal 0 0 -1
    outer loop
      vertex -82.7 30.6 -3
      vertex -80.3 28.7 -3
      vertex -82.7 -30.6 -3
    endloop
  endfacet
  facet normal 0 0 -1
    outer loop
      vertex -82.7 -30.6 -3
      vertex -82.1783 -31.1949 -3
      vertex -82.2553 -31.1796 -3
    endloop
  endfacet
  facet normal 0 0 -1
    outer loop
      vertex -80.2707 28.7707 -3
      vertex -82.7 30.6 -3
      vertex -82.1 31.2 -3
    endloop
  endfacet
  facet normal 0 0 -1
    outer loop
      vertex -82.7 -30.6 -3
      vertex -82.2553 -31.1796 -3
      vertex -82.3296 -31.1543 -3
    endloop
  endfacet
  facet normal 0 0 -1
    outer loop
      vertex -82.1 31.2 -3
      vertex -82.7 30.6 -3
      vertex -82.1783 31.1949 -3
    endloop
  endfacet
  facet normal 0 0 -1
    outer loop
      vertex -82.7 -30.6 -3
      vertex -82.3296 -31.1543 -3
      vertex -82.4 -31.1196 -3
    endloop
  endfacet
  facet normal 0 0 -1
    outer loop
      vertex -82.1783 31.1949 -3
      vertex -82.7 30.6 -3
      vertex -82.2553 31.1796 -3
    endloop
  endfacet
  facet normal 0 0 -1
    outer loop
      vertex -82.7 -30.6 -3
      vertex -82.4 -31.1196 -3
      vertex -82.4652 -31.076 -3
    endloop
  endfacet
  facet normal 0 0 -1
    outer loop
      vertex -82.2553 31.1796 -3
      vertex -82.7 30.6 -3
      vertex -82.3296 31.1543 -3
    endloop
  endfacet
  facet normal 0 0 -1
    outer loop
      vertex -82.7 -30.6 -3
      vertex -82.4652 -31.076 -3
      vertex -82.5243 -31.0243 -3
    endloop
  endfacet
  facet normal 0 0 -1
    outer loop
      vertex -82.3296 31.1543 -3
      vertex -82.7 30.6 -3
      vertex -82.4 31.1196 -3
    endloop
  endfacet
  facet normal 0 0 -1
    outer loop
      vertex -82.7 -30.6 -3
      vertex -82.5243 -31.0243 -3
      vertex -82.576 -30.9652 -3
    endloop
  endfacet
  facet normal 0 0 -1
    outer loop
      vertex -82.4 31.1196 -3
      vertex -82.7 30.6 -3
      vertex -82.4652 31.076 -3
    endloop
  endfacet
  facet normal 0 0 -1
    outer loop
      vertex -82.7 -30.6 -3
      vertex -82.576 -30.9652 -3
      vertex -82.6196 -30.9 -3
    endloop
  endfacet
  facet normal 0 0 -1
    outer loop
      vertex -82.4652 31.076 -3
      vertex -82.7 30.6 -3
      vertex -82.5243 31.0243 -3
    endloop
  endfacet
  facet normal 0 0 -1
    outer loop
      vertex -82.7 -30.6 -3
      vertex -82.6196 -30.9 -3
      vertex -82.6543 -30.8296 -3
    endloop
  endfacet
  facet normal 0 0 -1
    outer loop
      vertex -82.5243 31.0243 -3
      vertex -82.7 30.6 -3
      vertex -82.576 30.9652 -3
    endloop
  endfacet
  facet normal 0 0 -1
    outer loop
      vertex -82.7 -30.6 -3
      vertex -82.6543 -30.8296 -3
      vertex -82.6796 -30.7553 -3
    endloop
  endfacet
  facet normal 0 0 -1
    outer loop
      vertex -82.576 30.9652 -3
      vertex -82.7 30.6 -3
      vertex -82.6196 30.9 -3
    endloop
  endfacet
  facet normal 0 0 -1
    outer loop
      vertex -82.7 -30.6 -3
      vertex -82.6796 -30.7553 -3
      vertex -82.6949 -30.6783 -3
    endloop
  endfacet
  facet normal 0 0 -1
    outer loop
      vertex -82.6196 30.9 -3
      vertex -82.7 30.6 -3
      vertex -82.6543 30.8296 -3
    endloop
  endfacet
  facet normal 0 0 -1
    outer loop
      vertex -82.6543 30.8296 -3
      vertex -82.7 30.6 -3
      vertex -82.6796 30.7553 -3
    endloop
  endfacet
  facet normal 0 0 -1
    outer loop
      vertex -82.6796 30.7553 -3
      vertex -82.7 30.6 -3
      vertex -82.6949 30.6783 -3
    endloop
  endfacet
  facet normal -0.0649964 -0.997886 0
    outer loop
      vertex -82.1783 -31.1949 -3
      vertex -82.1 -31.2 0
      vertex -82.1783 -31.1949 0
    endloop
  endfacet
  facet normal -0.0649964 -0.997886 -0
    outer loop
      vertex -82.1 -31.2 0
      vertex -82.1783 -31.1949 -3
      vertex -82.1 -31.2 -3
    endloop
  endfacet
  facet normal 0.896961 0.44211 0
    outer loop
      vertex 82.6543 30.8296 0
      vertex 82.6196 30.9 -3
      vertex 82.6196 30.9 0
    endloop
  endfacet
  facet normal 0.896961 0.44211 0
    outer loop
      vertex 82.6196 30.9 -3
      vertex 82.6543 30.8296 0
      vertex 82.6543 30.8296 -3
    endloop
  endfacet
  facet normal 0.896961 -0.44211 0
    outer loop
      vertex 82.6196 -30.9 0
      vertex 82.6543 -30.8296 -3
      vertex 82.6543 -30.8296 0
    endloop
  endfacet
  facet normal 0.896961 -0.44211 0
    outer loop
      vertex 82.6543 -30.8296 -3
      vertex 82.6196 -30.9 0
      vertex 82.6196 -30.9 -3
    endloop
  endfacet
  facet normal 0.980825 -0.194891 0
    outer loop
      vertex 82.6796 -30.7553 0
      vertex 82.6949 -30.6783 -3
      vertex 82.6949 -30.6783 0
    endloop
  endfacet
  facet normal 0.980825 -0.194891 0
    outer loop
      vertex 82.6949 -30.6783 -3
      vertex 82.6796 -30.7553 0
      vertex 82.6796 -30.7553 -3
    endloop
  endfacet
  facet normal 0.752656 -0.658414 0
    outer loop
      vertex 82.5243 -31.0243 0
      vertex 82.576 -30.9652 -3
      vertex 82.576 -30.9652 0
    endloop
  endfacet
  facet normal 0.752656 -0.658414 0
    outer loop
      vertex 82.576 -30.9652 -3
      vertex 82.5243 -31.0243 0
      vertex 82.5243 -31.0243 -3
    endloop
  endfacet
  facet normal 0.44211 -0.896961 0
    outer loop
      vertex 82.3296 -31.1543 -3
      vertex 82.4 -31.1196 0
      vertex 82.3296 -31.1543 0
    endloop
  endfacet
  facet normal 0.44211 -0.896961 0
    outer loop
      vertex 82.4 -31.1196 0
      vertex 82.3296 -31.1543 -3
      vertex 82.4 -31.1196 -3
    endloop
  endfacet
  facet normal -0.658414 0.752656 0
    outer loop
      vertex -82.4652 31.076 -3
      vertex -82.5243 31.0243 0
      vertex -82.4652 31.076 0
    endloop
  endfacet
  facet normal -0.658414 0.752656 0
    outer loop
      vertex -82.5243 31.0243 0
      vertex -82.4652 31.076 -3
      vertex -82.5243 31.0243 -3
    endloop
  endfacet
  facet normal -0.555877 0.831265 0
    outer loop
      vertex -82.4 31.1196 -3
      vertex -82.4652 31.076 0
      vertex -82.4 31.1196 0
    endloop
  endfacet
  facet normal -0.555877 0.831265 0
    outer loop
      vertex -82.4652 31.076 0
      vertex -82.4 31.1196 -3
      vertex -82.4652 31.076 -3
    endloop
  endfacet
  facet normal -0.896961 0.44211 0
    outer loop
      vertex -82.6543 30.8296 -3
      vertex -82.6196 30.9 0
      vertex -82.6196 30.9 -3
    endloop
  endfacet
  facet normal -0.896961 0.44211 0
    outer loop
      vertex -82.6196 30.9 0
      vertex -82.6543 30.8296 -3
      vertex -82.6543 30.8296 0
    endloop
  endfacet
  facet normal -0.997886 -0.0649964 0
    outer loop
      vertex -82.6949 -30.6783 -3
      vertex -82.7 -30.6 0
      vertex -82.7 -30.6 -3
    endloop
  endfacet
  facet normal -0.997886 -0.0649964 0
    outer loop
      vertex -82.7 -30.6 0
      vertex -82.6949 -30.6783 -3
      vertex -82.6949 -30.6783 0
    endloop
  endfacet
  facet normal -0.946625 -0.322337 0
    outer loop
      vertex -82.6543 -30.8296 -3
      vertex -82.6796 -30.7553 0
      vertex -82.6796 -30.7553 -3
    endloop
  endfacet
  facet normal -0.946625 -0.322337 0
    outer loop
      vertex -82.6796 -30.7553 0
      vertex -82.6543 -30.8296 -3
      vertex -82.6543 -30.8296 0
    endloop
  endfacet
  facet normal -0.831265 -0.555877 0
    outer loop
      vertex -82.576 -30.9652 -3
      vertex -82.6196 -30.9 0
      vertex -82.6196 -30.9 -3
    endloop
  endfacet
  facet normal -0.831265 -0.555877 0
    outer loop
      vertex -82.6196 -30.9 0
      vertex -82.576 -30.9652 -3
      vertex -82.576 -30.9652 0
    endloop
  endfacet
  facet normal 0.752656 0.658414 0
    outer loop
      vertex 82.576 30.9652 0
      vertex 82.5243 31.0243 -3
      vertex 82.5243 31.0243 0
    endloop
  endfacet
  facet normal 0.752656 0.658414 0
    outer loop
      vertex 82.5243 31.0243 -3
      vertex 82.576 30.9652 0
      vertex 82.576 30.9652 -3
    endloop
  endfacet
  facet normal 0.980825 0.194891 0
    outer loop
      vertex 82.6949 30.6783 0
      vertex 82.6796 30.7553 -3
      vertex 82.6796 30.7553 0
    endloop
  endfacet
  facet normal 0.980825 0.194891 0
    outer loop
      vertex 82.6796 30.7553 -3
      vertex 82.6949 30.6783 0
      vertex 82.6949 30.6783 -3
    endloop
  endfacet
  facet normal 0.997886 0.0649964 0
    outer loop
      vertex 82.7 30.6 0
      vertex 82.6949 30.6783 -3
      vertex 82.6949 30.6783 0
    endloop
  endfacet
  facet normal 0.997886 0.0649964 0
    outer loop
      vertex 82.6949 30.6783 -3
      vertex 82.7 30.6 0
      vertex 82.7 30.6 -3
    endloop
  endfacet
  facet normal 0.946625 0.322337 0
    outer loop
      vertex 82.6796 30.7553 0
      vertex 82.6543 30.8296 -3
      vertex 82.6543 30.8296 0
    endloop
  endfacet
  facet normal 0.946625 0.322337 0
    outer loop
      vertex 82.6543 30.8296 -3
      vertex 82.6796 30.7553 0
      vertex 82.6796 30.7553 -3
    endloop
  endfacet
  facet normal 0.831265 0.555877 0
    outer loop
      vertex 82.6196 30.9 0
      vertex 82.576 30.9652 -3
      vertex 82.576 30.9652 0
    endloop
  endfacet
  facet normal 0.831265 0.555877 0
    outer loop
      vertex 82.576 30.9652 -3
      vertex 82.6196 30.9 0
      vertex 82.6196 30.9 -3
    endloop
  endfacet
  facet normal 0.946625 -0.322337 0
    outer loop
      vertex 82.6543 -30.8296 0
      vertex 82.6796 -30.7553 -3
      vertex 82.6796 -30.7553 0
    endloop
  endfacet
  facet normal 0.946625 -0.322337 0
    outer loop
      vertex 82.6796 -30.7553 -3
      vertex 82.6543 -30.8296 0
      vertex 82.6543 -30.8296 -3
    endloop
  endfacet
  facet normal 0.997886 -0.0649964 0
    outer loop
      vertex 82.6949 -30.6783 0
      vertex 82.7 -30.6 -3
      vertex 82.7 -30.6 0
    endloop
  endfacet
  facet normal 0.997886 -0.0649964 0
    outer loop
      vertex 82.7 -30.6 -3
      vertex 82.6949 -30.6783 0
      vertex 82.6949 -30.6783 -3
    endloop
  endfacet
  facet normal 0.831265 -0.555877 0
    outer loop
      vertex 82.576 -30.9652 0
      vertex 82.6196 -30.9 -3
      vertex 82.6196 -30.9 0
    endloop
  endfacet
  facet normal 0.831265 -0.555877 0
    outer loop
      vertex 82.6196 -30.9 -3
      vertex 82.576 -30.9652 0
      vertex 82.576 -30.9652 -3
    endloop
  endfacet
  facet normal 0.555877 -0.831265 0
    outer loop
      vertex 82.4 -31.1196 -3
      vertex 82.4652 -31.076 0
      vertex 82.4 -31.1196 0
    endloop
  endfacet
  facet normal 0.555877 -0.831265 0
    outer loop
      vertex 82.4652 -31.076 0
      vertex 82.4 -31.1196 -3
      vertex 82.4652 -31.076 -3
    endloop
  endfacet
  facet normal -0.980825 -0.194891 0
    outer loop
      vertex -82.6796 -30.7553 -3
      vertex -82.6949 -30.6783 0
      vertex -82.6949 -30.6783 -3
    endloop
  endfacet
  facet normal -0.980825 -0.194891 0
    outer loop
      vertex -82.6949 -30.6783 0
      vertex -82.6796 -30.7553 -3
      vertex -82.6796 -30.7553 0
    endloop
  endfacet
  facet normal -0.896961 -0.44211 0
    outer loop
      vertex -82.6196 -30.9 -3
      vertex -82.6543 -30.8296 0
      vertex -82.6543 -30.8296 -3
    endloop
  endfacet
  facet normal -0.896961 -0.44211 0
    outer loop
      vertex -82.6543 -30.8296 0
      vertex -82.6196 -30.9 -3
      vertex -82.6196 -30.9 0
    endloop
  endfacet
  facet normal -0.752656 -0.658414 0
    outer loop
      vertex -82.5243 -31.0243 -3
      vertex -82.576 -30.9652 0
      vertex -82.576 -30.9652 -3
    endloop
  endfacet
  facet normal -0.752656 -0.658414 0
    outer loop
      vertex -82.576 -30.9652 0
      vertex -82.5243 -31.0243 -3
      vertex -82.5243 -31.0243 0
    endloop
  endfacet
  facet normal -0.658414 -0.752656 0
    outer loop
      vertex -82.5243 -31.0243 -3
      vertex -82.4652 -31.076 0
      vertex -82.5243 -31.0243 0
    endloop
  endfacet
  facet normal -0.658414 -0.752656 -0
    outer loop
      vertex -82.4652 -31.076 0
      vertex -82.5243 -31.0243 -3
      vertex -82.4652 -31.076 -3
    endloop
  endfacet
  facet normal -0.44211 -0.896961 0
    outer loop
      vertex -82.4 -31.1196 -3
      vertex -82.3296 -31.1543 0
      vertex -82.4 -31.1196 0
    endloop
  endfacet
  facet normal -0.44211 -0.896961 -0
    outer loop
      vertex -82.3296 -31.1543 0
      vertex -82.4 -31.1196 -3
      vertex -82.3296 -31.1543 -3
    endloop
  endfacet
  facet normal 0.658414 0.752656 -0
    outer loop
      vertex 82.5243 31.0243 -3
      vertex 82.4652 31.076 0
      vertex 82.5243 31.0243 0
    endloop
  endfacet
  facet normal 0.658414 0.752656 0
    outer loop
      vertex 82.4652 31.076 0
      vertex 82.5243 31.0243 -3
      vertex 82.4652 31.076 -3
    endloop
  endfacet
  facet normal 0.555877 0.831265 -0
    outer loop
      vertex 82.4652 31.076 -3
      vertex 82.4 31.1196 0
      vertex 82.4652 31.076 0
    endloop
  endfacet
  facet normal 0.555877 0.831265 0
    outer loop
      vertex 82.4 31.1196 0
      vertex 82.4652 31.076 -3
      vertex 82.4 31.1196 -3
    endloop
  endfacet
  facet normal 0.658414 -0.752656 0
    outer loop
      vertex 82.4652 -31.076 -3
      vertex 82.5243 -31.0243 0
      vertex 82.4652 -31.076 0
    endloop
  endfacet
  facet normal 0.658414 -0.752656 0
    outer loop
      vertex 82.5243 -31.0243 0
      vertex 82.4652 -31.076 -3
      vertex 82.5243 -31.0243 -3
    endloop
  endfacet
  facet normal -0.555877 -0.831265 0
    outer loop
      vertex -82.4652 -31.076 -3
      vertex -82.4 -31.1196 0
      vertex -82.4652 -31.076 0
    endloop
  endfacet
  facet normal -0.555877 -0.831265 -0
    outer loop
      vertex -82.4 -31.1196 0
      vertex -82.4652 -31.076 -3
      vertex -82.4 -31.1196 -3
    endloop
  endfacet
  facet normal -0.0690655 0.997612 0
    outer loop
      vertex 80.213 -28.7991 -3
      vertex 80.2 -28.8 0
      vertex 80.213 -28.7991 0
    endloop
  endfacet
  facet normal -0.0690655 0.997612 0
    outer loop
      vertex 80.2 -28.8 0
      vertex 80.213 -28.7991 -3
      vertex 80.2 -28.8 -3
    endloop
  endfacet
  facet normal -0.190259 0.981734 0
    outer loop
      vertex 80.2259 -28.7966 -3
      vertex 80.213 -28.7991 0
      vertex 80.2259 -28.7966 0
    endloop
  endfacet
  facet normal -0.190259 0.981734 0
    outer loop
      vertex 80.213 -28.7991 0
      vertex 80.2259 -28.7966 -3
      vertex 80.213 -28.7991 -3
    endloop
  endfacet
  facet normal 0.0690655 -0.997612 0
    outer loop
      vertex -80.213 28.7991 -3
      vertex -80.2 28.8 0
      vertex -80.213 28.7991 0
    endloop
  endfacet
  facet normal 0.0690655 -0.997612 0
    outer loop
      vertex -80.2 28.8 0
      vertex -80.213 28.7991 -3
      vertex -80.2 28.8 -3
    endloop
  endfacet
  facet normal -1 0 0
    outer loop
      vertex 80.3 -28.7 -3
      vertex 80.3 28.7 0
      vertex 80.3 28.7 -3
    endloop
  endfacet
  facet normal -1 -0 0
    outer loop
      vertex 80.3 28.7 0
      vertex 80.3 -28.7 -3
      vertex 80.3 -28.7 0
    endloop
  endfacet
  facet normal 0.997612 0.0690655 0
    outer loop
      vertex -80.2991 -28.713 0
      vertex -80.3 -28.7 -3
      vertex -80.3 -28.7 0
    endloop
  endfacet
  facet normal 0.997612 0.0690655 0
    outer loop
      vertex -80.3 -28.7 -3
      vertex -80.2991 -28.713 0
      vertex -80.2991 -28.713 -3
    endloop
  endfacet
  facet normal 0.190259 -0.981734 0
    outer loop
      vertex -80.2259 28.7966 -3
      vertex -80.213 28.7991 0
      vertex -80.2259 28.7966 0
    endloop
  endfacet
  facet normal 0.190259 -0.981734 0
    outer loop
      vertex -80.213 28.7991 0
      vertex -80.2259 28.7966 -3
      vertex -80.213 28.7991 -3
    endloop
  endfacet
  facet normal 0.0690655 0.997612 -0
    outer loop
      vertex -80.2 -28.8 -3
      vertex -80.213 -28.7991 0
      vertex -80.2 -28.8 0
    endloop
  endfacet
  facet normal 0.0690655 0.997612 0
    outer loop
      vertex -80.213 -28.7991 0
      vertex -80.2 -28.8 -3
      vertex -80.213 -28.7991 -3
    endloop
  endfacet
  facet normal 0 1 -0
    outer loop
      vertex 80.2 -28.8 -3
      vertex -80.2 -28.8 0
      vertex 80.2 -28.8 0
    endloop
  endfacet
  facet normal 0 1 0
    outer loop
      vertex -80.2 -28.8 0
      vertex 80.2 -28.8 -3
      vertex -80.2 -28.8 -3
    endloop
  endfacet
  facet normal 0 -1 0
    outer loop
      vertex -80.2 28.8 -3
      vertex -79.3153 28.8 0
      vertex -80.2 28.8 0
    endloop
  endfacet
  facet normal 0 -1 -0
    outer loop
      vertex -79.3153 28.8 0
      vertex -80.2 28.8 -3
      vertex -79.3153 28.8 -3
    endloop
  endfacet
  facet normal 0 -1 0
    outer loop
      vertex 59.3153 28.8 -3
      vertex 80.2 28.8 0
      vertex 59.3153 28.8 0
    endloop
  endfacet
  facet normal 0 -1 -0
    outer loop
      vertex 80.2 28.8 0
      vertex 59.3153 28.8 -3
      vertex 80.2 28.8 -3
    endloop
  endfacet
  facet normal -0.190259 -0.981734 0
    outer loop
      vertex 80.213 28.7991 -3
      vertex 80.2259 28.7966 0
      vertex 80.213 28.7991 0
    endloop
  endfacet
  facet normal -0.190259 -0.981734 -0
    outer loop
      vertex 80.2259 28.7966 0
      vertex 80.213 28.7991 -3
      vertex 80.2259 28.7966 -3
    endloop
  endfacet
  facet normal 1 -0 0
    outer loop
      vertex -80.3 -28.7 0
      vertex -80.3 28.7 -3
      vertex -80.3 28.7 0
    endloop
  endfacet
  facet normal 1 0 0
    outer loop
      vertex -80.3 28.7 -3
      vertex -80.3 -28.7 0
      vertex -80.3 -28.7 -3
    endloop
  endfacet
  facet normal -0.830876 0.556458 0
    outer loop
      vertex 80.2793 -28.7609 -3
      vertex 80.2866 -28.75 0
      vertex 80.2866 -28.75 -3
    endloop
  endfacet
  facet normal -0.830876 0.556458 0
    outer loop
      vertex 80.2866 -28.75 0
      vertex 80.2793 -28.7609 -3
      vertex 80.2793 -28.7609 0
    endloop
  endfacet
  facet normal -0.320807 -0.947145 0
    outer loop
      vertex 80.2259 28.7966 -3
      vertex 80.2383 28.7924 0
      vertex 80.2259 28.7966 0
    endloop
  endfacet
  facet normal -0.320807 -0.947145 -0
    outer loop
      vertex 80.2383 28.7924 0
      vertex 80.2259 28.7966 -3
      vertex 80.2383 28.7924 -3
    endloop
  endfacet
  facet normal -0.0690655 -0.997612 0
    outer loop
      vertex 80.2 28.8 -3
      vertex 80.213 28.7991 0
      vertex 80.2 28.8 0
    endloop
  endfacet
  facet normal -0.0690655 -0.997612 -0
    outer loop
      vertex 80.213 28.7991 0
      vertex 80.2 28.8 -3
      vertex 80.213 28.7991 -3
    endloop
  endfacet
  facet normal 0.556458 -0.830876 0
    outer loop
      vertex -80.2609 28.7793 -3
      vertex -80.25 28.7866 0
      vertex -80.2609 28.7793 0
    endloop
  endfacet
  facet normal 0.556458 -0.830876 0
    outer loop
      vertex -80.25 28.7866 0
      vertex -80.2609 28.7793 -3
      vertex -80.25 28.7866 -3
    endloop
  endfacet
  facet normal 0.830876 -0.556458 0
    outer loop
      vertex -80.2866 28.75 0
      vertex -80.2793 28.7609 -3
      vertex -80.2793 28.7609 0
    endloop
  endfacet
  facet normal 0.830876 -0.556458 0
    outer loop
      vertex -80.2793 28.7609 -3
      vertex -80.2866 28.75 0
      vertex -80.2866 28.75 -3
    endloop
  endfacet
  facet normal 0.444148 -0.895953 0
    outer loop
      vertex -80.25 28.7866 -3
      vertex -80.2383 28.7924 0
      vertex -80.25 28.7866 0
    endloop
  endfacet
  facet normal 0.444148 -0.895953 0
    outer loop
      vertex -80.2383 28.7924 0
      vertex -80.25 28.7866 -3
      vertex -80.2383 28.7924 -3
    endloop
  endfacet
  facet normal 0.997612 -0.0690655 0
    outer loop
      vertex -80.3 28.7 0
      vertex -80.2991 28.713 -3
      vertex -80.2991 28.713 0
    endloop
  endfacet
  facet normal 0.997612 -0.0690655 0
    outer loop
      vertex -80.2991 28.713 -3
      vertex -80.3 28.7 0
      vertex -80.3 28.7 -3
    endloop
  endfacet
  facet normal 0.981734 -0.190259 0
    outer loop
      vertex -80.2991 28.713 0
      vertex -80.2966 28.7259 -3
      vertex -80.2966 28.7259 0
    endloop
  endfacet
  facet normal 0.981734 -0.190259 0
    outer loop
      vertex -80.2966 28.7259 -3
      vertex -80.2991 28.713 0
      vertex -80.2991 28.713 -3
    endloop
  endfacet
  facet normal 0.895953 0.444148 0
    outer loop
      vertex -80.2866 -28.75 0
      vertex -80.2924 -28.7383 -3
      vertex -80.2924 -28.7383 0
    endloop
  endfacet
  facet normal 0.895953 0.444148 0
    outer loop
      vertex -80.2924 -28.7383 -3
      vertex -80.2866 -28.75 0
      vertex -80.2866 -28.75 -3
    endloop
  endfacet
  facet normal 0.981734 0.190259 0
    outer loop
      vertex -80.2966 -28.7259 0
      vertex -80.2991 -28.713 -3
      vertex -80.2991 -28.713 0
    endloop
  endfacet
  facet normal 0.981734 0.190259 0
    outer loop
      vertex -80.2991 -28.713 -3
      vertex -80.2966 -28.7259 0
      vertex -80.2966 -28.7259 -3
    endloop
  endfacet
  facet normal 0.320807 0.947145 -0
    outer loop
      vertex -80.2259 -28.7966 -3
      vertex -80.2383 -28.7924 0
      vertex -80.2259 -28.7966 0
    endloop
  endfacet
  facet normal 0.320807 0.947145 0
    outer loop
      vertex -80.2383 -28.7924 0
      vertex -80.2259 -28.7966 -3
      vertex -80.2383 -28.7924 -3
    endloop
  endfacet
  facet normal -0.556458 0.830876 0
    outer loop
      vertex 80.2609 -28.7793 -3
      vertex 80.25 -28.7866 0
      vertex 80.2609 -28.7793 0
    endloop
  endfacet
  facet normal -0.556458 0.830876 0
    outer loop
      vertex 80.25 -28.7866 0
      vertex 80.2609 -28.7793 -3
      vertex 80.25 -28.7866 -3
    endloop
  endfacet
  facet normal 0.320807 -0.947145 0
    outer loop
      vertex -80.2383 28.7924 -3
      vertex -80.2259 28.7966 0
      vertex -80.2383 28.7924 0
    endloop
  endfacet
  facet normal 0.320807 -0.947145 0
    outer loop
      vertex -80.2259 28.7966 0
      vertex -80.2383 28.7924 -3
      vertex -80.2259 28.7966 -3
    endloop
  endfacet
  facet normal 0.751626 -0.65959 0
    outer loop
      vertex -80.2793 28.7609 0
      vertex -80.2707 28.7707 -3
      vertex -80.2707 28.7707 0
    endloop
  endfacet
  facet normal 0.751626 -0.65959 0
    outer loop
      vertex -80.2707 28.7707 -3
      vertex -80.2793 28.7609 0
      vertex -80.2793 28.7609 -3
    endloop
  endfacet
  facet normal 0.65959 -0.751626 0
    outer loop
      vertex -80.2707 28.7707 -3
      vertex -80.2609 28.7793 0
      vertex -80.2707 28.7707 0
    endloop
  endfacet
  facet normal 0.65959 -0.751626 0
    outer loop
      vertex -80.2609 28.7793 0
      vertex -80.2707 28.7707 -3
      vertex -80.2609 28.7793 -3
    endloop
  endfacet
  facet normal 0.895953 -0.444148 0
    outer loop
      vertex -80.2924 28.7383 0
      vertex -80.2866 28.75 -3
      vertex -80.2866 28.75 0
    endloop
  endfacet
  facet normal 0.895953 -0.444148 0
    outer loop
      vertex -80.2866 28.75 -3
      vertex -80.2924 28.7383 0
      vertex -80.2924 28.7383 -3
    endloop
  endfacet
  facet normal 0.947145 0.320807 0
    outer loop
      vertex -80.2924 -28.7383 0
      vertex -80.2966 -28.7259 -3
      vertex -80.2966 -28.7259 0
    endloop
  endfacet
  facet normal 0.947145 0.320807 0
    outer loop
      vertex -80.2966 -28.7259 -3
      vertex -80.2924 -28.7383 0
      vertex -80.2924 -28.7383 -3
    endloop
  endfacet
  facet normal 0.830876 0.556458 0
    outer loop
      vertex -80.2793 -28.7609 0
      vertex -80.2866 -28.75 -3
      vertex -80.2866 -28.75 0
    endloop
  endfacet
  facet normal 0.830876 0.556458 0
    outer loop
      vertex -80.2866 -28.75 -3
      vertex -80.2793 -28.7609 0
      vertex -80.2793 -28.7609 -3
    endloop
  endfacet
  facet normal 0.751626 0.65959 0
    outer loop
      vertex -80.2707 -28.7707 0
      vertex -80.2793 -28.7609 -3
      vertex -80.2793 -28.7609 0
    endloop
  endfacet
  facet normal 0.751626 0.65959 0
    outer loop
      vertex -80.2793 -28.7609 -3
      vertex -80.2707 -28.7707 0
      vertex -80.2707 -28.7707 -3
    endloop
  endfacet
  facet normal 0.190259 0.981734 -0
    outer loop
      vertex -80.213 -28.7991 -3
      vertex -80.2259 -28.7966 0
      vertex -80.213 -28.7991 0
    endloop
  endfacet
  facet normal 0.190259 0.981734 0
    outer loop
      vertex -80.2259 -28.7966 0
      vertex -80.213 -28.7991 -3
      vertex -80.2259 -28.7966 -3
    endloop
  endfacet
  facet normal -0.997612 -0.0690655 0
    outer loop
      vertex 80.3 28.7 -3
      vertex 80.2991 28.713 0
      vertex 80.2991 28.713 -3
    endloop
  endfacet
  facet normal -0.997612 -0.0690655 0
    outer loop
      vertex 80.2991 28.713 0
      vertex 80.3 28.7 -3
      vertex 80.3 28.7 0
    endloop
  endfacet
  facet normal -0.895953 -0.444148 0
    outer loop
      vertex 80.2924 28.7383 -3
      vertex 80.2866 28.75 0
      vertex 80.2866 28.75 -3
    endloop
  endfacet
  facet normal -0.895953 -0.444148 0
    outer loop
      vertex 80.2866 28.75 0
      vertex 80.2924 28.7383 -3
      vertex 80.2924 28.7383 0
    endloop
  endfacet
  facet normal -0.320807 0.947145 0
    outer loop
      vertex 80.2383 -28.7924 -3
      vertex 80.2259 -28.7966 0
      vertex 80.2383 -28.7924 0
    endloop
  endfacet
  facet normal -0.320807 0.947145 0
    outer loop
      vertex 80.2259 -28.7966 0
      vertex 80.2383 -28.7924 -3
      vertex 80.2259 -28.7966 -3
    endloop
  endfacet
  facet normal -0.444148 0.895953 0
    outer loop
      vertex 80.25 -28.7866 -3
      vertex 80.2383 -28.7924 0
      vertex 80.25 -28.7866 0
    endloop
  endfacet
  facet normal -0.444148 0.895953 0
    outer loop
      vertex 80.2383 -28.7924 0
      vertex 80.25 -28.7866 -3
      vertex 80.2383 -28.7924 -3
    endloop
  endfacet
  facet normal -0.65959 0.751626 0
    outer loop
      vertex 80.2707 -28.7707 -3
      vertex 80.2609 -28.7793 0
      vertex 80.2707 -28.7707 0
    endloop
  endfacet
  facet normal -0.65959 0.751626 0
    outer loop
      vertex 80.2609 -28.7793 0
      vertex 80.2707 -28.7707 -3
      vertex 80.2609 -28.7793 -3
    endloop
  endfacet
  facet normal -0.895953 0.444148 0
    outer loop
      vertex 80.2866 -28.75 -3
      vertex 80.2924 -28.7383 0
      vertex 80.2924 -28.7383 -3
    endloop
  endfacet
  facet normal -0.895953 0.444148 0
    outer loop
      vertex 80.2924 -28.7383 0
      vertex 80.2866 -28.75 -3
      vertex 80.2866 -28.75 0
    endloop
  endfacet
  facet normal -0.997612 0.0690655 0
    outer loop
      vertex 80.2991 -28.713 -3
      vertex 80.3 -28.7 0
      vertex 80.3 -28.7 -3
    endloop
  endfacet
  facet normal -0.997612 0.0690655 0
    outer loop
      vertex 80.3 -28.7 0
      vertex 80.2991 -28.713 -3
      vertex 80.2991 -28.713 0
    endloop
  endfacet
  facet normal 0.947145 -0.320807 0
    outer loop
      vertex -80.2966 28.7259 0
      vertex -80.2924 28.7383 -3
      vertex -80.2924 28.7383 0
    endloop
  endfacet
  facet normal 0.947145 -0.320807 0
    outer loop
      vertex -80.2924 28.7383 -3
      vertex -80.2966 28.7259 0
      vertex -80.2966 28.7259 -3
    endloop
  endfacet
  facet normal 0.65959 0.751626 -0
    outer loop
      vertex -80.2609 -28.7793 -3
      vertex -80.2707 -28.7707 0
      vertex -80.2609 -28.7793 0
    endloop
  endfacet
  facet normal 0.65959 0.751626 0
    outer loop
      vertex -80.2707 -28.7707 0
      vertex -80.2609 -28.7793 -3
      vertex -80.2707 -28.7707 -3
    endloop
  endfacet
  facet normal 0.444148 0.895953 -0
    outer loop
      vertex -80.2383 -28.7924 -3
      vertex -80.25 -28.7866 0
      vertex -80.2383 -28.7924 0
    endloop
  endfacet
  facet normal 0.444148 0.895953 0
    outer loop
      vertex -80.25 -28.7866 0
      vertex -80.2383 -28.7924 -3
      vertex -80.25 -28.7866 -3
    endloop
  endfacet
  facet normal 0.556458 0.830876 -0
    outer loop
      vertex -80.25 -28.7866 -3
      vertex -80.2609 -28.7793 0
      vertex -80.25 -28.7866 0
    endloop
  endfacet
  facet normal 0.556458 0.830876 0
    outer loop
      vertex -80.2609 -28.7793 0
      vertex -80.25 -28.7866 -3
      vertex -80.2609 -28.7793 -3
    endloop
  endfacet
  facet normal -0.981734 -0.190259 0
    outer loop
      vertex 80.2991 28.713 -3
      vertex 80.2966 28.7259 0
      vertex 80.2966 28.7259 -3
    endloop
  endfacet
  facet normal -0.981734 -0.190259 0
    outer loop
      vertex 80.2966 28.7259 0
      vertex 80.2991 28.713 -3
      vertex 80.2991 28.713 0
    endloop
  endfacet
  facet normal -0.947145 -0.320807 0
    outer loop
      vertex 80.2966 28.7259 -3
      vertex 80.2924 28.7383 0
      vertex 80.2924 28.7383 -3
    endloop
  endfacet
  facet normal -0.947145 -0.320807 0
    outer loop
      vertex 80.2924 28.7383 0
      vertex 80.2966 28.7259 -3
      vertex 80.2966 28.7259 0
    endloop
  endfacet
  facet normal -0.444148 -0.895953 0
    outer loop
      vertex 80.2383 28.7924 -3
      vertex 80.25 28.7866 0
      vertex 80.2383 28.7924 0
    endloop
  endfacet
  facet normal -0.444148 -0.895953 -0
    outer loop
      vertex 80.25 28.7866 0
      vertex 80.2383 28.7924 -3
      vertex 80.25 28.7866 -3
    endloop
  endfacet
  facet normal -0.556458 -0.830876 0
    outer loop
      vertex 80.25 28.7866 -3
      vertex 80.2609 28.7793 0
      vertex 80.25 28.7866 0
    endloop
  endfacet
  facet normal -0.556458 -0.830876 -0
    outer loop
      vertex 80.2609 28.7793 0
      vertex 80.25 28.7866 -3
      vertex 80.2609 28.7793 -3
    endloop
  endfacet
  facet normal -0.830876 -0.556458 0
    outer loop
      vertex 80.2866 28.75 -3
      vertex 80.2793 28.7609 0
      vertex 80.2793 28.7609 -3
    endloop
  endfacet
  facet normal -0.830876 -0.556458 0
    outer loop
      vertex 80.2793 28.7609 0
      vertex 80.2866 28.75 -3
      vertex 80.2866 28.75 0
    endloop
  endfacet
  facet normal -0.65959 -0.751626 0
    outer loop
      vertex 80.2609 28.7793 -3
      vertex 80.2707 28.7707 0
      vertex 80.2609 28.7793 0
    endloop
  endfacet
  facet normal -0.65959 -0.751626 -0
    outer loop
      vertex 80.2707 28.7707 0
      vertex 80.2609 28.7793 -3
      vertex 80.2707 28.7707 -3
    endloop
  endfacet
  facet normal -0.751626 0.65959 0
    outer loop
      vertex 80.2707 -28.7707 -3
      vertex 80.2793 -28.7609 0
      vertex 80.2793 -28.7609 -3
    endloop
  endfacet
  facet normal -0.751626 0.65959 0
    outer loop
      vertex 80.2793 -28.7609 0
      vertex 80.2707 -28.7707 -3
      vertex 80.2707 -28.7707 0
    endloop
  endfacet
  facet normal -0.981734 0.190259 0
    outer loop
      vertex 80.2966 -28.7259 -3
      vertex 80.2991 -28.713 0
      vertex 80.2991 -28.713 -3
    endloop
  endfacet
  facet normal -0.981734 0.190259 0
    outer loop
      vertex 80.2991 -28.713 0
      vertex 80.2966 -28.7259 -3
      vertex 80.2966 -28.7259 0
    endloop
  endfacet
  facet normal -0.947145 0.320807 0
    outer loop
      vertex 80.2924 -28.7383 -3
      vertex 80.2966 -28.7259 0
      vertex 80.2966 -28.7259 -3
    endloop
  endfacet
  facet normal -0.947145 0.320807 0
    outer loop
      vertex 80.2966 -28.7259 0
      vertex 80.2924 -28.7383 -3
      vertex 80.2924 -28.7383 0
    endloop
  endfacet
  facet normal -0.751626 -0.65959 0
    outer loop
      vertex 80.2793 28.7609 -3
      vertex 80.2707 28.7707 0
      vertex 80.2707 28.7707 -3
    endloop
  endfacet
  facet normal -0.751626 -0.65959 0
    outer loop
      vertex 80.2707 28.7707 0
      vertex 80.2793 28.7609 -3
      vertex 80.2793 28.7609 0
    endloop
  endfacet
  facet normal 0.321574 -0.946885 0
    outer loop
      vertex 83.0764 -33.6978 0
      vertex 83.448 -33.5716 2.4
      vertex 83.0764 -33.6978 2.4
    endloop
  endfacet
  facet normal 0.321574 -0.946885 0
    outer loop
      vertex 83.448 -33.5716 2.4
      vertex 83.0764 -33.6978 0
      vertex 83.448 -33.5716 0
    endloop
  endfacet
  facet normal 0.194989 -0.980806 0
    outer loop
      vertex 82.6916 -33.7743 0
      vertex 83.0764 -33.6978 2.4
      vertex 82.6916 -33.7743 2.4
    endloop
  endfacet
  facet normal 0.194989 -0.980806 0
    outer loop
      vertex 83.0764 -33.6978 2.4
      vertex 82.6916 -33.7743 0
      vertex 83.0764 -33.6978 0
    endloop
  endfacet
  facet normal -1 0 0
    outer loop
      vertex -85.3 -30.8 0
      vertex -85.3 30.8 2.4
      vertex -85.3 30.8 0
    endloop
  endfacet
  facet normal -1 -0 0
    outer loop
      vertex -85.3 30.8 2.4
      vertex -85.3 -30.8 0
      vertex -85.3 -30.8 2.4
    endloop
  endfacet
  facet normal 0.0654873 -0.997853 0
    outer loop
      vertex 82.3 -33.8 0
      vertex 82.6916 -33.7743 2.4
      vertex 82.3 -33.8 2.4
    endloop
  endfacet
  facet normal 0.0654873 -0.997853 0
    outer loop
      vertex 82.6916 -33.7743 2.4
      vertex 82.3 -33.8 0
      vertex 82.6916 -33.7743 0
    endloop
  endfacet
  facet normal 0.321574 0.946885 -0
    outer loop
      vertex 83.448 33.5716 0
      vertex 83.0764 33.6978 2.4
      vertex 83.448 33.5716 2.4
    endloop
  endfacet
  facet normal 0.321574 0.946885 0
    outer loop
      vertex 83.0764 33.6978 2.4
      vertex 83.448 33.5716 0
      vertex 83.0764 33.6978 0
    endloop
  endfacet
  facet normal -0.751724 0.659478 0
    outer loop
      vertex -84.6801 32.6263 0
      vertex -84.4213 32.9213 2.4
      vertex -84.4213 32.9213 0
    endloop
  endfacet
  facet normal -0.751724 0.659478 0
    outer loop
      vertex -84.4213 32.9213 2.4
      vertex -84.6801 32.6263 0
      vertex -84.6801 32.6263 2.4
    endloop
  endfacet
  facet normal -0.321574 -0.946885 0
    outer loop
      vertex -83.448 -33.5716 0
      vertex -83.0764 -33.6978 2.4
      vertex -83.448 -33.5716 2.4
    endloop
  endfacet
  facet normal -0.321574 -0.946885 -0
    outer loop
      vertex -83.0764 -33.6978 2.4
      vertex -83.448 -33.5716 0
      vertex -83.0764 -33.6978 0
    endloop
  endfacet
  facet normal 0 -1 0
    outer loop
      vertex -82.3 -33.8 0
      vertex 82.3 -33.8 2.4
      vertex -82.3 -33.8 2.4
    endloop
  endfacet
  facet normal 0 -1 -0
    outer loop
      vertex 82.3 -33.8 2.4
      vertex -82.3 -33.8 0
      vertex 82.3 -33.8 0
    endloop
  endfacet
  facet normal 0 1 -0
    outer loop
      vertex 82.3 33.8 0
      vertex -82.3 33.8 2.4
      vertex 82.3 33.8 2.4
    endloop
  endfacet
  facet normal 0 1 0
    outer loop
      vertex -82.3 33.8 2.4
      vertex 82.3 33.8 0
      vertex -82.3 33.8 0
    endloop
  endfacet
  facet normal 1 -0 0
    outer loop
      vertex 85.3 -30.8 2.4
      vertex 85.3 30.8 0
      vertex 85.3 30.8 2.4
    endloop
  endfacet
  facet normal 1 0 0
    outer loop
      vertex 85.3 30.8 0
      vertex 85.3 -30.8 2.4
      vertex 85.3 -30.8 0
    endloop
  endfacet
  facet normal 0 0 1
    outer loop
      vertex 82.3 33.8 2.4
      vertex 85.3 30.8 2.4
      vertex 85.2743 31.1916 2.4
    endloop
  endfacet
  facet normal 0 0 1
    outer loop
      vertex 85.3 30.8 2.4
      vertex 74 0 2.4
      vertex 85.3 -30.8 2.4
    endloop
  endfacet
  facet normal 0 0 1
    outer loop
      vertex 82.3 33.8 2.4
      vertex 85.2743 31.1916 2.4
      vertex 85.1978 31.5764 2.4
    endloop
  endfacet
  facet normal -0 0 1
    outer loop
      vertex 73.9658 -0.522104 2.4
      vertex 85.3 -30.8 2.4
      vertex 74 0 2.4
    endloop
  endfacet
  facet normal 0 0 1
    outer loop
      vertex 82.3 33.8 2.4
      vertex 85.1978 31.5764 2.4
      vertex 85.0716 31.948 2.4
    endloop
  endfacet
  facet normal -0 0 1
    outer loop
      vertex 73.8637 -1.03528 2.4
      vertex 85.3 -30.8 2.4
      vertex 73.9658 -0.522104 2.4
    endloop
  endfacet
  facet normal 0 0 1
    outer loop
      vertex 82.3 33.8 2.4
      vertex 85.0716 31.948 2.4
      vertex 84.8981 32.3 2.4
    endloop
  endfacet
  facet normal -0 0 1
    outer loop
      vertex 73.6955 -1.53073 2.4
      vertex 85.3 -30.8 2.4
      vertex 73.8637 -1.03528 2.4
    endloop
  endfacet
  facet normal 0 0 1
    outer loop
      vertex 82.3 33.8 2.4
      vertex 84.8981 32.3 2.4
      vertex 84.6801 32.6263 2.4
    endloop
  endfacet
  facet normal -0 0 1
    outer loop
      vertex 73.4641 -2 2.4
      vertex 85.3 -30.8 2.4
      vertex 73.6955 -1.53073 2.4
    endloop
  endfacet
  facet normal 0 0 1
    outer loop
      vertex 82.3 33.8 2.4
      vertex 84.6801 32.6263 2.4
      vertex 84.4213 32.9213 2.4
    endloop
  endfacet
  facet normal -0 0 1
    outer loop
      vertex 73.1734 -2.43505 2.4
      vertex 85.3 -30.8 2.4
      vertex 73.4641 -2 2.4
    endloop
  endfacet
  facet normal 0 0 1
    outer loop
      vertex 82.3 33.8 2.4
      vertex 84.4213 32.9213 2.4
      vertex 84.1263 33.1801 2.4
    endloop
  endfacet
  facet normal -0 0 1
    outer loop
      vertex 72.8284 -2.82843 2.4
      vertex 85.3 -30.8 2.4
      vertex 73.1734 -2.43505 2.4
    endloop
  endfacet
  facet normal 0 0 1
    outer loop
      vertex 82.3 33.8 2.4
      vertex 84.1263 33.1801 2.4
      vertex 83.8 33.3981 2.4
    endloop
  endfacet
  facet normal -0 0 1
    outer loop
      vertex 72.435 -3.17341 2.4
      vertex 85.3 -30.8 2.4
      vertex 72.8284 -2.82843 2.4
    endloop
  endfacet
  facet normal 0 0 1
    outer loop
      vertex 82.3 33.8 2.4
      vertex 83.8 33.3981 2.4
      vertex 83.448 33.5716 2.4
    endloop
  endfacet
  facet normal -0 0 1
    outer loop
      vertex 72 -3.4641 2.4
      vertex 85.3 -30.8 2.4
      vertex 72.435 -3.17341 2.4
    endloop
  endfacet
  facet normal 0 0 1
    outer loop
      vertex 82.3 33.8 2.4
      vertex 83.448 33.5716 2.4
      vertex 83.0764 33.6978 2.4
    endloop
  endfacet
  facet normal -0 0 1
    outer loop
      vertex 71.5307 -3.69552 2.4
      vertex 85.3 -30.8 2.4
      vertex 72 -3.4641 2.4
    endloop
  endfacet
  facet normal 0 0 1
    outer loop
      vertex 82.3 33.8 2.4
      vertex 83.0764 33.6978 2.4
      vertex 82.6916 33.7743 2.4
    endloop
  endfacet
  facet normal -0 0 1
    outer loop
      vertex 71.0353 -3.8637 2.4
      vertex 85.3 -30.8 2.4
      vertex 71.5307 -3.69552 2.4
    endloop
  endfacet
  facet normal 0 0 1
    outer loop
      vertex 85.3 30.8 2.4
      vertex 82.3 33.8 2.4
      vertex 70.5221 3.96578 2.4
    endloop
  endfacet
  facet normal -0 0 1
    outer loop
      vertex 70.5221 -3.96578 2.4
      vertex 85.3 -30.8 2.4
      vertex 71.0353 -3.8637 2.4
    endloop
  endfacet
  facet normal 0 -0 1
    outer loop
      vertex 82.3 -33.8 2.4
      vertex 85.3 -30.8 2.4
      vertex 70.5221 -3.96578 2.4
    endloop
  endfacet
  facet normal 0 0 1
    outer loop
      vertex 85.3 30.8 2.4
      vertex 73.9658 0.522104 2.4
      vertex 74 0 2.4
    endloop
  endfacet
  facet normal 0 0 1
    outer loop
      vertex 85.3 30.8 2.4
      vertex 73.8637 1.03528 2.4
      vertex 73.9658 0.522104 2.4
    endloop
  endfacet
  facet normal 0 0 1
    outer loop
      vertex 85.3 30.8 2.4
      vertex 73.6955 1.53073 2.4
      vertex 73.8637 1.03528 2.4
    endloop
  endfacet
  facet normal 0 0 1
    outer loop
      vertex 85.3 30.8 2.4
      vertex 73.4641 2 2.4
      vertex 73.6955 1.53073 2.4
    endloop
  endfacet
  facet normal 0 0 1
    outer loop
      vertex 85.3 30.8 2.4
      vertex 73.1734 2.43505 2.4
      vertex 73.4641 2 2.4
    endloop
  endfacet
  facet normal 0 0 1
    outer loop
      vertex 85.3 30.8 2.4
      vertex 72.8284 2.82843 2.4
      vertex 73.1734 2.43505 2.4
    endloop
  endfacet
  facet normal 0 0 1
    outer loop
      vertex 85.3 30.8 2.4
      vertex 72.435 3.17341 2.4
      vertex 72.8284 2.82843 2.4
    endloop
  endfacet
  facet normal 0 0 1
    outer loop
      vertex 85.3 30.8 2.4
      vertex 72 3.4641 2.4
      vertex 72.435 3.17341 2.4
    endloop
  endfacet
  facet normal 0 0 1
    outer loop
      vertex 85.3 30.8 2.4
      vertex 71.5307 3.69552 2.4
      vertex 72 3.4641 2.4
    endloop
  endfacet
  facet normal 0 0 1
    outer loop
      vertex 85.3 30.8 2.4
      vertex 71.0353 3.8637 2.4
      vertex 71.5307 3.69552 2.4
    endloop
  endfacet
  facet normal 0 0 1
    outer loop
      vertex 85.3 30.8 2.4
      vertex 70.5221 3.96578 2.4
      vertex 71.0353 3.8637 2.4
    endloop
  endfacet
  facet normal 0 0 1
    outer loop
      vertex 82.3 33.8 2.4
      vertex 70 4 2.4
      vertex 70.5221 3.96578 2.4
    endloop
  endfacet
  facet normal 0 0 1
    outer loop
      vertex 82.3 33.8 2.4
      vertex 69.4779 3.96578 2.4
      vertex 70 4 2.4
    endloop
  endfacet
  facet normal -0 0 1
    outer loop
      vertex 49.7 23.5 2.4
      vertex 69.4779 3.96578 2.4
      vertex 82.3 33.8 2.4
    endloop
  endfacet
  facet normal 0 0 1
    outer loop
      vertex 69.4779 3.96578 2.4
      vertex 49.7 23.5 2.4
      vertex 68.9647 3.8637 2.4
    endloop
  endfacet
  facet normal 0 0 1
    outer loop
      vertex 68.9647 3.8637 2.4
      vertex 49.7 23.5 2.4
      vertex 68.4693 3.69552 2.4
    endloop
  endfacet
  facet normal 0 0 1
    outer loop
      vertex 68.4693 3.69552 2.4
      vertex 49.7 23.5 2.4
      vertex 68 3.4641 2.4
    endloop
  endfacet
  facet normal 0 0 1
    outer loop
      vertex 68 3.4641 2.4
      vertex 49.7 23.5 2.4
      vertex 67.565 3.17341 2.4
    endloop
  endfacet
  facet normal 0 0 1
    outer loop
      vertex 67.565 3.17341 2.4
      vertex 49.7 23.5 2.4
      vertex 67.1716 2.82843 2.4
    endloop
  endfacet
  facet normal 0 0 1
    outer loop
      vertex 67.1716 2.82843 2.4
      vertex 49.7 23.5 2.4
      vertex 66.8266 2.43505 2.4
    endloop
  endfacet
  facet normal 0 0 1
    outer loop
      vertex 66.1363 1.03528 2.4
      vertex 49.7 -11.5 2.4
      vertex 66.0342 0.522104 2.4
    endloop
  endfacet
  facet normal 0 0 1
    outer loop
      vertex 49.7 -11.5 2.4
      vertex 66.1363 1.03528 2.4
      vertex 49.7 23.5 2.4
    endloop
  endfacet
  facet normal 0 0 1
    outer loop
      vertex 66.3045 1.53073 2.4
      vertex 49.7 23.5 2.4
      vertex 66.1363 1.03528 2.4
    endloop
  endfacet
  facet normal 0 0 1
    outer loop
      vertex 66.5359 2 2.4
      vertex 49.7 23.5 2.4
      vertex 66.3045 1.53073 2.4
    endloop
  endfacet
  facet normal 0 0 1
    outer loop
      vertex 66.8266 2.43505 2.4
      vertex 49.7 23.5 2.4
      vertex 66.5359 2 2.4
    endloop
  endfacet
  facet normal 0 0 1
    outer loop
      vertex 82.3 33.8 2.4
      vertex 49.6914 23.6305 2.4
      vertex 49.7 23.5 2.4
    endloop
  endfacet
  facet normal 0 0 1
    outer loop
      vertex 82.3 33.8 2.4
      vertex 49.6659 23.7588 2.4
      vertex 49.6914 23.6305 2.4
    endloop
  endfacet
  facet normal 0 0 1
    outer loop
      vertex 82.3 33.8 2.4
      vertex 49.6239 23.8827 2.4
      vertex 49.6659 23.7588 2.4
    endloop
  endfacet
  facet normal 0 0 1
    outer loop
      vertex 82.3 33.8 2.4
      vertex 49.566 24 2.4
      vertex 49.6239 23.8827 2.4
    endloop
  endfacet
  facet normal 0 0 1
    outer loop
      vertex 82.3 33.8 2.4
      vertex 49.4933 24.1088 2.4
      vertex 49.566 24 2.4
    endloop
  endfacet
  facet normal 0 0 1
    outer loop
      vertex 82.3 33.8 2.4
      vertex 49.4071 24.2071 2.4
      vertex 49.4933 24.1088 2.4
    endloop
  endfacet
  facet normal 0 0 1
    outer loop
      vertex 82.3 33.8 2.4
      vertex 49.3088 24.2934 2.4
      vertex 49.4071 24.2071 2.4
    endloop
  endfacet
  facet normal 0 0 1
    outer loop
      vertex 82.3 33.8 2.4
      vertex 49.2 24.366 2.4
      vertex 49.3088 24.2934 2.4
    endloop
  endfacet
  facet normal 0 0 1
    outer loop
      vertex 82.3 33.8 2.4
      vertex 49.0827 24.4239 2.4
      vertex 49.2 24.366 2.4
    endloop
  endfacet
  facet normal 0 0 1
    outer loop
      vertex 82.3 33.8 2.4
      vertex 48.9588 24.4659 2.4
      vertex 49.0827 24.4239 2.4
    endloop
  endfacet
  facet normal 0 0 1
    outer loop
      vertex 82.3 33.8 2.4
      vertex 48.8305 24.4914 2.4
      vertex 48.9588 24.4659 2.4
    endloop
  endfacet
  facet normal 0 0 1
    outer loop
      vertex 82.3 33.8 2.4
      vertex 48.7 24.5 2.4
      vertex 48.8305 24.4914 2.4
    endloop
  endfacet
  facet normal -0 0 1
    outer loop
      vertex -82.3 33.8 2.4
      vertex 48.7 24.5 2.4
      vertex 82.3 33.8 2.4
    endloop
  endfacet
  facet normal 0 0 1
    outer loop
      vertex -69.6914 23.6305 2.4
      vertex -85.3 30.8 2.4
      vertex -69.7 23.5 2.4
    endloop
  endfacet
  facet normal 0 0 1
    outer loop
      vertex -69.6659 23.7588 2.4
      vertex -85.3 30.8 2.4
      vertex -69.6914 23.6305 2.4
    endloop
  endfacet
  facet normal -0 0 1
    outer loop
      vertex -85.3 30.8 2.4
      vertex -69.6659 23.7588 2.4
      vertex -82.3 33.8 2.4
    endloop
  endfacet
  facet normal 0 0 1
    outer loop
      vertex -69.6239 23.8827 2.4
      vertex -82.3 33.8 2.4
      vertex -69.6659 23.7588 2.4
    endloop
  endfacet
  facet normal 0 0 1
    outer loop
      vertex -69.566 24 2.4
      vertex -82.3 33.8 2.4
      vertex -69.6239 23.8827 2.4
    endloop
  endfacet
  facet normal 0 0 1
    outer loop
      vertex -69.4933 24.1088 2.4
      vertex -82.3 33.8 2.4
      vertex -69.566 24 2.4
    endloop
  endfacet
  facet normal 0 0 1
    outer loop
      vertex -69.4071 24.2071 2.4
      vertex -82.3 33.8 2.4
      vertex -69.4933 24.1088 2.4
    endloop
  endfacet
  facet normal 0 0 1
    outer loop
      vertex -69.3088 24.2934 2.4
      vertex -82.3 33.8 2.4
      vertex -69.4071 24.2071 2.4
    endloop
  endfacet
  facet normal 0 0 1
    outer loop
      vertex -69.2 24.366 2.4
      vertex -82.3 33.8 2.4
      vertex -69.3088 24.2934 2.4
    endloop
  endfacet
  facet normal 0 0 1
    outer loop
      vertex -69.0827 24.4239 2.4
      vertex -82.3 33.8 2.4
      vertex -69.2 24.366 2.4
    endloop
  endfacet
  facet normal 0 0 1
    outer loop
      vertex -68.9588 24.4659 2.4
      vertex -82.3 33.8 2.4
      vertex -69.0827 24.4239 2.4
    endloop
  endfacet
  facet normal 0 0 1
    outer loop
      vertex -68.8305 24.4914 2.4
      vertex -82.3 33.8 2.4
      vertex -68.9588 24.4659 2.4
    endloop
  endfacet
  facet normal 0 0 1
    outer loop
      vertex -68.7 24.5 2.4
      vertex -82.3 33.8 2.4
      vertex -68.8305 24.4914 2.4
    endloop
  endfacet
  facet normal 0 0 1
    outer loop
      vertex 48.7 24.5 2.4
      vertex -82.3 33.8 2.4
      vertex -68.7 24.5 2.4
    endloop
  endfacet
  facet normal 0 0 1
    outer loop
      vertex 85.2743 -31.1916 2.4
      vertex 82.3 -33.8 2.4
      vertex 85.1978 -31.5764 2.4
    endloop
  endfacet
  facet normal 0 0 1
    outer loop
      vertex 85.1978 -31.5764 2.4
      vertex 82.3 -33.8 2.4
      vertex 85.0716 -31.948 2.4
    endloop
  endfacet
  facet normal 0 0 1
    outer loop
      vertex 84.8981 -32.3 2.4
      vertex 82.3 -33.8 2.4
      vertex 84.6801 -32.6263 2.4
    endloop
  endfacet
  facet normal 0 0 1
    outer loop
      vertex 84.6801 -32.6263 2.4
      vertex 82.3 -33.8 2.4
      vertex 84.4213 -32.9213 2.4
    endloop
  endfacet
  facet normal 0 0 1
    outer loop
      vertex 84.1263 -33.1801 2.4
      vertex 82.3 -33.8 2.4
      vertex 83.8 -33.3981 2.4
    endloop
  endfacet
  facet normal 0 0 1
    outer loop
      vertex 83.8 -33.3981 2.4
      vertex 82.3 -33.8 2.4
      vertex 83.448 -33.5716 2.4
    endloop
  endfacet
  facet normal 0 0 1
    outer loop
      vertex 83.0764 -33.6978 2.4
      vertex 82.3 -33.8 2.4
      vertex 82.6916 -33.7743 2.4
    endloop
  endfacet
  facet normal 0 0 1
    outer loop
      vertex 83.448 -33.5716 2.4
      vertex 82.3 -33.8 2.4
      vertex 83.0764 -33.6978 2.4
    endloop
  endfacet
  facet normal 0 0 1
    outer loop
      vertex 84.4213 -32.9213 2.4
      vertex 82.3 -33.8 2.4
      vertex 84.1263 -33.1801 2.4
    endloop
  endfacet
  facet normal 0 0 1
    outer loop
      vertex 85.0716 -31.948 2.4
      vertex 82.3 -33.8 2.4
      vertex 84.8981 -32.3 2.4
    endloop
  endfacet
  facet normal 0 0 1
    outer loop
      vertex 85.3 -30.8 2.4
      vertex 82.3 -33.8 2.4
      vertex 85.2743 -31.1916 2.4
    endloop
  endfacet
  facet normal -0 0 1
    outer loop
      vertex 70 -4 2.4
      vertex 82.3 -33.8 2.4
      vertex 70.5221 -3.96578 2.4
    endloop
  endfacet
  facet normal 0 0 1
    outer loop
      vertex 69.4779 -3.96578 2.4
      vertex 82.3 -33.8 2.4
      vertex 70 -4 2.4
    endloop
  endfacet
  facet normal 0 0 1
    outer loop
      vertex 49.4933 -12.1088 2.4
      vertex 69.4779 -3.96578 2.4
      vertex 68.9647 -3.8637 2.4
    endloop
  endfacet
  facet normal 0 0 1
    outer loop
      vertex 49.6239 -11.8827 2.4
      vertex 68.9647 -3.8637 2.4
      vertex 68.4693 -3.69552 2.4
    endloop
  endfacet
  facet normal 0 0 1
    outer loop
      vertex 49.6659 -11.7588 2.4
      vertex 68.4693 -3.69552 2.4
      vertex 68 -3.4641 2.4
    endloop
  endfacet
  facet normal 0 0 1
    outer loop
      vertex 49.6914 -11.6305 2.4
      vertex 68 -3.4641 2.4
      vertex 67.565 -3.17341 2.4
    endloop
  endfacet
  facet normal 0 0 1
    outer loop
      vertex 49.7 -11.5 2.4
      vertex 67.565 -3.17341 2.4
      vertex 67.1716 -2.82843 2.4
    endloop
  endfacet
  facet normal 0 0 1
    outer loop
      vertex 49.7 -11.5 2.4
      vertex 67.1716 -2.82843 2.4
      vertex 66.8266 -2.43505 2.4
    endloop
  endfacet
  facet normal 0 0 1
    outer loop
      vertex 49.7 -11.5 2.4
      vertex 66.8266 -2.43505 2.4
      vertex 66.5359 -2 2.4
    endloop
  endfacet
  facet normal 0 0 1
    outer loop
      vertex 66.0342 0.522104 2.4
      vertex 49.7 -11.5 2.4
      vertex 66 0 2.4
    endloop
  endfacet
  facet normal 0 0 1
    outer loop
      vertex 66 0 2.4
      vertex 49.7 -11.5 2.4
      vertex 66.0342 -0.522104 2.4
    endloop
  endfacet
  facet normal 0 0 1
    outer loop
      vertex 66.0342 -0.522104 2.4
      vertex 49.7 -11.5 2.4
      vertex 66.1363 -1.03528 2.4
    endloop
  endfacet
  facet normal 0 0 1
    outer loop
      vertex 66.1363 -1.03528 2.4
      vertex 49.7 -11.5 2.4
      vertex 66.3045 -1.53073 2.4
    endloop
  endfacet
  facet normal 0 0 1
    outer loop
      vertex 66.3045 -1.53073 2.4
      vertex 49.7 -11.5 2.4
      vertex 66.5359 -2 2.4
    endloop
  endfacet
  facet normal 0 0 1
    outer loop
      vertex 67.565 -3.17341 2.4
      vertex 49.7 -11.5 2.4
      vertex 49.6914 -11.6305 2.4
    endloop
  endfacet
  facet normal 0 0 1
    outer loop
      vertex 68 -3.4641 2.4
      vertex 49.6914 -11.6305 2.4
      vertex 49.6659 -11.7588 2.4
    endloop
  endfacet
  facet normal 0 0 1
    outer loop
      vertex 68.4693 -3.69552 2.4
      vertex 49.6659 -11.7588 2.4
      vertex 49.6239 -11.8827 2.4
    endloop
  endfacet
  facet normal 0 0 1
    outer loop
      vertex 68.9647 -3.8637 2.4
      vertex 49.6239 -11.8827 2.4
      vertex 49.566 -12 2.4
    endloop
  endfacet
  facet normal 0 0 1
    outer loop
      vertex 68.9647 -3.8637 2.4
      vertex 49.566 -12 2.4
      vertex 49.4933 -12.1088 2.4
    endloop
  endfacet
  facet normal 0 0 1
    outer loop
      vertex 69.4779 -3.96578 2.4
      vertex 49.4933 -12.1088 2.4
      vertex 82.3 -33.8 2.4
    endloop
  endfacet
  facet normal -0 0 1
    outer loop
      vertex 49.4071 -12.2071 2.4
      vertex 82.3 -33.8 2.4
      vertex 49.4933 -12.1088 2.4
    endloop
  endfacet
  facet normal -0 0 1
    outer loop
      vertex 49.3088 -12.2934 2.4
      vertex 82.3 -33.8 2.4
      vertex 49.4071 -12.2071 2.4
    endloop
  endfacet
  facet normal -0 0 1
    outer loop
      vertex 49.2 -12.366 2.4
      vertex 82.3 -33.8 2.4
      vertex 49.3088 -12.2934 2.4
    endloop
  endfacet
  facet normal -0 0 1
    outer loop
      vertex 49.0827 -12.4239 2.4
      vertex 82.3 -33.8 2.4
      vertex 49.2 -12.366 2.4
    endloop
  endfacet
  facet normal -0 0 1
    outer loop
      vertex 48.9588 -12.4659 2.4
      vertex 82.3 -33.8 2.4
      vertex 49.0827 -12.4239 2.4
    endloop
  endfacet
  facet normal -0 0 1
    outer loop
      vertex 48.8305 -12.4914 2.4
      vertex 82.3 -33.8 2.4
      vertex 48.9588 -12.4659 2.4
    endloop
  endfacet
  facet normal -0 0 1
    outer loop
      vertex 48.7 -12.5 2.4
      vertex 82.3 -33.8 2.4
      vertex 48.8305 -12.4914 2.4
    endloop
  endfacet
  facet normal 0 0 1
    outer loop
      vertex -82.3 -33.8 2.4
      vertex 48.7 -12.5 2.4
      vertex -68.7 -12.5 2.4
    endloop
  endfacet
  facet normal 0 0 1
    outer loop
      vertex -82.3 -33.8 2.4
      vertex -68.7 -12.5 2.4
      vertex -68.8305 -12.4914 2.4
    endloop
  endfacet
  facet normal 0 0 1
    outer loop
      vertex -69.7 23.5 2.4
      vertex -85.3 30.8 2.4
      vertex -69.7 -11.5 2.4
    endloop
  endfacet
  facet normal 0 0 1
    outer loop
      vertex -85.3 -30.8 2.4
      vertex -69.7 -11.5 2.4
      vertex -85.3 30.8 2.4
    endloop
  endfacet
  facet normal 0 0 1
    outer loop
      vertex 48.7 -12.5 2.4
      vertex -82.3 -33.8 2.4
      vertex 82.3 -33.8 2.4
    endloop
  endfacet
  facet normal 0 0 1
    outer loop
      vertex -68.9588 -12.4659 2.4
      vertex -82.3 -33.8 2.4
      vertex -68.8305 -12.4914 2.4
    endloop
  endfacet
  facet normal 0 0 1
    outer loop
      vertex -69.0827 -12.4239 2.4
      vertex -82.3 -33.8 2.4
      vertex -68.9588 -12.4659 2.4
    endloop
  endfacet
  facet normal 0 0 1
    outer loop
      vertex -69.2 -12.366 2.4
      vertex -82.3 -33.8 2.4
      vertex -69.0827 -12.4239 2.4
    endloop
  endfacet
  facet normal 0 0 1
    outer loop
      vertex -85.3 -30.8 2.4
      vertex -69.2 -12.366 2.4
      vertex -69.3088 -12.2934 2.4
    endloop
  endfacet
  facet normal 0 0 1
    outer loop
      vertex -85.3 -30.8 2.4
      vertex -69.3088 -12.2934 2.4
      vertex -69.4071 -12.2071 2.4
    endloop
  endfacet
  facet normal 0 0 1
    outer loop
      vertex -85.3 -30.8 2.4
      vertex -69.4071 -12.2071 2.4
      vertex -69.4933 -12.1088 2.4
    endloop
  endfacet
  facet normal 0 0 1
    outer loop
      vertex -85.3 -30.8 2.4
      vertex -69.4933 -12.1088 2.4
      vertex -69.566 -12 2.4
    endloop
  endfacet
  facet normal 0 0 1
    outer loop
      vertex -85.3 -30.8 2.4
      vertex -69.566 -12 2.4
      vertex -69.6239 -11.8827 2.4
    endloop
  endfacet
  facet normal 0 0 1
    outer loop
      vertex -85.3 -30.8 2.4
      vertex -69.6239 -11.8827 2.4
      vertex -69.6659 -11.7588 2.4
    endloop
  endfacet
  facet normal 0 0 1
    outer loop
      vertex -69.7 -11.5 2.4
      vertex -85.3 -30.8 2.4
      vertex -69.6914 -11.6305 2.4
    endloop
  endfacet
  facet normal 0 0 1
    outer loop
      vertex -85.3 30.8 2.4
      vertex -82.3 33.8 2.4
      vertex -82.6916 33.7743 2.4
    endloop
  endfacet
  facet normal 0 0 1
    outer loop
      vertex -69.6914 -11.6305 2.4
      vertex -85.3 -30.8 2.4
      vertex -69.6659 -11.7588 2.4
    endloop
  endfacet
  facet normal 0 0 1
    outer loop
      vertex -85.3 30.8 2.4
      vertex -82.6916 33.7743 2.4
      vertex -83.0764 33.6978 2.4
    endloop
  endfacet
  facet normal 0 0 1
    outer loop
      vertex -69.2 -12.366 2.4
      vertex -85.3 -30.8 2.4
      vertex -82.3 -33.8 2.4
    endloop
  endfacet
  facet normal 0 0 1
    outer loop
      vertex -85.3 30.8 2.4
      vertex -83.0764 33.6978 2.4
      vertex -83.448 33.5716 2.4
    endloop
  endfacet
  facet normal 0 0 1
    outer loop
      vertex -82.3 -33.8 2.4
      vertex -85.3 -30.8 2.4
      vertex -82.6916 -33.7743 2.4
    endloop
  endfacet
  facet normal 0 0 1
    outer loop
      vertex -85.3 30.8 2.4
      vertex -83.448 33.5716 2.4
      vertex -83.8 33.3981 2.4
    endloop
  endfacet
  facet normal 0 0 1
    outer loop
      vertex -82.6916 -33.7743 2.4
      vertex -85.3 -30.8 2.4
      vertex -83.0764 -33.6978 2.4
    endloop
  endfacet
  facet normal 0 0 1
    outer loop
      vertex -85.3 30.8 2.4
      vertex -83.8 33.3981 2.4
      vertex -84.1263 33.1801 2.4
    endloop
  endfacet
  facet normal 0 0 1
    outer loop
      vertex -83.0764 -33.6978 2.4
      vertex -85.3 -30.8 2.4
      vertex -83.448 -33.5716 2.4
    endloop
  endfacet
  facet normal 0 0 1
    outer loop
      vertex -85.3 30.8 2.4
      vertex -84.1263 33.1801 2.4
      vertex -84.4213 32.9213 2.4
    endloop
  endfacet
  facet normal 0 0 1
    outer loop
      vertex -83.448 -33.5716 2.4
      vertex -85.3 -30.8 2.4
      vertex -83.8 -33.3981 2.4
    endloop
  endfacet
  facet normal 0 0 1
    outer loop
      vertex -85.3 30.8 2.4
      vertex -84.4213 32.9213 2.4
      vertex -84.6801 32.6263 2.4
    endloop
  endfacet
  facet normal 0 0 1
    outer loop
      vertex -83.8 -33.3981 2.4
      vertex -85.3 -30.8 2.4
      vertex -84.1263 -33.1801 2.4
    endloop
  endfacet
  facet normal 0 0 1
    outer loop
      vertex -85.3 30.8 2.4
      vertex -84.6801 32.6263 2.4
      vertex -84.8981 32.3 2.4
    endloop
  endfacet
  facet normal 0 0 1
    outer loop
      vertex -84.1263 -33.1801 2.4
      vertex -85.3 -30.8 2.4
      vertex -84.4213 -32.9213 2.4
    endloop
  endfacet
  facet normal 0 0 1
    outer loop
      vertex -85.3 30.8 2.4
      vertex -84.8981 32.3 2.4
      vertex -85.0716 31.948 2.4
    endloop
  endfacet
  facet normal 0 0 1
    outer loop
      vertex -84.4213 -32.9213 2.4
      vertex -85.3 -30.8 2.4
      vertex -84.6801 -32.6263 2.4
    endloop
  endfacet
  facet normal 0 0 1
    outer loop
      vertex -85.3 30.8 2.4
      vertex -85.0716 31.948 2.4
      vertex -85.1978 31.5764 2.4
    endloop
  endfacet
  facet normal 0 0 1
    outer loop
      vertex -84.6801 -32.6263 2.4
      vertex -85.3 -30.8 2.4
      vertex -84.8981 -32.3 2.4
    endloop
  endfacet
  facet normal 0 0 1
    outer loop
      vertex -85.3 30.8 2.4
      vertex -85.1978 31.5764 2.4
      vertex -85.2743 31.1916 2.4
    endloop
  endfacet
  facet normal 0 0 1
    outer loop
      vertex -84.8981 -32.3 2.4
      vertex -85.3 -30.8 2.4
      vertex -85.0716 -31.948 2.4
    endloop
  endfacet
  facet normal 0 0 1
    outer loop
      vertex -85.0716 -31.948 2.4
      vertex -85.3 -30.8 2.4
      vertex -85.1978 -31.5764 2.4
    endloop
  endfacet
  facet normal 0 0 1
    outer loop
      vertex -85.1978 -31.5764 2.4
      vertex -85.3 -30.8 2.4
      vertex -85.2743 -31.1916 2.4
    endloop
  endfacet
  facet normal -0.194989 -0.980806 0
    outer loop
      vertex -83.0764 -33.6978 0
      vertex -82.6916 -33.7743 2.4
      vertex -83.0764 -33.6978 2.4
    endloop
  endfacet
  facet normal -0.194989 -0.980806 -0
    outer loop
      vertex -82.6916 -33.7743 2.4
      vertex -83.0764 -33.6978 0
      vertex -82.6916 -33.7743 0
    endloop
  endfacet
  facet normal -0.194989 0.980806 0
    outer loop
      vertex -82.6916 33.7743 0
      vertex -83.0764 33.6978 2.4
      vertex -82.6916 33.7743 2.4
    endloop
  endfacet
  facet normal -0.194989 0.980806 0
    outer loop
      vertex -83.0764 33.6978 2.4
      vertex -82.6916 33.7743 0
      vertex -83.0764 33.6978 0
    endloop
  endfacet
  facet normal 0.0654873 0.997853 -0
    outer loop
      vertex 82.6916 33.7743 0
      vertex 82.3 33.8 2.4
      vertex 82.6916 33.7743 2.4
    endloop
  endfacet
  facet normal 0.0654873 0.997853 0
    outer loop
      vertex 82.3 33.8 2.4
      vertex 82.6916 33.7743 0
      vertex 82.3 33.8 0
    endloop
  endfacet
  facet normal 0.194989 0.980806 -0
    outer loop
      vertex 83.0764 33.6978 0
      vertex 82.6916 33.7743 2.4
      vertex 83.0764 33.6978 2.4
    endloop
  endfacet
  facet normal 0.194989 0.980806 0
    outer loop
      vertex 82.6916 33.7743 2.4
      vertex 83.0764 33.6978 0
      vertex 82.6916 33.7743 0
    endloop
  endfacet
  facet normal 0.831501 -0.555523 0
    outer loop
      vertex 84.6801 -32.6263 2.4
      vertex 84.8981 -32.3 0
      vertex 84.8981 -32.3 2.4
    endloop
  endfacet
  facet normal 0.831501 -0.555523 0
    outer loop
      vertex 84.8981 -32.3 0
      vertex 84.6801 -32.6263 2.4
      vertex 84.6801 -32.6263 0
    endloop
  endfacet
  facet normal 0.997853 -0.0654873 0
    outer loop
      vertex 85.2743 -31.1916 2.4
      vertex 85.3 -30.8 0
      vertex 85.3 -30.8 2.4
    endloop
  endfacet
  facet normal 0.997853 -0.0654873 0
    outer loop
      vertex 85.3 -30.8 0
      vertex 85.2743 -31.1916 2.4
      vertex 85.2743 -31.1916 0
    endloop
  endfacet
  facet normal 0.831501 0.555523 0
    outer loop
      vertex 84.8981 32.3 2.4
      vertex 84.6801 32.6263 0
      vertex 84.6801 32.6263 2.4
    endloop
  endfacet
  facet normal 0.831501 0.555523 0
    outer loop
      vertex 84.6801 32.6263 0
      vertex 84.8981 32.3 2.4
      vertex 84.8981 32.3 0
    endloop
  endfacet
  facet normal -0.321574 0.946885 0
    outer loop
      vertex -83.0764 33.6978 0
      vertex -83.448 33.5716 2.4
      vertex -83.0764 33.6978 2.4
    endloop
  endfacet
  facet normal -0.321574 0.946885 0
    outer loop
      vertex -83.448 33.5716 2.4
      vertex -83.0764 33.6978 0
      vertex -83.448 33.5716 0
    endloop
  endfacet
  facet normal -0.946885 0.321574 0
    outer loop
      vertex -85.1978 31.5764 0
      vertex -85.0716 31.948 2.4
      vertex -85.0716 31.948 0
    endloop
  endfacet
  facet normal -0.946885 0.321574 0
    outer loop
      vertex -85.0716 31.948 2.4
      vertex -85.1978 31.5764 0
      vertex -85.1978 31.5764 2.4
    endloop
  endfacet
  facet normal -0.0654873 -0.997853 0
    outer loop
      vertex -82.6916 -33.7743 0
      vertex -82.3 -33.8 2.4
      vertex -82.6916 -33.7743 2.4
    endloop
  endfacet
  facet normal -0.0654873 -0.997853 -0
    outer loop
      vertex -82.3 -33.8 2.4
      vertex -82.6916 -33.7743 0
      vertex -82.3 -33.8 0
    endloop
  endfacet
  facet normal -0.0654873 0.997853 0
    outer loop
      vertex -82.3 33.8 0
      vertex -82.6916 33.7743 2.4
      vertex -82.3 33.8 2.4
    endloop
  endfacet
  facet normal -0.0654873 0.997853 0
    outer loop
      vertex -82.6916 33.7743 2.4
      vertex -82.3 33.8 0
      vertex -82.6916 33.7743 0
    endloop
  endfacet
  facet normal 0.946885 -0.321574 0
    outer loop
      vertex 85.0716 -31.948 2.4
      vertex 85.1978 -31.5764 0
      vertex 85.1978 -31.5764 2.4
    endloop
  endfacet
  facet normal 0.946885 -0.321574 0
    outer loop
      vertex 85.1978 -31.5764 0
      vertex 85.0716 -31.948 2.4
      vertex 85.0716 -31.948 0
    endloop
  endfacet
  facet normal 0.896961 -0.44211 0
    outer loop
      vertex 84.8981 -32.3 2.4
      vertex 85.0716 -31.948 0
      vertex 85.0716 -31.948 2.4
    endloop
  endfacet
  facet normal 0.896961 -0.44211 0
    outer loop
      vertex 85.0716 -31.948 0
      vertex 84.8981 -32.3 2.4
      vertex 84.8981 -32.3 0
    endloop
  endfacet
  facet normal 0.980806 -0.194989 0
    outer loop
      vertex 85.1978 -31.5764 2.4
      vertex 85.2743 -31.1916 0
      vertex 85.2743 -31.1916 2.4
    endloop
  endfacet
  facet normal 0.980806 -0.194989 0
    outer loop
      vertex 85.2743 -31.1916 0
      vertex 85.1978 -31.5764 2.4
      vertex 85.1978 -31.5764 0
    endloop
  endfacet
  facet normal 0.44211 -0.896961 0
    outer loop
      vertex 83.448 -33.5716 0
      vertex 83.8 -33.3981 2.4
      vertex 83.448 -33.5716 2.4
    endloop
  endfacet
  facet normal 0.44211 -0.896961 0
    outer loop
      vertex 83.8 -33.3981 2.4
      vertex 83.448 -33.5716 0
      vertex 83.8 -33.3981 0
    endloop
  endfacet
  facet normal 0.751724 -0.659478 0
    outer loop
      vertex 84.4213 -32.9213 2.4
      vertex 84.6801 -32.6263 0
      vertex 84.6801 -32.6263 2.4
    endloop
  endfacet
  facet normal 0.751724 -0.659478 0
    outer loop
      vertex 84.6801 -32.6263 0
      vertex 84.4213 -32.9213 2.4
      vertex 84.4213 -32.9213 0
    endloop
  endfacet
  facet normal 0.980806 0.194989 0
    outer loop
      vertex 85.2743 31.1916 2.4
      vertex 85.1978 31.5764 0
      vertex 85.1978 31.5764 2.4
    endloop
  endfacet
  facet normal 0.980806 0.194989 0
    outer loop
      vertex 85.1978 31.5764 0
      vertex 85.2743 31.1916 2.4
      vertex 85.2743 31.1916 0
    endloop
  endfacet
  facet normal -0.831501 0.555523 0
    outer loop
      vertex -84.8981 32.3 0
      vertex -84.6801 32.6263 2.4
      vertex -84.6801 32.6263 0
    endloop
  endfacet
  facet normal -0.831501 0.555523 0
    outer loop
      vertex -84.6801 32.6263 2.4
      vertex -84.8981 32.3 0
      vertex -84.8981 32.3 2.4
    endloop
  endfacet
  facet normal -0.997853 0.0654873 0
    outer loop
      vertex -85.3 30.8 0
      vertex -85.2743 31.1916 2.4
      vertex -85.2743 31.1916 0
    endloop
  endfacet
  facet normal -0.997853 0.0654873 0
    outer loop
      vertex -85.2743 31.1916 2.4
      vertex -85.3 30.8 0
      vertex -85.3 30.8 2.4
    endloop
  endfacet
  facet normal -0.980806 0.194989 0
    outer loop
      vertex -85.2743 31.1916 0
      vertex -85.1978 31.5764 2.4
      vertex -85.1978 31.5764 0
    endloop
  endfacet
  facet normal -0.980806 0.194989 0
    outer loop
      vertex -85.1978 31.5764 2.4
      vertex -85.2743 31.1916 0
      vertex -85.2743 31.1916 2.4
    endloop
  endfacet
  facet normal -0.44211 -0.896961 0
    outer loop
      vertex -83.8 -33.3981 0
      vertex -83.448 -33.5716 2.4
      vertex -83.8 -33.3981 2.4
    endloop
  endfacet
  facet normal -0.44211 -0.896961 -0
    outer loop
      vertex -83.448 -33.5716 2.4
      vertex -83.8 -33.3981 0
      vertex -83.448 -33.5716 0
    endloop
  endfacet
  facet normal -0.997853 -0.0654873 0
    outer loop
      vertex -85.2743 -31.1916 0
      vertex -85.3 -30.8 2.4
      vertex -85.3 -30.8 0
    endloop
  endfacet
  facet normal -0.997853 -0.0654873 0
    outer loop
      vertex -85.3 -30.8 2.4
      vertex -85.2743 -31.1916 0
      vertex -85.2743 -31.1916 2.4
    endloop
  endfacet
  facet normal -0.980806 -0.194989 0
    outer loop
      vertex -85.1978 -31.5764 0
      vertex -85.2743 -31.1916 2.4
      vertex -85.2743 -31.1916 0
    endloop
  endfacet
  facet normal -0.980806 -0.194989 0
    outer loop
      vertex -85.2743 -31.1916 2.4
      vertex -85.1978 -31.5764 0
      vertex -85.1978 -31.5764 2.4
    endloop
  endfacet
  facet normal -0.946885 -0.321574 0
    outer loop
      vertex -85.0716 -31.948 0
      vertex -85.1978 -31.5764 2.4
      vertex -85.1978 -31.5764 0
    endloop
  endfacet
  facet normal -0.946885 -0.321574 0
    outer loop
      vertex -85.1978 -31.5764 2.4
      vertex -85.0716 -31.948 0
      vertex -85.0716 -31.948 2.4
    endloop
  endfacet
  facet normal -0.831501 -0.555523 0
    outer loop
      vertex -84.6801 -32.6263 0
      vertex -84.8981 -32.3 2.4
      vertex -84.8981 -32.3 0
    endloop
  endfacet
  facet normal -0.831501 -0.555523 0
    outer loop
      vertex -84.8981 -32.3 2.4
      vertex -84.6801 -32.6263 0
      vertex -84.6801 -32.6263 2.4
    endloop
  endfacet
  facet normal 0.555523 -0.831501 0
    outer loop
      vertex 83.8 -33.3981 0
      vertex 84.1263 -33.1801 2.4
      vertex 83.8 -33.3981 2.4
    endloop
  endfacet
  facet normal 0.555523 -0.831501 0
    outer loop
      vertex 84.1263 -33.1801 2.4
      vertex 83.8 -33.3981 0
      vertex 84.1263 -33.1801 0
    endloop
  endfacet
  facet normal 0.659478 -0.751724 0
    outer loop
      vertex 84.1263 -33.1801 0
      vertex 84.4213 -32.9213 2.4
      vertex 84.1263 -33.1801 2.4
    endloop
  endfacet
  facet normal 0.659478 -0.751724 0
    outer loop
      vertex 84.4213 -32.9213 2.4
      vertex 84.1263 -33.1801 0
      vertex 84.4213 -32.9213 0
    endloop
  endfacet
  facet normal 0.946885 0.321574 0
    outer loop
      vertex 85.1978 31.5764 2.4
      vertex 85.0716 31.948 0
      vertex 85.0716 31.948 2.4
    endloop
  endfacet
  facet normal 0.946885 0.321574 0
    outer loop
      vertex 85.0716 31.948 0
      vertex 85.1978 31.5764 2.4
      vertex 85.1978 31.5764 0
    endloop
  endfacet
  facet normal 0.997853 0.0654873 0
    outer loop
      vertex 85.3 30.8 2.4
      vertex 85.2743 31.1916 0
      vertex 85.2743 31.1916 2.4
    endloop
  endfacet
  facet normal 0.997853 0.0654873 0
    outer loop
      vertex 85.2743 31.1916 0
      vertex 85.3 30.8 2.4
      vertex 85.3 30.8 0
    endloop
  endfacet
  facet normal 0.896961 0.44211 0
    outer loop
      vertex 85.0716 31.948 2.4
      vertex 84.8981 32.3 0
      vertex 84.8981 32.3 2.4
    endloop
  endfacet
  facet normal 0.896961 0.44211 0
    outer loop
      vertex 84.8981 32.3 0
      vertex 85.0716 31.948 2.4
      vertex 85.0716 31.948 0
    endloop
  endfacet
  facet normal 0.751724 0.659478 0
    outer loop
      vertex 84.6801 32.6263 2.4
      vertex 84.4213 32.9213 0
      vertex 84.4213 32.9213 2.4
    endloop
  endfacet
  facet normal 0.751724 0.659478 0
    outer loop
      vertex 84.4213 32.9213 0
      vertex 84.6801 32.6263 2.4
      vertex 84.6801 32.6263 0
    endloop
  endfacet
  facet normal 0.44211 0.896961 -0
    outer loop
      vertex 83.8 33.3981 0
      vertex 83.448 33.5716 2.4
      vertex 83.8 33.3981 2.4
    endloop
  endfacet
  facet normal 0.44211 0.896961 0
    outer loop
      vertex 83.448 33.5716 2.4
      vertex 83.8 33.3981 0
      vertex 83.448 33.5716 0
    endloop
  endfacet
  facet normal -0.44211 0.896961 0
    outer loop
      vertex -83.448 33.5716 0
      vertex -83.8 33.3981 2.4
      vertex -83.448 33.5716 2.4
    endloop
  endfacet
  facet normal -0.44211 0.896961 0
    outer loop
      vertex -83.8 33.3981 2.4
      vertex -83.448 33.5716 0
      vertex -83.8 33.3981 0
    endloop
  endfacet
  facet normal -0.659478 0.751724 0
    outer loop
      vertex -84.1263 33.1801 0
      vertex -84.4213 32.9213 2.4
      vertex -84.1263 33.1801 2.4
    endloop
  endfacet
  facet normal -0.659478 0.751724 0
    outer loop
      vertex -84.4213 32.9213 2.4
      vertex -84.1263 33.1801 0
      vertex -84.4213 32.9213 0
    endloop
  endfacet
  facet normal -0.659478 -0.751724 0
    outer loop
      vertex -84.4213 -32.9213 0
      vertex -84.1263 -33.1801 2.4
      vertex -84.4213 -32.9213 2.4
    endloop
  endfacet
  facet normal -0.659478 -0.751724 -0
    outer loop
      vertex -84.1263 -33.1801 2.4
      vertex -84.4213 -32.9213 0
      vertex -84.1263 -33.1801 0
    endloop
  endfacet
  facet normal -0.896961 -0.44211 0
    outer loop
      vertex -84.8981 -32.3 0
      vertex -85.0716 -31.948 2.4
      vertex -85.0716 -31.948 0
    endloop
  endfacet
  facet normal -0.896961 -0.44211 0
    outer loop
      vertex -85.0716 -31.948 2.4
      vertex -84.8981 -32.3 0
      vertex -84.8981 -32.3 2.4
    endloop
  endfacet
  facet normal -0.751724 -0.659478 0
    outer loop
      vertex -84.4213 -32.9213 0
      vertex -84.6801 -32.6263 2.4
      vertex -84.6801 -32.6263 0
    endloop
  endfacet
  facet normal -0.751724 -0.659478 0
    outer loop
      vertex -84.6801 -32.6263 2.4
      vertex -84.4213 -32.9213 0
      vertex -84.4213 -32.9213 2.4
    endloop
  endfacet
  facet normal 0.659478 0.751724 -0
    outer loop
      vertex 84.4213 32.9213 0
      vertex 84.1263 33.1801 2.4
      vertex 84.4213 32.9213 2.4
    endloop
  endfacet
  facet normal 0.659478 0.751724 0
    outer loop
      vertex 84.1263 33.1801 2.4
      vertex 84.4213 32.9213 0
      vertex 84.1263 33.1801 0
    endloop
  endfacet
  facet normal 0.555523 0.831501 -0
    outer loop
      vertex 84.1263 33.1801 0
      vertex 83.8 33.3981 2.4
      vertex 84.1263 33.1801 2.4
    endloop
  endfacet
  facet normal 0.555523 0.831501 0
    outer loop
      vertex 83.8 33.3981 2.4
      vertex 84.1263 33.1801 0
      vertex 83.8 33.3981 0
    endloop
  endfacet
  facet normal -0.555523 0.831501 0
    outer loop
      vertex -83.8 33.3981 0
      vertex -84.1263 33.1801 2.4
      vertex -83.8 33.3981 2.4
    endloop
  endfacet
  facet normal -0.555523 0.831501 0
    outer loop
      vertex -84.1263 33.1801 2.4
      vertex -83.8 33.3981 0
      vertex -84.1263 33.1801 0
    endloop
  endfacet
  facet normal -0.896961 0.44211 0
    outer loop
      vertex -85.0716 31.948 0
      vertex -84.8981 32.3 2.4
      vertex -84.8981 32.3 0
    endloop
  endfacet
  facet normal -0.896961 0.44211 0
    outer loop
      vertex -84.8981 32.3 2.4
      vertex -85.0716 31.948 0
      vertex -85.0716 31.948 2.4
    endloop
  endfacet
  facet normal -0.555523 -0.831501 0
    outer loop
      vertex -84.1263 -33.1801 0
      vertex -83.8 -33.3981 2.4
      vertex -84.1263 -33.1801 2.4
    endloop
  endfacet
  facet normal -0.555523 -0.831501 -0
    outer loop
      vertex -83.8 -33.3981 2.4
      vertex -84.1263 -33.1801 0
      vertex -83.8 -33.3981 0
    endloop
  endfacet
  facet normal -0.321039 0.947066 0
    outer loop
      vertex 49.0827 -12.4239 0
      vertex 48.9588 -12.4659 2.4
      vertex 49.0827 -12.4239 2.4
    endloop
  endfacet
  facet normal -0.321039 0.947066 0
    outer loop
      vertex 48.9588 -12.4659 2.4
      vertex 49.0827 -12.4239 0
      vertex 48.9588 -12.4659 0
    endloop
  endfacet
  facet normal 0.19494 -0.980815 0
    outer loop
      vertex -68.9588 24.4659 0
      vertex -68.8305 24.4914 2.4
      vertex -68.9588 24.4659 2.4
    endloop
  endfacet
  facet normal 0.19494 -0.980815 0
    outer loop
      vertex -68.8305 24.4914 2.4
      vertex -68.9588 24.4659 0
      vertex -68.8305 24.4914 0
    endloop
  endfacet
  facet normal -0.19494 0.980815 0
    outer loop
      vertex 48.9588 -12.4659 0
      vertex 48.8305 -12.4914 2.4
      vertex 48.9588 -12.4659 2.4
    endloop
  endfacet
  facet normal -0.19494 0.980815 0
    outer loop
      vertex 48.8305 -12.4914 2.4
      vertex 48.9588 -12.4659 0
      vertex 48.8305 -12.4914 0
    endloop
  endfacet
  facet normal -0.321039 -0.947066 0
    outer loop
      vertex 48.9588 24.4659 0
      vertex 49.0827 24.4239 2.4
      vertex 48.9588 24.4659 2.4
    endloop
  endfacet
  facet normal -0.321039 -0.947066 -0
    outer loop
      vertex 49.0827 24.4239 2.4
      vertex 48.9588 24.4659 0
      vertex 49.0827 24.4239 0
    endloop
  endfacet
  facet normal 0.997836 -0.0657577 0
    outer loop
      vertex -69.7 23.5 2.4
      vertex -69.6914 23.6305 0
      vertex -69.6914 23.6305 2.4
    endloop
  endfacet
  facet normal 0.997836 -0.0657577 0
    outer loop
      vertex -69.6914 23.6305 0
      vertex -69.7 23.5 2.4
      vertex -69.7 23.5 0
    endloop
  endfacet
  facet normal 1 -0 0
    outer loop
      vertex -69.7 -11.5 2.4
      vertex -69.7 23.5 0
      vertex -69.7 23.5 2.4
    endloop
  endfacet
  facet normal 1 0 0
    outer loop
      vertex -69.7 23.5 0
      vertex -69.7 -11.5 2.4
      vertex -69.7 -11.5 0
    endloop
  endfacet
  facet normal 0.19494 0.980815 -0
    outer loop
      vertex -68.8305 -12.4914 0
      vertex -68.9588 -12.4659 2.4
      vertex -68.8305 -12.4914 2.4
    endloop
  endfacet
  facet normal 0.19494 0.980815 0
    outer loop
      vertex -68.9588 -12.4659 2.4
      vertex -68.8305 -12.4914 0
      vertex -68.9588 -12.4659 0
    endloop
  endfacet
  facet normal 0 1 -0
    outer loop
      vertex 48.7 -12.5 0
      vertex -68.7 -12.5 2.4
      vertex 48.7 -12.5 2.4
    endloop
  endfacet
  facet normal 0 1 0
    outer loop
      vertex -68.7 -12.5 2.4
      vertex 48.7 -12.5 0
      vertex -68.7 -12.5 0
    endloop
  endfacet
  facet normal -0.0657577 -0.997836 0
    outer loop
      vertex 48.7 24.5 0
      vertex 48.8305 24.4914 2.4
      vertex 48.7 24.5 2.4
    endloop
  endfacet
  facet normal -0.0657577 -0.997836 -0
    outer loop
      vertex 48.8305 24.4914 2.4
      vertex 48.7 24.5 0
      vertex 48.8305 24.4914 0
    endloop
  endfacet
  facet normal -0.19494 -0.980815 0
    outer loop
      vertex 48.8305 24.4914 0
      vertex 48.9588 24.4659 2.4
      vertex 48.8305 24.4914 2.4
    endloop
  endfacet
  facet normal -0.19494 -0.980815 -0
    outer loop
      vertex 48.9588 24.4659 2.4
      vertex 48.8305 24.4914 0
      vertex 48.9588 24.4659 0
    endloop
  endfacet
  facet normal 0 -1 0
    outer loop
      vertex -68.7 24.5 0
      vertex 48.7 24.5 2.4
      vertex -68.7 24.5 2.4
    endloop
  endfacet
  facet normal 0 -1 -0
    outer loop
      vertex 48.7 24.5 2.4
      vertex -68.7 24.5 0
      vertex 48.7 24.5 0
    endloop
  endfacet
  facet normal -0.997836 0.0657577 0
    outer loop
      vertex 49.6914 -11.6305 0
      vertex 49.7 -11.5 2.4
      vertex 49.7 -11.5 0
    endloop
  endfacet
  facet normal -0.997836 0.0657577 0
    outer loop
      vertex 49.7 -11.5 2.4
      vertex 49.6914 -11.6305 0
      vertex 49.6914 -11.6305 2.4
    endloop
  endfacet
  facet normal 0.751866 -0.659316 0
    outer loop
      vertex -69.4933 24.1088 2.4
      vertex -69.4071 24.2071 0
      vertex -69.4071 24.2071 2.4
    endloop
  endfacet
  facet normal 0.751866 -0.659316 0
    outer loop
      vertex -69.4071 24.2071 0
      vertex -69.4933 24.1088 2.4
      vertex -69.4933 24.1088 0
    endloop
  endfacet
  facet normal 0.0657577 0.997836 -0
    outer loop
      vertex -68.7 -12.5 0
      vertex -68.8305 -12.4914 2.4
      vertex -68.7 -12.5 2.4
    endloop
  endfacet
  facet normal 0.0657577 0.997836 0
    outer loop
      vertex -68.8305 -12.4914 2.4
      vertex -68.7 -12.5 0
      vertex -68.8305 -12.4914 0
    endloop
  endfacet
  facet normal -0.0657577 0.997836 0
    outer loop
      vertex 48.8305 -12.4914 0
      vertex 48.7 -12.5 2.4
      vertex 48.8305 -12.4914 2.4
    endloop
  endfacet
  facet normal -0.0657577 0.997836 0
    outer loop
      vertex 48.7 -12.5 2.4
      vertex 48.8305 -12.4914 0
      vertex 48.7 -12.5 0
    endloop
  endfacet
  facet normal 0.0657577 -0.997836 0
    outer loop
      vertex -68.8305 24.4914 0
      vertex -68.7 24.5 2.4
      vertex -68.8305 24.4914 2.4
    endloop
  endfacet
  facet normal 0.0657577 -0.997836 0
    outer loop
      vertex -68.7 24.5 2.4
      vertex -68.8305 24.4914 0
      vertex -68.7 24.5 0
    endloop
  endfacet
  facet normal -0.831462 -0.555582 0
    outer loop
      vertex 49.566 24 0
      vertex 49.4933 24.1088 2.4
      vertex 49.4933 24.1088 0
    endloop
  endfacet
  facet normal -0.831462 -0.555582 0
    outer loop
      vertex 49.4933 24.1088 2.4
      vertex 49.566 24 0
      vertex 49.566 24 2.4
    endloop
  endfacet
  facet normal -1 0 0
    outer loop
      vertex 49.7 -11.5 0
      vertex 49.7 23.5 2.4
      vertex 49.7 23.5 0
    endloop
  endfacet
  facet normal -1 -0 0
    outer loop
      vertex 49.7 23.5 2.4
      vertex 49.7 -11.5 0
      vertex 49.7 -11.5 2.4
    endloop
  endfacet
  facet normal -0.831462 0.555582 0
    outer loop
      vertex 49.4933 -12.1088 0
      vertex 49.566 -12 2.4
      vertex 49.566 -12 0
    endloop
  endfacet
  facet normal -0.831462 0.555582 0
    outer loop
      vertex 49.566 -12 2.4
      vertex 49.4933 -12.1088 0
      vertex 49.4933 -12.1088 2.4
    endloop
  endfacet
  facet normal 0.442621 -0.896709 0
    outer loop
      vertex -69.2 24.366 0
      vertex -69.0827 24.4239 2.4
      vertex -69.2 24.366 2.4
    endloop
  endfacet
  facet normal 0.442621 -0.896709 0
    outer loop
      vertex -69.0827 24.4239 2.4
      vertex -69.2 24.366 0
      vertex -69.0827 24.4239 0
    endloop
  endfacet
  facet normal 0.321039 -0.947066 0
    outer loop
      vertex -69.0827 24.4239 0
      vertex -68.9588 24.4659 2.4
      vertex -69.0827 24.4239 2.4
    endloop
  endfacet
  facet normal 0.321039 -0.947066 0
    outer loop
      vertex -68.9588 24.4659 2.4
      vertex -69.0827 24.4239 0
      vertex -68.9588 24.4659 0
    endloop
  endfacet
  facet normal 0.947066 -0.321039 0
    outer loop
      vertex -69.6659 23.7588 2.4
      vertex -69.6239 23.8827 0
      vertex -69.6239 23.8827 2.4
    endloop
  endfacet
  facet normal 0.947066 -0.321039 0
    outer loop
      vertex -69.6239 23.8827 0
      vertex -69.6659 23.7588 2.4
      vertex -69.6659 23.7588 0
    endloop
  endfacet
  facet normal 0.980815 -0.19494 0
    outer loop
      vertex -69.6914 23.6305 2.4
      vertex -69.6659 23.7588 0
      vertex -69.6659 23.7588 2.4
    endloop
  endfacet
  facet normal 0.980815 -0.19494 0
    outer loop
      vertex -69.6659 23.7588 0
      vertex -69.6914 23.6305 2.4
      vertex -69.6914 23.6305 0
    endloop
  endfacet
  facet normal 0.831462 -0.555582 0
    outer loop
      vertex -69.566 24 2.4
      vertex -69.4933 24.1088 0
      vertex -69.4933 24.1088 2.4
    endloop
  endfacet
  facet normal 0.831462 -0.555582 0
    outer loop
      vertex -69.4933 24.1088 0
      vertex -69.566 24 2.4
      vertex -69.566 24 0
    endloop
  endfacet
  facet normal -0.555053 -0.831815 0
    outer loop
      vertex 49.2 24.366 0
      vertex 49.3088 24.2934 2.4
      vertex 49.2 24.366 2.4
    endloop
  endfacet
  facet normal -0.555053 -0.831815 -0
    outer loop
      vertex 49.3088 24.2934 2.4
      vertex 49.2 24.366 0
      vertex 49.3088 24.2934 0
    endloop
  endfacet
  facet normal -0.980815 -0.19494 0
    outer loop
      vertex 49.6914 23.6305 0
      vertex 49.6659 23.7588 2.4
      vertex 49.6659 23.7588 0
    endloop
  endfacet
  facet normal -0.980815 -0.19494 0
    outer loop
      vertex 49.6659 23.7588 2.4
      vertex 49.6914 23.6305 0
      vertex 49.6914 23.6305 2.4
    endloop
  endfacet
  facet normal -0.997836 -0.0657577 0
    outer loop
      vertex 49.7 23.5 0
      vertex 49.6914 23.6305 2.4
      vertex 49.6914 23.6305 0
    endloop
  endfacet
  facet normal -0.997836 -0.0657577 0
    outer loop
      vertex 49.6914 23.6305 2.4
      vertex 49.7 23.5 0
      vertex 49.7 23.5 2.4
    endloop
  endfacet
  facet normal -0.751866 -0.659316 0
    outer loop
      vertex 49.4933 24.1088 0
      vertex 49.4071 24.2071 2.4
      vertex 49.4071 24.2071 0
    endloop
  endfacet
  facet normal -0.751866 -0.659316 0
    outer loop
      vertex 49.4071 24.2071 2.4
      vertex 49.4933 24.1088 0
      vertex 49.4933 24.1088 2.4
    endloop
  endfacet
  facet normal -0.442621 -0.896709 0
    outer loop
      vertex 49.0827 24.4239 0
      vertex 49.2 24.366 2.4
      vertex 49.0827 24.4239 2.4
    endloop
  endfacet
  facet normal -0.442621 -0.896709 -0
    outer loop
      vertex 49.2 24.366 2.4
      vertex 49.0827 24.4239 0
      vertex 49.2 24.366 0
    endloop
  endfacet
  facet normal 0.659749 -0.751486 0
    outer loop
      vertex -69.4071 24.2071 0
      vertex -69.3088 24.2934 2.4
      vertex -69.4071 24.2071 2.4
    endloop
  endfacet
  facet normal 0.659749 -0.751486 0
    outer loop
      vertex -69.3088 24.2934 2.4
      vertex -69.4071 24.2071 0
      vertex -69.3088 24.2934 0
    endloop
  endfacet
  facet normal 0.555053 -0.831815 0
    outer loop
      vertex -69.3088 24.2934 0
      vertex -69.2 24.366 2.4
      vertex -69.3088 24.2934 2.4
    endloop
  endfacet
  facet normal 0.555053 -0.831815 0
    outer loop
      vertex -69.2 24.366 2.4
      vertex -69.3088 24.2934 0
      vertex -69.2 24.366 0
    endloop
  endfacet
  facet normal 0.896709 -0.442621 0
    outer loop
      vertex -69.6239 23.8827 2.4
      vertex -69.566 24 0
      vertex -69.566 24 2.4
    endloop
  endfacet
  facet normal 0.896709 -0.442621 0
    outer loop
      vertex -69.566 24 0
      vertex -69.6239 23.8827 2.4
      vertex -69.6239 23.8827 0
    endloop
  endfacet
  facet normal 0.659749 0.751486 -0
    outer loop
      vertex -69.3088 -12.2934 0
      vertex -69.4071 -12.2071 2.4
      vertex -69.3088 -12.2934 2.4
    endloop
  endfacet
  facet normal 0.659749 0.751486 0
    outer loop
      vertex -69.4071 -12.2071 2.4
      vertex -69.3088 -12.2934 0
      vertex -69.4071 -12.2071 0
    endloop
  endfacet
  facet normal 0.997836 0.0657577 0
    outer loop
      vertex -69.6914 -11.6305 2.4
      vertex -69.7 -11.5 0
      vertex -69.7 -11.5 2.4
    endloop
  endfacet
  facet normal 0.997836 0.0657577 0
    outer loop
      vertex -69.7 -11.5 0
      vertex -69.6914 -11.6305 2.4
      vertex -69.6914 -11.6305 0
    endloop
  endfacet
  facet normal 0.751866 0.659316 0
    outer loop
      vertex -69.4071 -12.2071 2.4
      vertex -69.4933 -12.1088 0
      vertex -69.4933 -12.1088 2.4
    endloop
  endfacet
  facet normal 0.751866 0.659316 0
    outer loop
      vertex -69.4933 -12.1088 0
      vertex -69.4071 -12.2071 2.4
      vertex -69.4071 -12.2071 0
    endloop
  endfacet
  facet normal 0.442621 0.896709 -0
    outer loop
      vertex -69.0827 -12.4239 0
      vertex -69.2 -12.366 2.4
      vertex -69.0827 -12.4239 2.4
    endloop
  endfacet
  facet normal 0.442621 0.896709 0
    outer loop
      vertex -69.2 -12.366 2.4
      vertex -69.0827 -12.4239 0
      vertex -69.2 -12.366 0
    endloop
  endfacet
  facet normal -0.896709 -0.442621 0
    outer loop
      vertex 49.6239 23.8827 0
      vertex 49.566 24 2.4
      vertex 49.566 24 0
    endloop
  endfacet
  facet normal -0.896709 -0.442621 0
    outer loop
      vertex 49.566 24 2.4
      vertex 49.6239 23.8827 0
      vertex 49.6239 23.8827 2.4
    endloop
  endfacet
  facet normal -0.947066 -0.321039 0
    outer loop
      vertex 49.6659 23.7588 0
      vertex 49.6239 23.8827 2.4
      vertex 49.6239 23.8827 0
    endloop
  endfacet
  facet normal -0.947066 -0.321039 0
    outer loop
      vertex 49.6239 23.8827 2.4
      vertex 49.6659 23.7588 0
      vertex 49.6659 23.7588 2.4
    endloop
  endfacet
  facet normal -0.659749 -0.751486 0
    outer loop
      vertex 49.3088 24.2934 0
      vertex 49.4071 24.2071 2.4
      vertex 49.3088 24.2934 2.4
    endloop
  endfacet
  facet normal -0.659749 -0.751486 -0
    outer loop
      vertex 49.4071 24.2071 2.4
      vertex 49.3088 24.2934 0
      vertex 49.4071 24.2071 0
    endloop
  endfacet
  facet normal -0.896709 0.442621 0
    outer loop
      vertex 49.566 -12 0
      vertex 49.6239 -11.8827 2.4
      vertex 49.6239 -11.8827 0
    endloop
  endfacet
  facet normal -0.896709 0.442621 0
    outer loop
      vertex 49.6239 -11.8827 2.4
      vertex 49.566 -12 0
      vertex 49.566 -12 2.4
    endloop
  endfacet
  facet normal -0.980815 0.19494 0
    outer loop
      vertex 49.6659 -11.7588 0
      vertex 49.6914 -11.6305 2.4
      vertex 49.6914 -11.6305 0
    endloop
  endfacet
  facet normal -0.980815 0.19494 0
    outer loop
      vertex 49.6914 -11.6305 2.4
      vertex 49.6659 -11.7588 0
      vertex 49.6659 -11.7588 2.4
    endloop
  endfacet
  facet normal -0.751866 0.659316 0
    outer loop
      vertex 49.4071 -12.2071 0
      vertex 49.4933 -12.1088 2.4
      vertex 49.4933 -12.1088 0
    endloop
  endfacet
  facet normal -0.751866 0.659316 0
    outer loop
      vertex 49.4933 -12.1088 2.4
      vertex 49.4071 -12.2071 0
      vertex 49.4071 -12.2071 2.4
    endloop
  endfacet
  facet normal -0.442621 0.896709 0
    outer loop
      vertex 49.2 -12.366 0
      vertex 49.0827 -12.4239 2.4
      vertex 49.2 -12.366 2.4
    endloop
  endfacet
  facet normal -0.442621 0.896709 0
    outer loop
      vertex 49.0827 -12.4239 2.4
      vertex 49.2 -12.366 0
      vertex 49.0827 -12.4239 0
    endloop
  endfacet
  facet normal 0.980815 0.19494 0
    outer loop
      vertex -69.6659 -11.7588 2.4
      vertex -69.6914 -11.6305 0
      vertex -69.6914 -11.6305 2.4
    endloop
  endfacet
  facet normal 0.980815 0.19494 0
    outer loop
      vertex -69.6914 -11.6305 0
      vertex -69.6659 -11.7588 2.4
      vertex -69.6659 -11.7588 0
    endloop
  endfacet
  facet normal 0.831462 0.555582 0
    outer loop
      vertex -69.4933 -12.1088 2.4
      vertex -69.566 -12 0
      vertex -69.566 -12 2.4
    endloop
  endfacet
  facet normal 0.831462 0.555582 0
    outer loop
      vertex -69.566 -12 0
      vertex -69.4933 -12.1088 2.4
      vertex -69.4933 -12.1088 0
    endloop
  endfacet
  facet normal 0.896709 0.442621 0
    outer loop
      vertex -69.566 -12 2.4
      vertex -69.6239 -11.8827 0
      vertex -69.6239 -11.8827 2.4
    endloop
  endfacet
  facet normal 0.896709 0.442621 0
    outer loop
      vertex -69.6239 -11.8827 0
      vertex -69.566 -12 2.4
      vertex -69.566 -12 0
    endloop
  endfacet
  facet normal 0.947066 0.321039 0
    outer loop
      vertex -69.6239 -11.8827 2.4
      vertex -69.6659 -11.7588 0
      vertex -69.6659 -11.7588 2.4
    endloop
  endfacet
  facet normal 0.947066 0.321039 0
    outer loop
      vertex -69.6659 -11.7588 0
      vertex -69.6239 -11.8827 2.4
      vertex -69.6239 -11.8827 0
    endloop
  endfacet
  facet normal 0.321039 0.947066 -0
    outer loop
      vertex -68.9588 -12.4659 0
      vertex -69.0827 -12.4239 2.4
      vertex -68.9588 -12.4659 2.4
    endloop
  endfacet
  facet normal 0.321039 0.947066 0
    outer loop
      vertex -69.0827 -12.4239 2.4
      vertex -68.9588 -12.4659 0
      vertex -69.0827 -12.4239 0
    endloop
  endfacet
  facet normal -0.947066 0.321039 0
    outer loop
      vertex 49.6239 -11.8827 0
      vertex 49.6659 -11.7588 2.4
      vertex 49.6659 -11.7588 0
    endloop
  endfacet
  facet normal -0.947066 0.321039 0
    outer loop
      vertex 49.6659 -11.7588 2.4
      vertex 49.6239 -11.8827 0
      vertex 49.6239 -11.8827 2.4
    endloop
  endfacet
  facet normal -0.555053 0.831815 0
    outer loop
      vertex 49.3088 -12.2934 0
      vertex 49.2 -12.366 2.4
      vertex 49.3088 -12.2934 2.4
    endloop
  endfacet
  facet normal -0.555053 0.831815 0
    outer loop
      vertex 49.2 -12.366 2.4
      vertex 49.3088 -12.2934 0
      vertex 49.2 -12.366 0
    endloop
  endfacet
  facet normal -0.659749 0.751486 0
    outer loop
      vertex 49.4071 -12.2071 0
      vertex 49.3088 -12.2934 2.4
      vertex 49.4071 -12.2071 2.4
    endloop
  endfacet
  facet normal -0.659749 0.751486 0
    outer loop
      vertex 49.3088 -12.2934 2.4
      vertex 49.4071 -12.2071 0
      vertex 49.3088 -12.2934 0
    endloop
  endfacet
  facet normal 0.555053 0.831815 -0
    outer loop
      vertex -69.2 -12.366 0
      vertex -69.3088 -12.2934 2.4
      vertex -69.2 -12.366 2.4
    endloop
  endfacet
  facet normal 0.555053 0.831815 0
    outer loop
      vertex -69.3088 -12.2934 2.4
      vertex -69.2 -12.366 0
      vertex -69.3088 -12.2934 0
    endloop
  endfacet
  facet normal -0.321039 -0.947066 0
    outer loop
      vertex 58.6588 29.3659 -3
      vertex 58.7827 29.3239 0
      vertex 58.6588 29.3659 0
    endloop
  endfacet
  facet normal -0.321039 -0.947066 -0
    outer loop
      vertex 58.7827 29.3239 0
      vertex 58.6588 29.3659 -3
      vertex 58.7827 29.3239 -3
    endloop
  endfacet
  facet normal 0.751866 -0.659316 0
    outer loop
      vertex -79.1933 29.0088 0
      vertex -79.1071 29.1071 -3
      vertex -79.1071 29.1071 0
    endloop
  endfacet
  facet normal 0.751866 -0.659316 0
    outer loop
      vertex -79.1071 29.1071 -3
      vertex -79.1933 29.0088 0
      vertex -79.1933 29.0088 -3
    endloop
  endfacet
  facet normal 0 -1 0
    outer loop
      vertex -78.4 29.4 -3
      vertex 58.4 29.4 0
      vertex -78.4 29.4 0
    endloop
  endfacet
  facet normal 0 -1 -0
    outer loop
      vertex 58.4 29.4 0
      vertex -78.4 29.4 -3
      vertex 58.4 29.4 -3
    endloop
  endfacet
  facet normal 0.19494 -0.980815 0
    outer loop
      vertex -78.6588 29.3659 -3
      vertex -78.5305 29.3914 0
      vertex -78.6588 29.3659 0
    endloop
  endfacet
  facet normal 0.19494 -0.980815 0
    outer loop
      vertex -78.5305 29.3914 0
      vertex -78.6588 29.3659 -3
      vertex -78.5305 29.3914 -3
    endloop
  endfacet
  facet normal -0.0657577 -0.997836 0
    outer loop
      vertex 58.4 29.4 -3
      vertex 58.5305 29.3914 0
      vertex 58.4 29.4 0
    endloop
  endfacet
  facet normal -0.0657577 -0.997836 -0
    outer loop
      vertex 58.5305 29.3914 0
      vertex 58.4 29.4 -3
      vertex 58.5305 29.3914 -3
    endloop
  endfacet
  facet normal -0.19494 -0.980815 0
    outer loop
      vertex 58.5305 29.3914 -3
      vertex 58.6588 29.3659 0
      vertex 58.5305 29.3914 0
    endloop
  endfacet
  facet normal -0.19494 -0.980815 -0
    outer loop
      vertex 58.6588 29.3659 0
      vertex 58.5305 29.3914 -3
      vertex 58.6588 29.3659 -3
    endloop
  endfacet
  facet normal -0.831462 -0.555582 0
    outer loop
      vertex 59.266 28.9 -3
      vertex 59.1933 29.0088 0
      vertex 59.1933 29.0088 -3
    endloop
  endfacet
  facet normal -0.831462 -0.555582 0
    outer loop
      vertex 59.1933 29.0088 0
      vertex 59.266 28.9 -3
      vertex 59.266 28.9 0
    endloop
  endfacet
  facet normal 0.321039 -0.947066 0
    outer loop
      vertex -78.7827 29.3239 -3
      vertex -78.6588 29.3659 0
      vertex -78.7827 29.3239 0
    endloop
  endfacet
  facet normal 0.321039 -0.947066 0
    outer loop
      vertex -78.6588 29.3659 0
      vertex -78.7827 29.3239 -3
      vertex -78.6588 29.3659 -3
    endloop
  endfacet
  facet normal 0.0657577 -0.997836 0
    outer loop
      vertex -78.5305 29.3914 -3
      vertex -78.4 29.4 0
      vertex -78.5305 29.3914 0
    endloop
  endfacet
  facet normal 0.0657577 -0.997836 0
    outer loop
      vertex -78.4 29.4 0
      vertex -78.5305 29.3914 -3
      vertex -78.4 29.4 -3
    endloop
  endfacet
  facet normal 0.831462 -0.555582 0
    outer loop
      vertex -79.266 28.9 0
      vertex -79.1933 29.0088 -3
      vertex -79.1933 29.0088 0
    endloop
  endfacet
  facet normal 0.831462 -0.555582 0
    outer loop
      vertex -79.1933 29.0088 -3
      vertex -79.266 28.9 0
      vertex -79.266 28.9 -3
    endloop
  endfacet
  facet normal -0.896924 -0.442184 0
    outer loop
      vertex 59.3153 28.8 -3
      vertex 59.266 28.9 0
      vertex 59.266 28.9 -3
    endloop
  endfacet
  facet normal -0.896924 -0.442184 0
    outer loop
      vertex 59.266 28.9 0
      vertex 59.3153 28.8 -3
      vertex 59.3153 28.8 0
    endloop
  endfacet
  facet normal -0.751866 -0.659316 0
    outer loop
      vertex 59.1933 29.0088 -3
      vertex 59.1071 29.1071 0
      vertex 59.1071 29.1071 -3
    endloop
  endfacet
  facet normal -0.751866 -0.659316 0
    outer loop
      vertex 59.1071 29.1071 0
      vertex 59.1933 29.0088 -3
      vertex 59.1933 29.0088 0
    endloop
  endfacet
  facet normal -0.442621 -0.896709 0
    outer loop
      vertex 58.7827 29.3239 -3
      vertex 58.9 29.266 0
      vertex 58.7827 29.3239 0
    endloop
  endfacet
  facet normal -0.442621 -0.896709 -0
    outer loop
      vertex 58.9 29.266 0
      vertex 58.7827 29.3239 -3
      vertex 58.9 29.266 -3
    endloop
  endfacet
  facet normal 0.442621 -0.896709 0
    outer loop
      vertex -78.9 29.266 -3
      vertex -78.7827 29.3239 0
      vertex -78.9 29.266 0
    endloop
  endfacet
  facet normal 0.442621 -0.896709 0
    outer loop
      vertex -78.7827 29.3239 0
      vertex -78.9 29.266 -3
      vertex -78.7827 29.3239 -3
    endloop
  endfacet
  facet normal 0.659316 -0.751866 0
    outer loop
      vertex -79.1071 29.1071 -3
      vertex -79.0088 29.1933 0
      vertex -79.1071 29.1071 0
    endloop
  endfacet
  facet normal 0.659316 -0.751866 0
    outer loop
      vertex -79.0088 29.1933 0
      vertex -79.1071 29.1071 -3
      vertex -79.0088 29.1933 -3
    endloop
  endfacet
  facet normal 0.896924 -0.442184 0
    outer loop
      vertex -79.3153 28.8 0
      vertex -79.266 28.9 -3
      vertex -79.266 28.9 0
    endloop
  endfacet
  facet normal 0.896924 -0.442184 0
    outer loop
      vertex -79.266 28.9 -3
      vertex -79.3153 28.8 0
      vertex -79.3153 28.8 -3
    endloop
  endfacet
  facet normal -0.659316 -0.751866 0
    outer loop
      vertex 59.0088 29.1933 -3
      vertex 59.1071 29.1071 0
      vertex 59.0088 29.1933 0
    endloop
  endfacet
  facet normal -0.659316 -0.751866 -0
    outer loop
      vertex 59.1071 29.1071 0
      vertex 59.0088 29.1933 -3
      vertex 59.1071 29.1071 -3
    endloop
  endfacet
  facet normal -0.555582 -0.831462 0
    outer loop
      vertex 58.9 29.266 -3
      vertex 59.0088 29.1933 0
      vertex 58.9 29.266 0
    endloop
  endfacet
  facet normal -0.555582 -0.831462 -0
    outer loop
      vertex 59.0088 29.1933 0
      vertex 58.9 29.266 -3
      vertex 59.0088 29.1933 -3
    endloop
  endfacet
  facet normal 0.555582 -0.831462 0
    outer loop
      vertex -79.0088 29.1933 -3
      vertex -78.9 29.266 0
      vertex -79.0088 29.1933 0
    endloop
  endfacet
  facet normal 0.555582 -0.831462 0
    outer loop
      vertex -78.9 29.266 0
      vertex -79.0088 29.1933 -3
      vertex -78.9 29.266 -3
    endloop
  endfacet
  facet normal -0.997861 -0.0653641 0
    outer loop
      vertex 74 0 0
      vertex 73.9658 0.522104 2.4
      vertex 73.9658 0.522104 0
    endloop
  endfacet
  facet normal -0.997861 -0.0653641 0
    outer loop
      vertex 73.9658 0.522104 2.4
      vertex 74 0 0
      vertex 74 0 2.4
    endloop
  endfacet
  facet normal 0.0654027 -0.997859 0
    outer loop
      vertex 69.4779 3.96578 0
      vertex 70 4 2.4
      vertex 69.4779 3.96578 2.4
    endloop
  endfacet
  facet normal 0.0654027 -0.997859 0
    outer loop
      vertex 70 4 2.4
      vertex 69.4779 3.96578 0
      vertex 70 4 0
    endloop
  endfacet
  facet normal -0.659321 -0.751861 0
    outer loop
      vertex 72.435 3.17341 0
      vertex 72.8284 2.82843 2.4
      vertex 72.435 3.17341 2.4
    endloop
  endfacet
  facet normal -0.659321 -0.751861 -0
    outer loop
      vertex 72.8284 2.82843 2.4
      vertex 72.435 3.17341 0
      vertex 72.8284 2.82843 0
    endloop
  endfacet
  facet normal 0.751826 -0.659362 0
    outer loop
      vertex 66.8266 2.43505 2.4
      vertex 67.1716 2.82843 0
      vertex 67.1716 2.82843 2.4
    endloop
  endfacet
  facet normal 0.751826 -0.659362 0
    outer loop
      vertex 67.1716 2.82843 0
      vertex 66.8266 2.43505 2.4
      vertex 66.8266 2.43505 0
    endloop
  endfacet
  facet normal 0.442268 -0.896883 0
    outer loop
      vertex 68 3.4641 0
      vertex 68.4693 3.69552 2.4
      vertex 68 3.4641 2.4
    endloop
  endfacet
  facet normal 0.442268 -0.896883 0
    outer loop
      vertex 68.4693 3.69552 2.4
      vertex 68 3.4641 0
      vertex 68.4693 3.69552 0
    endloop
  endfacet
  facet normal -0.831462 0.555582 0
    outer loop
      vertex 73.1734 -2.43505 0
      vertex 73.4641 -2 2.4
      vertex 73.4641 -2 0
    endloop
  endfacet
  facet normal -0.831462 0.555582 0
    outer loop
      vertex 73.4641 -2 2.4
      vertex 73.1734 -2.43505 0
      vertex 73.1734 -2.43505 2.4
    endloop
  endfacet
  facet normal -0.896887 -0.44226 0
    outer loop
      vertex 73.6955 1.53073 0
      vertex 73.4641 2 2.4
      vertex 73.4641 2 0
    endloop
  endfacet
  facet normal -0.896887 -0.44226 0
    outer loop
      vertex 73.4641 2 2.4
      vertex 73.6955 1.53073 0
      vertex 73.6955 1.53073 2.4
    endloop
  endfacet
  facet normal -0.831462 -0.555582 0
    outer loop
      vertex 73.4641 2 0
      vertex 73.1734 2.43505 2.4
      vertex 73.1734 2.43505 0
    endloop
  endfacet
  facet normal -0.831462 -0.555582 0
    outer loop
      vertex 73.1734 2.43505 2.4
      vertex 73.4641 2 0
      vertex 73.4641 2 2.4
    endloop
  endfacet
  facet normal -0.321464 -0.946922 0
    outer loop
      vertex 71.0353 3.8637 0
      vertex 71.5307 3.69552 2.4
      vertex 71.0353 3.8637 2.4
    endloop
  endfacet
  facet normal -0.321464 -0.946922 -0
    outer loop
      vertex 71.5307 3.69552 2.4
      vertex 71.0353 3.8637 0
      vertex 71.5307 3.69552 0
    endloop
  endfacet
  facet normal -0.555613 -0.831441 0
    outer loop
      vertex 72 3.4641 0
      vertex 72.435 3.17341 2.4
      vertex 72 3.4641 2.4
    endloop
  endfacet
  facet normal -0.555613 -0.831441 -0
    outer loop
      vertex 72.435 3.17341 2.4
      vertex 72 3.4641 0
      vertex 72.435 3.17341 0
    endloop
  endfacet
  facet normal 0.94692 -0.321469 0
    outer loop
      vertex 66.1363 1.03528 2.4
      vertex 66.3045 1.53073 0
      vertex 66.3045 1.53073 2.4
    endloop
  endfacet
  facet normal 0.94692 -0.321469 0
    outer loop
      vertex 66.3045 1.53073 0
      vertex 66.1363 1.03528 2.4
      vertex 66.1363 1.03528 0
    endloop
  endfacet
  facet normal 0.896887 -0.44226 0
    outer loop
      vertex 66.3045 1.53073 2.4
      vertex 66.5359 2 0
      vertex 66.5359 2 2.4
    endloop
  endfacet
  facet normal 0.896887 -0.44226 0
    outer loop
      vertex 66.5359 2 0
      vertex 66.3045 1.53073 2.4
      vertex 66.3045 1.53073 0
    endloop
  endfacet
  facet normal 0.980777 -0.195133 0
    outer loop
      vertex 66.0342 0.522104 2.4
      vertex 66.1363 1.03528 0
      vertex 66.1363 1.03528 2.4
    endloop
  endfacet
  facet normal 0.980777 -0.195133 0
    outer loop
      vertex 66.1363 1.03528 0
      vertex 66.0342 0.522104 2.4
      vertex 66.0342 0.522104 0
    endloop
  endfacet
  facet normal 0.997861 0.0653641 0
    outer loop
      vertex 66.0342 -0.522104 2.4
      vertex 66 0 0
      vertex 66 0 2.4
    endloop
  endfacet
  facet normal 0.997861 0.0653641 0
    outer loop
      vertex 66 0 0
      vertex 66.0342 -0.522104 2.4
      vertex 66.0342 -0.522104 0
    endloop
  endfacet
  facet normal 0.555613 -0.831441 0
    outer loop
      vertex 67.565 3.17341 0
      vertex 68 3.4641 2.4
      vertex 67.565 3.17341 2.4
    endloop
  endfacet
  facet normal 0.555613 -0.831441 0
    outer loop
      vertex 68 3.4641 2.4
      vertex 67.565 3.17341 0
      vertex 68 3.4641 0
    endloop
  endfacet
  facet normal 0.195087 -0.980786 0
    outer loop
      vertex 68.9647 3.8637 0
      vertex 69.4779 3.96578 2.4
      vertex 68.9647 3.8637 2.4
    endloop
  endfacet
  facet normal 0.195087 -0.980786 0
    outer loop
      vertex 69.4779 3.96578 2.4
      vertex 68.9647 3.8637 0
      vertex 69.4779 3.96578 0
    endloop
  endfacet
  facet normal -0.997861 0.0653641 0
    outer loop
      vertex 73.9658 -0.522104 0
      vertex 74 0 2.4
      vertex 74 0 0
    endloop
  endfacet
  facet normal -0.997861 0.0653641 0
    outer loop
      vertex 74 0 2.4
      vertex 73.9658 -0.522104 0
      vertex 73.9658 -0.522104 2.4
    endloop
  endfacet
  facet normal 0.195087 0.980786 -0
    outer loop
      vertex 69.4779 -3.96578 0
      vertex 68.9647 -3.8637 2.4
      vertex 69.4779 -3.96578 2.4
    endloop
  endfacet
  facet normal 0.195087 0.980786 0
    outer loop
      vertex 68.9647 -3.8637 2.4
      vertex 69.4779 -3.96578 0
      vertex 68.9647 -3.8637 0
    endloop
  endfacet
  facet normal -0.195087 0.980786 0
    outer loop
      vertex 71.0353 -3.8637 0
      vertex 70.5221 -3.96578 2.4
      vertex 71.0353 -3.8637 2.4
    endloop
  endfacet
  facet normal -0.195087 0.980786 0
    outer loop
      vertex 70.5221 -3.96578 2.4
      vertex 71.0353 -3.8637 0
      vertex 70.5221 -3.96578 0
    endloop
  endfacet
  facet normal -0.94692 -0.321469 0
    outer loop
      vertex 73.8637 1.03528 0
      vertex 73.6955 1.53073 2.4
      vertex 73.6955 1.53073 0
    endloop
  endfacet
  facet normal -0.94692 -0.321469 0
    outer loop
      vertex 73.6955 1.53073 2.4
      vertex 73.8637 1.03528 0
      vertex 73.8637 1.03528 2.4
    endloop
  endfacet
  facet normal -0.980777 -0.195133 0
    outer loop
      vertex 73.9658 0.522104 0
      vertex 73.8637 1.03528 2.4
      vertex 73.8637 1.03528 0
    endloop
  endfacet
  facet normal -0.980777 -0.195133 0
    outer loop
      vertex 73.8637 1.03528 2.4
      vertex 73.9658 0.522104 0
      vertex 73.9658 0.522104 2.4
    endloop
  endfacet
  facet normal -0.751826 -0.659362 0
    outer loop
      vertex 73.1734 2.43505 0
      vertex 72.8284 2.82843 2.4
      vertex 72.8284 2.82843 0
    endloop
  endfacet
  facet normal -0.751826 -0.659362 0
    outer loop
      vertex 72.8284 2.82843 2.4
      vertex 73.1734 2.43505 0
      vertex 73.1734 2.43505 2.4
    endloop
  endfacet
  facet normal -0.195087 -0.980786 0
    outer loop
      vertex 70.5221 3.96578 0
      vertex 71.0353 3.8637 2.4
      vertex 70.5221 3.96578 2.4
    endloop
  endfacet
  facet normal -0.195087 -0.980786 -0
    outer loop
      vertex 71.0353 3.8637 2.4
      vertex 70.5221 3.96578 0
      vertex 71.0353 3.8637 0
    endloop
  endfacet
  facet normal -0.0654027 -0.997859 0
    outer loop
      vertex 70 4 0
      vertex 70.5221 3.96578 2.4
      vertex 70 4 2.4
    endloop
  endfacet
  facet normal -0.0654027 -0.997859 -0
    outer loop
      vertex 70.5221 3.96578 2.4
      vertex 70 4 0
      vertex 70.5221 3.96578 0
    endloop
  endfacet
  facet normal -0.442268 -0.896883 0
    outer loop
      vertex 71.5307 3.69552 0
      vertex 72 3.4641 2.4
      vertex 71.5307 3.69552 2.4
    endloop
  endfacet
  facet normal -0.442268 -0.896883 -0
    outer loop
      vertex 72 3.4641 2.4
      vertex 71.5307 3.69552 0
      vertex 72 3.4641 0
    endloop
  endfacet
  facet normal 0.321464 -0.946922 0
    outer loop
      vertex 68.4693 3.69552 0
      vertex 68.9647 3.8637 2.4
      vertex 68.4693 3.69552 2.4
    endloop
  endfacet
  facet normal 0.321464 -0.946922 0
    outer loop
      vertex 68.9647 3.8637 2.4
      vertex 68.4693 3.69552 0
      vertex 68.9647 3.8637 0
    endloop
  endfacet
  facet normal -0.555613 0.831441 0
    outer loop
      vertex 72.435 -3.17341 0
      vertex 72 -3.4641 2.4
      vertex 72.435 -3.17341 2.4
    endloop
  endfacet
  facet normal -0.555613 0.831441 0
    outer loop
      vertex 72 -3.4641 2.4
      vertex 72.435 -3.17341 0
      vertex 72 -3.4641 0
    endloop
  endfacet
  facet normal -0.94692 0.321469 0
    outer loop
      vertex 73.6955 -1.53073 0
      vertex 73.8637 -1.03528 2.4
      vertex 73.8637 -1.03528 0
    endloop
  endfacet
  facet normal -0.94692 0.321469 0
    outer loop
      vertex 73.8637 -1.03528 2.4
      vertex 73.6955 -1.53073 0
      vertex 73.6955 -1.53073 2.4
    endloop
  endfacet
  facet normal -0.896887 0.44226 0
    outer loop
      vertex 73.4641 -2 0
      vertex 73.6955 -1.53073 2.4
      vertex 73.6955 -1.53073 0
    endloop
  endfacet
  facet normal -0.896887 0.44226 0
    outer loop
      vertex 73.6955 -1.53073 2.4
      vertex 73.4641 -2 0
      vertex 73.4641 -2 2.4
    endloop
  endfacet
  facet normal 0.321464 0.946922 -0
    outer loop
      vertex 68.9647 -3.8637 0
      vertex 68.4693 -3.69552 2.4
      vertex 68.9647 -3.8637 2.4
    endloop
  endfacet
  facet normal 0.321464 0.946922 0
    outer loop
      vertex 68.4693 -3.69552 2.4
      vertex 68.9647 -3.8637 0
      vertex 68.4693 -3.69552 0
    endloop
  endfacet
  facet normal 0.831462 0.555582 0
    outer loop
      vertex 66.8266 -2.43505 2.4
      vertex 66.5359 -2 0
      vertex 66.5359 -2 2.4
    endloop
  endfacet
  facet normal 0.831462 0.555582 0
    outer loop
      vertex 66.5359 -2 0
      vertex 66.8266 -2.43505 2.4
      vertex 66.8266 -2.43505 0
    endloop
  endfacet
  facet normal 0.896887 0.44226 0
    outer loop
      vertex 66.5359 -2 2.4
      vertex 66.3045 -1.53073 0
      vertex 66.3045 -1.53073 2.4
    endloop
  endfacet
  facet normal 0.896887 0.44226 0
    outer loop
      vertex 66.3045 -1.53073 0
      vertex 66.5359 -2 2.4
      vertex 66.5359 -2 0
    endloop
  endfacet
  facet normal -0.442268 0.896883 0
    outer loop
      vertex 72 -3.4641 0
      vertex 71.5307 -3.69552 2.4
      vertex 72 -3.4641 2.4
    endloop
  endfacet
  facet normal -0.442268 0.896883 0
    outer loop
      vertex 71.5307 -3.69552 2.4
      vertex 72 -3.4641 0
      vertex 71.5307 -3.69552 0
    endloop
  endfacet
  facet normal -0.321464 0.946922 0
    outer loop
      vertex 71.5307 -3.69552 0
      vertex 71.0353 -3.8637 2.4
      vertex 71.5307 -3.69552 2.4
    endloop
  endfacet
  facet normal -0.321464 0.946922 0
    outer loop
      vertex 71.0353 -3.8637 2.4
      vertex 71.5307 -3.69552 0
      vertex 71.0353 -3.8637 0
    endloop
  endfacet
  facet normal 0.831462 -0.555582 0
    outer loop
      vertex 66.5359 2 2.4
      vertex 66.8266 2.43505 0
      vertex 66.8266 2.43505 2.4
    endloop
  endfacet
  facet normal 0.831462 -0.555582 0
    outer loop
      vertex 66.8266 2.43505 0
      vertex 66.5359 2 2.4
      vertex 66.5359 2 0
    endloop
  endfacet
  facet normal 0.997861 -0.0653641 0
    outer loop
      vertex 66 0 2.4
      vertex 66.0342 0.522104 0
      vertex 66.0342 0.522104 2.4
    endloop
  endfacet
  facet normal 0.997861 -0.0653641 0
    outer loop
      vertex 66.0342 0.522104 0
      vertex 66 0 2.4
      vertex 66 0 0
    endloop
  endfacet
  facet normal 0.659321 -0.751861 0
    outer loop
      vertex 67.1716 2.82843 0
      vertex 67.565 3.17341 2.4
      vertex 67.1716 2.82843 2.4
    endloop
  endfacet
  facet normal 0.659321 -0.751861 0
    outer loop
      vertex 67.565 3.17341 2.4
      vertex 67.1716 2.82843 0
      vertex 67.565 3.17341 0
    endloop
  endfacet
  facet normal -0.980777 0.195133 0
    outer loop
      vertex 73.8637 -1.03528 0
      vertex 73.9658 -0.522104 2.4
      vertex 73.9658 -0.522104 0
    endloop
  endfacet
  facet normal -0.980777 0.195133 0
    outer loop
      vertex 73.9658 -0.522104 2.4
      vertex 73.8637 -1.03528 0
      vertex 73.8637 -1.03528 2.4
    endloop
  endfacet
  facet normal 0.0654027 0.997859 -0
    outer loop
      vertex 70 -4 0
      vertex 69.4779 -3.96578 2.4
      vertex 70 -4 2.4
    endloop
  endfacet
  facet normal 0.0654027 0.997859 0
    outer loop
      vertex 69.4779 -3.96578 2.4
      vertex 70 -4 0
      vertex 69.4779 -3.96578 0
    endloop
  endfacet
  facet normal 0.980777 0.195133 0
    outer loop
      vertex 66.1363 -1.03528 2.4
      vertex 66.0342 -0.522104 0
      vertex 66.0342 -0.522104 2.4
    endloop
  endfacet
  facet normal 0.980777 0.195133 0
    outer loop
      vertex 66.0342 -0.522104 0
      vertex 66.1363 -1.03528 2.4
      vertex 66.1363 -1.03528 0
    endloop
  endfacet
  facet normal -0.659321 0.751861 0
    outer loop
      vertex 72.8284 -2.82843 0
      vertex 72.435 -3.17341 2.4
      vertex 72.8284 -2.82843 2.4
    endloop
  endfacet
  facet normal -0.659321 0.751861 0
    outer loop
      vertex 72.435 -3.17341 2.4
      vertex 72.8284 -2.82843 0
      vertex 72.435 -3.17341 0
    endloop
  endfacet
  facet normal -0.751826 0.659362 0
    outer loop
      vertex 72.8284 -2.82843 0
      vertex 73.1734 -2.43505 2.4
      vertex 73.1734 -2.43505 0
    endloop
  endfacet
  facet normal -0.751826 0.659362 0
    outer loop
      vertex 73.1734 -2.43505 2.4
      vertex 72.8284 -2.82843 0
      vertex 72.8284 -2.82843 2.4
    endloop
  endfacet
  facet normal -0.0654027 0.997859 0
    outer loop
      vertex 70.5221 -3.96578 0
      vertex 70 -4 2.4
      vertex 70.5221 -3.96578 2.4
    endloop
  endfacet
  facet normal -0.0654027 0.997859 0
    outer loop
      vertex 70 -4 2.4
      vertex 70.5221 -3.96578 0
      vertex 70 -4 0
    endloop
  endfacet
  facet normal 0.555613 0.831441 -0
    outer loop
      vertex 68 -3.4641 0
      vertex 67.565 -3.17341 2.4
      vertex 68 -3.4641 2.4
    endloop
  endfacet
  facet normal 0.555613 0.831441 0
    outer loop
      vertex 67.565 -3.17341 2.4
      vertex 68 -3.4641 0
      vertex 67.565 -3.17341 0
    endloop
  endfacet
  facet normal 0.442268 0.896883 -0
    outer loop
      vertex 68.4693 -3.69552 0
      vertex 68 -3.4641 2.4
      vertex 68.4693 -3.69552 2.4
    endloop
  endfacet
  facet normal 0.442268 0.896883 0
    outer loop
      vertex 68 -3.4641 2.4
      vertex 68.4693 -3.69552 0
      vertex 68 -3.4641 0
    endloop
  endfacet
  facet normal 0.659321 0.751861 -0
    outer loop
      vertex 67.565 -3.17341 0
      vertex 67.1716 -2.82843 2.4
      vertex 67.565 -3.17341 2.4
    endloop
  endfacet
  facet normal 0.659321 0.751861 0
    outer loop
      vertex 67.1716 -2.82843 2.4
      vertex 67.565 -3.17341 0
      vertex 67.1716 -2.82843 0
    endloop
  endfacet
  facet normal 0.751826 0.659362 0
    outer loop
      vertex 67.1716 -2.82843 2.4
      vertex 66.8266 -2.43505 0
      vertex 66.8266 -2.43505 2.4
    endloop
  endfacet
  facet normal 0.751826 0.659362 0
    outer loop
      vertex 66.8266 -2.43505 0
      vertex 67.1716 -2.82843 2.4
      vertex 67.1716 -2.82843 0
    endloop
  endfacet
  facet normal 0.94692 0.321469 0
    outer loop
      vertex 66.3045 -1.53073 2.4
      vertex 66.1363 -1.03528 0
      vertex 66.1363 -1.03528 2.4
    endloop
  endfacet
  facet normal 0.94692 0.321469 0
    outer loop
      vertex 66.1363 -1.03528 0
      vertex 66.3045 -1.53073 2.4
      vertex 66.3045 -1.53073 0
    endloop
  endfacet
endsolid OpenSCAD_Model
